N,Interpolacao,Binario,Sentinela,Sequencial
1,4,2,2,2
2,5,5,3,4
3,5,5,2,2
4,5,2,2,2
5,5,2,3,4
6,5,8,3,4
7,5,8,6,10
8,11,8,8,14
9,5,5,8,14
10,5,2,3,4
11,5,8,2,2
12,11,8,8,14
13,5,5,3,4
14,11,2,7,12
15,11,2,9,16
16,11,2,8,14
17,5,2,10,18
18,11,5,14,26
19,11,11,7,12
20,5,8,3,4
21,11,5,5,8
22,11,8,3,4
23,5,8,21,40
24,5,8,15,28
25,11,11,18,34
26,5,8,10,18
27,5,8,25,48
28,11,11,9,16
29,11,11,6,10
30,5,14,13,24
31,11,8,21,40
32,5,14,20,38
33,5,8,20,38
34,11,8,30,58
35,5,17,27,52
36,11,5,10,18
37,11,8,24,46
38,23,8,23,44
39,11,11,8,14
40,5,11,38,74
41,5,14,9,16
42,5,11,17,32
43,11,11,9,16
44,5,8,5,8
45,11,8,6,10
46,11,14,40,78
47,5,11,16,30
48,11,8,41,80
49,5,8,30,58
50,11,14,23,44
51,11,11,10,18
52,11,14,11,20
53,11,8,20,38
54,5,8,32,62
55,11,14,13,24
56,11,14,37,72
57,5,11,4,6
58,11,14,20,38
59,11,14,47,92
60,11,17,43,84
61,11,14,25,48
62,17,17,3,4
63,5,14,62,122
64,11,2,33,64
65,11,14,52,102
66,5,20,67,132
67,11,14,61,120
68,17,11,47,92
69,5,14,2,2
70,11,11,57,112
71,17,11,41,80
72,17,8,46,90
73,23,17,29,56
74,11,14,29,56
75,23,14,60,118
76,5,11,15,28
77,11,17,62,122
78,11,2,37,72
79,23,14,28,54
80,17,14,38,74
81,5,14,80,158
82,11,14,54,106
83,17,17,72,142
84,11,11,16,30
85,11,14,67,132
86,11,2,43,84
87,5,14,64,126
88,35,17,65,128
89,11,20,42,82
90,17,17,49,96
91,11,20,80,158
92,5,17,42,82
93,5,14,33,64
94,17,17,67,132
95,5,20,96,190
96,17,20,87,172
97,11,5,73,144
98,17,14,46,90
99,17,20,84,166
100,11,14,21,40
101,11,14,47,92
102,17,20,80,158
103,5,20,26,50
104,5,17,2,2
105,5,2,52,102
106,5,20,3,4
107,17,14,10,18
108,5,17,108,214
109,5,14,37,72
110,11,5,84,166
111,5,17,54,106
112,11,14,32,62
113,17,20,83,164
114,11,17,106,210
115,5,14,16,30
116,17,14,99,196
117,11,17,9,16
118,17,17,113,224
119,5,17,51,100
120,11,17,115,228
121,17,17,81,160
122,11,5,93,184
123,23,14,81,160
124,17,20,79,156
125,17,17,57,112
126,11,17,34,66
127,23,17,46,90
128,11,17,35,68
129,11,14,5,8
130,11,17,35,68
131,5,17,110,218
132,35,20,39,76
133,17,20,104,206
134,29,8,82,162
135,17,11,43,84
136,11,11,111,220
137,17,20,77,152
138,5,20,94,186
139,11,11,96,190
140,11,11,62,122
141,17,11,9,16
142,11,14,103,204
143,23,14,94,186
144,11,23,27,52
145,17,17,98,194
146,11,20,8,14
147,11,23,138,274
148,11,23,83,164
149,29,17,105,208
150,17,14,90,178
151,17,23,66,130
152,11,8,94,186
153,17,20,90,178
154,5,20,154,306
155,11,11,29,56
156,5,17,135,268
157,11,2,79,156
158,29,17,96,190
159,11,11,90,178
160,11,11,68,134
161,11,20,110,218
162,11,23,111,220
163,5,17,28,54
164,17,20,43,84
165,11,17,157,312
166,11,20,142,282
167,17,20,35,68
168,11,5,43,84
169,5,23,170,338
170,17,17,158,314
171,17,20,103,204
172,11,14,58,114
173,11,11,120,238
174,23,17,30,58
175,11,17,102,202
176,11,14,6,10
177,11,20,26,50
178,11,17,169,336
179,5,20,29,56
180,11,14,62,122
181,23,14,141,280
182,11,17,54,106
183,17,14,61,120
184,17,23,5,8
185,5,11,175,348
186,11,23,34,66
187,17,23,176,350
188,5,20,116,230
189,11,17,103,204
190,5,11,12,22
191,23,14,19,36
192,5,17,39,76
193,11,20,180,358
194,17,5,49,96
195,11,17,151,300
196,17,2,97,192
197,29,11,186,370
198,23,23,158,314
199,17,8,126,250
200,17,8,126,250
201,11,23,15,28
202,5,20,14,26
203,11,8,127,252
204,17,14,57,112
205,5,20,8,14
206,23,23,181,360
207,5,20,200,398
208,17,17,113,224
209,17,14,46,90
210,5,11,197,392
211,11,20,111,220
212,5,17,9,16
213,5,5,54,106
214,29,11,67,132
215,5,20,2,2
216,23,5,163,324
217,23,23,23,44
218,23,17,133,264
219,17,17,8,14
220,23,23,99,196
221,5,20,32,62
222,17,20,218,434
223,11,8,85,168
224,11,17,130,258
225,11,23,7,12
226,5,20,221,440
227,11,14,8,14
228,11,17,81,160
229,11,20,37,72
230,29,17,119,236
231,11,17,16,30
232,23,20,128,254
233,29,17,157,312
234,17,20,226,450
235,23,8,147,292
236,17,14,110,218
237,23,11,73,144
238,11,17,197,392
239,11,23,20,38
240,11,17,132,262
241,17,20,32,62
242,29,17,34,66
243,17,20,66,130
244,17,23,35,68
245,11,23,92,182
246,11,23,233,464
247,17,20,75,148
248,11,20,26,50
249,5,20,209,416
250,17,20,206,410
251,17,20,180,358
252,11,17,218,434
253,17,20,50,98
254,11,23,7,12
255,5,20,70,138
256,23,20,134,266
257,11,17,190,378
258,17,20,114,226
259,17,23,99,196
260,5,14,7,12
261,11,14,25,48
262,11,20,18,34
263,23,23,136,270
264,17,17,160,318
265,23,20,214,426
266,5,14,9,16
267,5,17,13,24
268,11,20,254,506
269,11,17,148,294
270,11,23,77,152
271,11,17,39,76
272,11,17,114,226
273,17,11,85,168
274,23,26,206,410
275,23,17,228,454
276,5,20,101,200
277,29,23,162,322
278,17,23,206,410
279,35,20,120,238
280,5,23,280,558
281,11,17,21,40
282,29,17,146,290
283,17,8,107,212
284,11,14,203,404
285,11,23,171,340
286,11,20,82,162
287,11,8,107,212
288,11,20,209,416
289,17,20,93,184
290,29,14,134,266
291,11,11,199,396
292,11,5,218,434
293,5,14,99,196
294,17,20,278,554
295,17,23,98,194
296,17,8,260,518
297,5,14,195,388
298,11,17,210,418
299,17,17,106,210
300,17,20,142,282
301,5,17,2,2
302,35,20,153,304
303,11,20,21,40
304,17,17,157,312
305,11,17,253,504
306,11,17,273,544
307,23,14,87,172
308,23,14,261,520
309,11,11,251,500
310,5,20,98,194
311,17,20,227,452
312,11,17,73,144
313,11,5,235,468
314,17,20,42,82
315,11,8,39,76
316,11,23,181,360
317,5,20,26,50
318,11,11,177,352
319,17,8,281,560
320,17,26,295,588
321,17,20,183,364
322,29,5,80,158
323,17,23,19,36
324,35,17,107,212
325,17,20,317,632
326,5,17,251,500
327,11,23,321,640
328,23,20,151,300
329,11,14,176,350
330,17,17,98,194
331,17,23,297,592
332,11,14,301,600
333,41,20,154,306
334,17,23,142,282
335,5,20,302,602
336,23,23,77,152
337,11,23,312,622
338,11,17,109,216
339,11,17,16,30
340,35,17,79,156
341,11,17,250,498
342,23,20,92,182
343,5,20,121,240
344,5,23,149,296
345,17,26,32,62
346,11,17,320,638
347,11,23,227,452
348,11,23,9,16
349,11,20,117,232
350,5,17,345,688
351,17,23,312,622
352,17,20,217,432
353,29,17,92,182
354,5,20,329,656
355,11,23,40,78
356,23,23,235,468
357,11,14,190,378
358,17,8,225,448
359,11,23,204,406
360,17,20,278,554
361,5,23,247,492
362,11,23,15,28
363,17,17,346,690
364,17,23,155,308
365,5,20,357,712
366,11,17,316,630
367,5,20,366,730
368,11,23,359,716
369,23,14,148,294
370,29,20,298,594
371,17,17,144,286
372,17,26,57,112
373,5,23,361,720
374,17,26,148,294
375,17,11,118,234
376,11,17,41,80
377,11,17,30,58
378,5,11,24,46
379,23,20,75,148
380,11,23,350,698
381,11,14,274,546
382,11,20,351,700
383,29,14,274,546
384,11,5,289,576
385,11,11,71,140
386,17,23,304,606
387,23,5,98,194
388,11,23,283,564
389,23,26,93,184
390,11,20,88,174
391,11,20,303,604
392,29,20,322,642
393,17,17,117,232
394,23,20,281,560
395,17,23,187,372
396,11,23,72,142
397,11,26,177,352
398,5,14,312,622
399,11,23,392,782
400,5,17,393,784
401,11,17,344,686
402,23,26,184,366
403,17,20,223,444
404,17,17,120,238
405,17,11,127,252
406,17,23,370,738
407,11,5,103,204
408,5,11,280,558
409,5,20,2,2
410,11,17,70,138
411,11,20,368,734
412,17,17,277,552
413,11,26,70,138
414,5,20,405,808
415,17,20,321,640
416,17,20,315,628
417,23,26,306,610
418,23,8,155,308
419,35,23,107,212
420,17,20,21,40
421,11,26,24,46
422,29,20,300,598
423,11,17,231,460
424,11,17,272,542
425,11,20,56,110
426,23,20,109,216
427,23,20,177,352
428,17,20,75,148
429,11,14,200,398
430,29,20,165,328
431,23,20,179,356
432,17,23,224,446
433,17,20,193,384
434,17,23,398,794
435,17,23,319,636
436,17,20,200,398
437,11,17,7,12
438,5,14,314,626
439,17,14,42,82
440,5,23,2,2
441,23,26,200,398
442,11,26,357,712
443,11,26,74,146
444,29,23,137,272
445,23,23,137,272
446,17,23,61,120
447,17,26,245,488
448,23,20,58,114
449,11,23,346,690
450,17,17,388,774
451,17,23,379,756
452,11,14,353,704
453,5,17,318,634
454,29,20,387,772
455,17,20,353,704
456,23,17,335,668
457,17,26,248,494
458,17,14,244,486
459,17,26,182,362
460,17,23,27,52
461,23,14,273,544
462,17,26,216,430
463,23,23,429,856
464,17,20,308,614
465,23,20,316,630
466,17,23,49,96
467,5,26,326,650
468,17,26,120,238
469,17,23,5,8
470,29,20,98,194
471,11,17,435,868
472,23,14,368,734
473,11,23,35,68
474,5,23,171,340
475,29,20,130,258
476,17,20,217,432
477,35,20,78,154
478,11,26,334,666
479,23,14,163,324
480,17,11,391,780
481,11,26,125,248
482,23,17,112,222
483,17,23,369,736
484,23,20,269,536
485,11,20,179,356
486,17,23,103,204
487,17,26,11,20
488,11,26,442,882
489,11,23,274,546
490,29,23,367,732
491,17,17,99,196
492,11,14,76,150
493,23,26,370,738
494,11,17,161,320
495,23,20,392,782
496,11,14,450,898
497,17,23,165,328
498,23,23,271,540
499,23,26,421,840
500,17,20,278,554
501,29,20,340,678
502,23,20,19,36
503,23,20,343,684
504,5,23,471,940
505,11,23,448,894
506,5,20,186,370
507,11,23,312,622
508,11,14,207,412
509,11,23,501,1000
510,11,23,398,794
511,17,23,250,498
512,5,17,297,592
513,11,26,164,326
514,17,26,226,450
515,17,14,467,932
516,17,14,435,868
517,11,14,404,806
518,23,23,236,470
519,11,20,29,56
520,11,23,336,670
521,5,20,379,756
522,11,14,174,346
523,5,23,411,820
524,17,20,267,532
525,29,26,254,506
526,11,23,310,618
527,17,11,166,330
528,17,26,365,728
529,11,23,350,698
530,11,23,93,184
531,5,26,88,174
532,17,20,70,138
533,23,17,158,314
534,11,23,374,746
535,17,14,17,32
536,11,23,169,336
537,5,23,275,548
538,11,14,82,162
539,29,26,535,1068
540,11,23,251,500
541,5,20,3,4
542,17,20,361,720
543,29,17,264,526
544,23,23,439,876
545,29,23,177,352
546,23,26,405,808
547,5,17,144,286
548,23,26,46,90
549,17,17,111,220
550,23,20,39,76
551,11,20,313,624
552,17,26,171,340
553,11,23,314,626
554,17,23,66,130
555,11,23,159,316
556,11,5,139,276
557,11,17,9,16
558,23,26,495,988
559,11,23,523,1044
560,23,14,438,874
561,23,23,204,406
562,17,26,130,258
563,5,26,10,18
564,23,8,70,138
565,17,23,191,380
566,17,23,272,542
567,17,23,65,128
568,11,20,430,858
569,23,14,232,462
570,17,20,272,542
571,11,20,478,954
572,17,23,507,1012
573,23,23,191,380
574,5,26,79,156
575,11,17,387,772
576,17,23,327,652
577,17,14,487,972
578,11,26,345,688
579,5,17,553,1104
580,11,23,469,936
581,23,17,555,1108
582,29,23,516,1030
583,11,20,569,1136
584,17,29,392,782
585,11,20,297,592
586,17,8,367,732
587,17,17,209,416
588,17,20,455,908
589,5,20,493,984
590,35,17,286,570
591,23,20,384,766
592,23,20,319,636
593,17,23,525,1048
594,17,26,445,888
595,17,20,368,734
596,23,23,482,962
597,23,26,437,872
598,11,23,592,1182
599,11,26,20,38
600,23,17,459,916
601,29,23,336,670
602,17,23,529,1056
603,5,26,574,1146
604,11,26,15,28
605,23,5,454,906
606,5,26,430,858
607,17,20,167,332
608,17,17,29,56
609,23,23,455,908
610,23,26,347,692
611,11,29,449,896
612,17,20,512,1022
613,11,20,139,276
614,17,23,198,394
615,23,26,277,552
616,29,23,98,194
617,11,26,278,554
618,11,20,34,66
619,11,20,557,1112
620,29,26,204,406
621,11,26,149,296
622,17,26,37,72
623,17,20,483,964
624,11,17,556,1110
625,11,23,163,324
626,17,17,460,918
627,11,17,599,1196
628,11,26,306,610
629,11,14,137,272
630,17,23,258,514
631,17,29,409,816
632,11,23,383,764
633,11,23,37,72
634,23,26,410,818
635,17,26,76,150
636,11,11,437,872
637,11,20,55,108
638,11,26,178,354
639,23,23,198,394
640,11,5,161,320
641,23,23,23,44
642,11,23,468,934
643,17,26,283,564
644,29,23,567,1132
645,11,14,585,1168
646,17,26,294,586
647,23,23,327,652
648,23,8,405,808
649,17,23,43,84
650,17,23,317,632
651,17,23,405,808
652,11,23,532,1062
653,11,20,155,308
654,23,23,289,576
655,11,23,162,322
656,11,23,244,486
657,11,23,304,606
658,5,23,656,1310
659,5,14,640,1278
660,23,26,574,1146
661,17,11,124,246
662,17,20,616,1230
663,23,26,642,1282
664,17,20,265,528
665,17,29,426,850
666,17,23,174,346
667,5,23,455,908
668,17,29,406,810
669,5,20,665,1328
670,11,26,145,288
671,23,20,552,1102
672,17,20,132,262
673,17,23,66,130
674,29,26,261,520
675,11,23,357,712
676,23,26,70,138
677,29,23,489,976
678,11,20,77,152
679,11,20,366,730
680,17,20,601,1200
681,17,23,471,940
682,17,20,16,30
683,17,20,229,456
684,11,26,227,452
685,5,23,635,1268
686,17,26,108,214
687,5,20,4,6
688,5,20,306,610
689,23,23,358,714
690,29,29,460,918
691,29,26,301,600
692,17,23,234,466
693,17,23,41,80
694,11,23,66,130
695,5,23,35,68
696,23,23,19,36
697,11,11,478,954
698,23,23,286,570
699,17,23,134,266
700,5,17,625,1248
701,11,20,509,1016
702,17,26,471,940
703,23,26,315,628
704,17,23,46,90
705,11,23,278,554
706,5,23,91,180
707,5,20,171,340
708,17,26,438,874
709,11,23,618,1234
710,17,29,66,130
711,35,23,414,826
712,17,23,36,70
713,23,8,267,532
714,5,26,271,540
715,11,23,639,1276
716,23,20,520,1038
717,11,29,97,192
718,17,23,334,666
719,11,20,501,1000
720,11,8,451,900
721,17,23,616,1230
722,11,20,40,78
723,11,23,302,602
724,35,29,404,806
725,17,20,630,1258
726,17,29,240,478
727,17,29,22,42
728,17,26,15,28
729,23,5,183,364
730,17,26,21,40
731,29,20,692,1382
732,11,26,41,80
733,11,23,77,152
734,23,29,502,1002
735,5,26,735,1468
736,35,29,97,192
737,11,26,27,52
738,35,17,264,526
739,17,29,401,800
740,23,29,534,1066
741,5,23,257,512
742,17,20,552,1102
743,17,23,561,1120
744,17,23,631,1260
745,17,29,133,264
746,17,29,401,800
747,23,14,211,420
748,23,26,293,584
749,35,29,339,676
750,17,29,730,1458
751,17,17,647,1292
752,11,14,445,888
753,17,23,615,1228
754,29,20,159,316
755,29,26,261,520
756,17,23,239,476
757,11,26,694,1386
758,11,26,627,1252
759,17,23,591,1180
760,11,23,597,1192
761,11,20,447,892
762,11,23,355,708
763,23,17,60,118
764,11,23,175,348
765,11,8,477,952
766,23,26,475,948
767,11,23,236,470
768,11,26,377,752
769,23,29,144,286
770,11,23,407,812
771,11,26,291,580
772,11,26,315,628
773,17,23,517,1032
774,29,29,562,1122
775,5,26,774,1546
776,17,20,225,448
777,17,23,94,186
778,23,23,386,770
779,5,23,564,1126
780,5,23,509,1016
781,23,14,511,1020
782,17,20,678,1354
783,35,23,626,1250
784,5,20,68,134
785,29,23,347,692
786,17,26,456,910
787,17,29,264,526
788,17,14,123,244
789,11,26,60,118
790,17,26,691,1380
791,11,20,588,1174
792,11,26,344,686
793,11,14,669,1336
794,5,23,736,1470
795,11,20,676,1350
796,5,17,783,1564
797,23,14,23,44
798,17,20,618,1234
799,11,23,10,18
800,17,26,436,870
801,11,23,252,502
802,23,14,226,450
803,23,29,624,1246
804,11,17,413,824
805,23,26,640,1278
806,29,26,326,650
807,23,23,660,1318
808,29,26,477,952
809,29,23,685,1368
810,29,29,598,1194
811,17,26,227,452
812,17,23,376,750
813,17,29,317,632
814,11,20,717,1432
815,17,23,480,958
816,17,23,520,1038
817,17,23,489,976
818,17,23,163,324
819,5,26,542,1082
820,5,26,542,1082
821,11,29,429,856
822,11,20,146,290
823,29,23,428,854
824,23,20,754,1506
825,11,23,377,752
826,17,29,403,804
827,17,17,323,644
828,5,20,97,192
829,29,17,635,1268
830,11,26,101,200
831,11,17,586,1170
832,11,26,717,1432
833,17,26,28,54
834,17,26,401,800
835,23,23,427,852
836,23,20,659,1316
837,23,14,498,994
838,17,29,215,428
839,5,23,423,844
840,23,29,817,1632
841,11,26,593,1184
842,11,23,541,1080
843,23,29,287,572
844,17,14,290,578
845,17,11,371,740
846,11,23,751,1500
847,11,26,611,1220
848,17,23,526,1050
849,17,26,171,340
850,17,23,588,1174
851,11,26,34,66
852,23,14,613,1224
853,11,23,341,680
854,29,23,397,792
855,23,23,672,1342
856,17,23,311,620
857,11,8,537,1072
858,23,26,457,912
859,23,29,279,556
860,11,14,725,1448
861,11,23,736,1470
862,23,26,686,1370
863,29,23,382,762
864,23,26,451,900
865,17,29,473,944
866,23,26,689,1376
867,11,17,338,674
868,11,23,777,1552
869,11,26,311,620
870,17,23,669,1336
871,23,26,39,76
872,11,29,202,402
873,11,23,194,386
874,17,23,118,234
875,17,29,415,828
876,17,20,266,530
877,5,26,873,1744
878,35,20,212,422
879,5,26,12,22
880,17,11,826,1650
881,11,26,542,1082
882,11,23,37,72
883,29,23,722,1442
884,11,26,623,1244
885,23,20,671,1340
886,17,26,454,906
887,5,26,887,1772
888,17,17,542,1082
889,17,17,98,194
890,5,26,247,492
891,35,20,203,404
892,17,26,396,790
893,5,29,792,1582
894,5,23,478,954
895,11,26,611,1220
896,23,26,415,828
897,11,26,623,1244
898,11,29,884,1766
899,29,29,219,436
900,5,23,221,440
901,29,26,215,428
902,17,29,439,876
903,17,29,605,1208
904,29,29,169,336
905,23,26,720,1438
906,23,26,522,1042
907,29,26,806,1610
908,11,23,690,1378
909,11,23,471,940
910,11,23,521,1040
911,23,29,858,1714
912,35,26,305,608
913,11,17,70,138
914,23,23,510,1018
915,17,29,763,1524
916,23,17,386,770
917,17,20,825,1648
918,23,23,542,1082
919,17,23,147,292
920,11,17,415,828
921,11,17,648,1294
922,17,26,575,1148
923,11,14,548,1094
924,11,17,590,1178
925,17,29,583,1164
926,23,23,699,1396
927,11,17,739,1476
928,17,23,149,296
929,23,23,628,1254
930,11,29,897,1792
931,23,26,253,504
932,17,29,476,950
933,17,20,678,1354
934,11,26,388,774
935,11,20,241,480
936,17,20,241,480
937,17,26,445,888
938,5,23,250,498
939,11,23,700,1398
940,23,20,66,130
941,11,20,755,1508
942,11,23,843,1684
943,23,26,518,1034
944,17,23,888,1774
945,23,29,564,1126
946,23,23,144,286
947,11,29,823,1644
948,17,20,897,1792
949,11,26,164,326
950,17,23,353,704
951,23,29,903,1804
952,17,20,468,934
953,23,20,410,818
954,5,23,271,540
955,23,23,354,706
956,17,23,325,648
957,11,29,868,1734
958,17,17,614,1226
959,17,26,84,166
960,11,26,789,1576
961,17,29,477,952
962,11,8,601,1200
963,17,23,742,1482
964,17,29,711,1420
965,17,26,774,1546
966,17,23,531,1060
967,35,20,174,346
968,11,20,233,464
969,17,29,498,994
970,11,29,961,1920
971,23,26,355,708
972,23,26,853,1704
973,5,26,823,1644
974,11,23,336,670
975,17,29,659,1316
976,11,26,395,788
977,17,11,427,852
978,11,23,751,1500
979,23,23,64,126
980,11,26,914,1826
981,23,23,532,1062
982,11,17,230,458
983,17,17,967,1932
984,11,26,870,1738
985,23,23,835,1668
986,17,26,293,584
987,5,23,4,6
988,29,29,909,1816
989,17,20,147,292
990,23,23,72,142
991,17,26,773,1544
992,23,26,557,1112
993,11,17,544,1086
994,23,20,893,1784
995,29,26,247,492
996,23,26,756,1510
997,23,20,398,794
998,5,23,789,1576
999,11,23,698,1394
1000,11,20,210,418
1001,23,23,825,1648
1002,5,20,980,1958
1003,17,26,614,1226
1004,17,23,386,770
1005,29,23,302,602
1006,23,26,297,592
1007,11,23,934,1866
1008,17,17,741,1480
1009,23,20,671,1340
1010,17,14,853,1704
1011,17,20,198,394
1012,11,29,957,1912
1013,23,17,713,1424
1014,17,26,175,348
1015,17,23,694,1386
1016,23,26,212,422
1017,29,14,29,56
1018,17,29,823,1644
1019,11,23,576,1150
1020,11,26,300,598
1021,29,20,726,1450
1022,17,23,554,1106
1023,41,26,311,620
1024,29,26,623,1244
1025,11,26,764,1526
1026,5,23,5,8
1027,5,26,59,116
1028,11,26,653,1304
1029,29,26,626,1250
1030,29,26,621,1240
1031,17,17,821,1640
1032,17,26,833,1664
1033,17,20,622,1242
1034,17,29,631,1260
1035,17,26,286,570
1036,23,29,667,1332
1037,11,26,699,1396
1038,5,29,50,98
1039,17,26,1006,2010
1040,11,26,115,228
1041,17,26,543,1084
1042,23,26,351,700
1043,11,26,955,1908
1044,23,26,695,1388
1045,23,17,82,162
1046,17,32,195,388
1047,23,26,849,1696
1048,17,26,599,1196
1049,11,29,122,242
1050,23,29,937,1872
1051,29,26,62,122
1052,17,23,77,152
1053,23,29,723,1444
1054,5,14,231,460
1055,11,26,422,842
1056,23,26,390,778
1057,17,26,63,124
1058,17,20,240,478
1059,23,20,189,376
1060,23,14,497,992
1061,23,23,71,140
1062,23,26,404,806
1063,23,32,382,762
1064,11,5,798,1594
1065,11,29,209,416
1066,29,14,299,596
1067,23,32,200,398
1068,11,20,425,848
1069,29,23,279,556
1070,35,29,572,1142
1071,23,26,539,1076
1072,17,26,869,1736
1073,23,26,156,310
1074,17,23,139,276
1075,17,26,686,1370
1076,17,26,86,170
1077,11,29,840,1678
1078,11,26,790,1578
1079,17,23,131,260
1080,11,29,508,1014
1081,11,11,744,1486
1082,23,29,492,982
1083,17,8,136,270
1084,17,20,415,828
1085,17,29,932,1862
1086,5,11,65,128
1087,23,17,766,1530
1088,11,26,1074,2146
1089,17,26,113,224
1090,23,26,794,1586
1091,11,17,632,1262
1092,17,23,602,1202
1093,11,23,422,842
1094,17,23,79,156
1095,11,26,421,840
1096,23,32,188,374
1097,11,20,883,1764
1098,11,26,151,300
1099,11,29,772,1542
1100,23,26,161,320
1101,17,17,740,1478
1102,17,23,616,1230
1103,17,29,740,1478
1104,23,26,511,1020
1105,11,26,330,658
1106,29,26,204,406
1107,11,26,630,1258
1108,11,23,1042,2082
1109,11,23,142,282
1110,17,26,418,834
1111,17,26,1018,2034
1112,11,26,411,820
1113,5,23,923,1844
1114,5,17,852,1702
1115,17,29,655,1308
1116,17,26,158,314
1117,11,26,237,472
1118,11,26,858,1714
1119,11,23,729,1456
1120,17,26,1082,2162
1121,11,23,195,388
1122,17,23,845,1688
1123,11,17,509,1016
1124,17,23,396,790
1125,11,26,225,448
1126,17,8,423,844
1127,17,32,61,120
1128,17,26,931,1860
1129,23,26,217,432
1130,11,26,23,44
1131,11,29,363,724
1132,23,29,617,1232
1133,17,17,514,1026
1134,11,26,902,1802
1135,17,17,1010,2018
1136,17,26,420,838
1137,17,23,511,1020
1138,17,26,95,188
1139,11,20,8,14
1140,23,26,501,1000
1141,23,29,328,654
1142,17,23,377,752
1143,11,26,350,698
1144,11,29,593,1184
1145,11,26,504,1006
1146,17,29,374,746
1147,17,14,36,70
1148,17,29,266,530
1149,17,23,1073,2144
1150,11,26,383,764
1151,17,20,819,1636
1152,17,29,1007,2012
1153,17,26,344,686
1154,17,23,499,996
1155,11,23,50,98
1156,11,11,939,1876
1157,17,17,489,976
1158,17,26,921,1840
1159,11,20,27,52
1160,23,23,322,642
1161,11,20,336,670
1162,11,20,463,924
1163,17,26,21,40
1164,11,23,685,1368
1165,11,29,1144,2286
1166,17,29,436,870
1167,17,26,526,1050
1168,23,26,189,376
1169,11,23,66,130
1170,11,32,456,910
1171,17,26,546,1090
1172,17,23,58,114
1173,5,29,4,6
1174,29,26,924,1846
1175,11,26,765,1528
1176,11,23,58,114
1177,17,29,296,590
1178,17,26,21,40
1179,17,29,865,1728
1180,17,26,883,1764
1181,17,17,573,1144
1182,11,17,53,104
1183,23,32,638,1274
1184,17,26,1006,2010
1185,17,29,923,1844
1186,11,23,5,8
1187,17,20,269,536
1188,29,26,689,1376
1189,17,29,535,1068
1190,11,29,305,608
1191,17,29,378,754
1192,17,17,130,258
1193,11,20,246,490
1194,11,29,124,246
1195,5,29,1195,2388
1196,17,11,524,1046
1197,23,20,158,314
1198,11,17,768,1534
1199,17,20,366,730
1200,11,26,59,116
1201,11,5,300,598
1202,11,26,975,1948
1203,11,26,717,1432
1204,17,26,984,1966
1205,17,26,911,1820
1206,23,26,732,1462
1207,23,26,851,1700
1208,11,29,39,76
1209,5,23,835,1668
1210,11,23,230,458
1211,17,29,792,1582
1212,23,23,118,234
1213,11,20,26,50
1214,5,32,27,52
1215,11,23,527,1052
1216,23,29,122,242
1217,23,29,388,774
1218,17,20,579,1156
1219,11,26,341,680
1220,17,26,74,146
1221,17,17,57,112
1222,53,26,847,1692
1223,5,23,1219,2436
1224,17,26,546,1090
1225,23,14,344,686
1226,11,26,864,1726
1227,17,20,1084,2166
1228,29,23,1013,2024
1229,11,23,937,1872
1230,35,20,507,1012
1231,11,26,670,1338
1232,17,29,114,226
1233,29,26,142,282
1234,11,23,958,1914
1235,17,29,1075,2148
1236,11,32,883,1764
1237,17,26,214,426
1238,11,26,374,746
1239,23,29,662,1322
1240,17,26,684,1366
1241,29,26,526,1050
1242,17,20,203,404
1243,23,32,252,502
1244,29,26,916,1830
1245,17,23,842,1682
1246,17,26,922,1842
1247,23,29,369,736
1248,11,20,242,482
1249,11,23,1048,2094
1250,23,26,1009,2016
1251,11,26,832,1662
1252,23,23,308,614
1253,23,11,1018,2034
1254,17,23,848,1694
1255,5,29,1255,2508
1256,29,29,497,992
1257,17,11,393,784
1258,17,26,12,22
1259,17,23,408,814
1260,11,29,1062,2122
1261,17,26,1240,2478
1262,17,29,649,1296
1263,17,17,139,276
1264,23,29,1040,2078
1265,11,26,581,1160
1266,23,20,584,1166
1267,11,26,1042,2082
1268,17,26,612,1222
1269,17,29,572,1142
1270,23,29,261,520
1271,11,26,832,1662
1272,11,23,770,1538
1273,11,23,880,1758
1274,11,26,429,856
1275,17,23,1091,2180
1276,23,23,643,1284
1277,23,26,307,612
1278,11,26,412,822
1279,17,26,608,1214
1280,23,29,492,982
1281,17,17,1099,2196
1282,11,29,1111,2220
1283,17,23,1069,2136
1284,17,20,974,1946
1285,17,26,343,684
1286,17,23,364,726
1287,17,29,215,428
1288,23,29,879,1756
1289,17,29,293,584
1290,17,29,107,212
1291,17,29,49,96
1292,11,17,948,1894
1293,5,23,834,1666
1294,29,20,982,1962
1295,11,29,39,76
1296,11,14,1011,2020
1297,17,26,250,498
1298,17,32,633,1264
1299,11,23,147,292
1300,17,14,772,1542
1301,17,23,196,390
1302,23,26,714,1426
1303,17,23,1054,2106
1304,23,23,188,374
1305,35,26,987,1972
1306,23,29,1080,2158
1307,11,29,609,1216
1308,17,29,731,1460
1309,17,29,351,700
1310,11,32,939,1876
1311,23,26,469,936
1312,23,29,793,1584
1313,17,26,1285,2568
1314,11,26,146,290
1315,17,26,332,662
1316,17,26,342,682
1317,11,26,1027,2052
1318,17,26,228,454
1319,11,23,1284,2566
1320,23,26,843,1684
1321,11,23,738,1474
1322,23,32,1255,2508
1323,11,20,381,760
1324,17,26,627,1252
1325,11,17,434,866
1326,35,26,495,988
1327,11,23,170,338
1328,23,26,630,1258
1329,11,26,219,436
1330,11,26,557,1112
1331,23,23,463,924
1332,11,29,631,1260
1333,23,29,936,1870
1334,17,29,900,1798
1335,11,17,647,1292
1336,17,26,107,212
1337,17,29,840,1678
1338,23,32,271,540
1339,17,23,496,990
1340,29,14,545,1088
1341,11,26,846,1690
1342,17,23,110,218
1343,29,32,186,370
1344,17,26,695,1388
1345,17,26,323,644
1346,17,14,799,1596
1347,23,17,443,884
1348,17,26,666,1330
1349,23,29,396,790
1350,11,26,466,930
1351,35,26,556,1110
1352,17,29,605,1208
1353,17,29,537,1072
1354,17,26,293,584
1355,29,8,169,336
1356,17,29,308,614
1357,29,17,21,40
1358,11,23,226,450
1359,11,5,1018,2034
1360,11,23,46,90
1361,23,26,274,546
1362,41,17,829,1656
1363,17,23,730,1458
1364,11,26,625,1248
1365,29,23,739,1476
1366,11,26,82,162
1367,11,23,826,1650
1368,5,23,1340,2678
1369,23,26,992,1982
1370,11,23,1269,2536
1371,11,23,1270,2538
1372,17,20,267,532
1373,17,26,952,1902
1374,17,32,719,1436
1375,23,26,814,1626
1376,17,29,1178,2354
1377,23,26,992,1982
1378,11,20,31,60
1379,17,26,519,1036
1380,5,26,1145,2288
1381,11,29,837,1672
1382,17,26,574,1146
1383,17,32,245,488
1384,11,17,108,214
1385,17,29,1161,2320
1386,23,17,1018,2034
1387,17,29,1207,2412
1388,17,32,525,1048
1389,11,29,812,1622
1390,29,29,791,1580
1391,23,32,777,1552
1392,23,26,1096,2190
1393,17,11,262,522
1394,17,26,938,1874
1395,11,26,848,1694
1396,5,23,25,48
1397,11,23,966,1930
1398,17,26,909,1816
1399,23,26,1112,2222
1400,23,20,602,1202
1401,5,32,1270,2538
1402,17,32,1227,2452
1403,23,23,214,426
1404,17,26,386,770
1405,5,20,539,1076
1406,23,26,1306,2610
1407,29,26,14,26
1408,23,29,301,600
1409,17,29,158,314
1410,11,26,306,610
1411,17,26,715,1428
1412,17,26,968,1934
1413,17,20,122,242
1414,17,26,886,1770
1415,5,23,1275,2548
1416,11,26,477,952
1417,11,29,512,1022
1418,17,23,1069,2136
1419,17,23,570,1138
1420,11,29,736,1470
1421,11,29,1237,2472
1422,29,29,161,320
1423,23,29,1345,2688
1424,11,32,508,1014
1425,11,23,326,650
1426,17,32,175,348
1427,29,26,1080,2158
1428,29,29,459,916
1429,23,29,1165,2328
1430,11,29,621,1240
1431,17,29,1389,2776
1432,23,23,173,344
1433,17,20,929,1856
1434,5,26,1179,2356
1435,23,17,605,1208
1436,17,20,1381,2760
1437,17,23,94,186
1438,11,23,386,770
1439,17,23,1243,2484
1440,5,29,285,568
1441,53,23,1154,2306
1442,11,11,631,1260
1443,17,32,684,1366
1444,11,29,861,1720
1445,23,20,78,154
1446,17,26,721,1440
1447,17,32,1303,2604
1448,11,29,456,910
1449,11,29,97,192
1450,17,23,480,958
1451,17,29,463,924
1452,29,17,431,860
1453,11,26,1178,2354
1454,23,29,1189,2376
1455,29,17,750,1498
1456,23,23,643,1284
1457,11,26,168,334
1458,11,26,401,800
1459,23,32,518,1034
1460,23,23,1020,2038
1461,23,29,1031,2060
1462,11,14,1141,2280
1463,11,23,62,122
1464,29,23,576,1150
1465,23,23,1082,2162
1466,11,23,853,1704
1467,11,23,281,560
1468,23,26,209,416
1469,23,32,355,708
1470,23,17,1259,2516
1471,11,23,1156,2310
1472,11,26,1378,2754
1473,17,26,458,914
1474,29,26,99,196
1475,23,17,1269,2536
1476,29,32,377,752
1477,23,26,671,1340
1478,17,26,602,1202
1479,11,14,693,1384
1480,23,26,887,1772
1481,11,26,604,1206
1482,29,23,955,1908
1483,23,32,391,780
1484,17,32,634,1266
1485,11,23,63,124
1486,5,23,1480,2958
1487,23,29,324,646
1488,23,20,267,532
1489,11,26,252,502
1490,23,29,1425,2848
1491,17,32,640,1278
1492,11,29,1041,2080
1493,17,26,499,996
1494,29,20,661,1320
1495,23,23,344,686
1496,29,29,614,1226
1497,29,26,1378,2754
1498,11,11,1405,2808
1499,17,32,163,324
1500,17,29,1259,2516
1501,17,32,239,476
1502,17,20,340,678
1503,17,26,1096,2190
1504,11,32,1327,2652
1505,11,29,1487,2972
1506,17,29,122,242
1507,11,23,734,1466
1508,17,20,224,446
1509,11,20,647,1292
1510,17,23,1350,2698
1511,17,29,1508,3014
1512,17,26,345,688
1513,11,14,1183,2364
1514,5,23,395,788
1515,5,26,1182,2362
1516,53,29,315,628
1517,23,20,438,874
1518,11,26,1319,2636
1519,11,26,336,670
1520,5,23,1192,2382
1521,23,29,703,1404
1522,23,29,521,1040
1523,11,29,704,1406
1524,23,29,391,780
1525,5,29,1241,2480
1526,11,26,719,1436
1527,17,26,368,734
1528,11,23,1019,2036
1529,23,20,754,1506
1530,29,32,729,1456
1531,17,14,623,1244
1532,17,26,1117,2232
1533,35,29,394,786
1534,11,20,970,1938
1535,5,23,964,1926
1536,11,23,1205,2408
1537,17,26,1318,2634
1538,17,32,1075,2148
1539,17,29,901,1800
1540,11,29,865,1728
1541,17,29,953,1904
1542,11,29,323,644
1543,11,29,1515,3028
1544,5,23,1114,2226
1545,5,20,1436,2870
1546,17,20,61,120
1547,17,26,1128,2254
1548,17,17,602,1202
1549,17,32,1462,2922
1550,17,29,1101,2200
1551,23,23,1290,2578
1552,17,29,390,778
1553,11,17,1431,2860
1554,23,32,1512,3022
1555,11,29,575,1148
1556,11,29,940,1878
1557,11,26,1254,2506
1558,11,32,479,956
1559,41,26,1039,2076
1560,29,20,1255,2508
1561,23,29,1093,2184
1562,11,26,1242,2482
1563,11,26,792,1582
1564,23,29,465,928
1565,17,29,1329,2656
1566,17,32,868,1734
1567,11,20,527,1052
1568,17,29,1325,2648
1569,23,29,1543,3084
1570,11,29,400,798
1571,17,29,1349,2696
1572,11,20,674,1346
1573,11,29,795,1588
1574,11,26,464,926
1575,5,29,1491,2980
1576,11,23,582,1162
1577,11,23,1324,2646
1578,23,17,814,1626
1579,23,23,1523,3044
1580,11,26,102,202
1581,17,23,561,1120
1582,17,23,562,1122
1583,17,32,83,164
1584,29,29,1214,2426
1585,29,26,356,710
1586,17,14,346,690
1587,11,29,466,930
1588,17,26,903,1804
1589,17,29,408,814
1590,23,32,875,1748
1591,17,26,1495,2988
1592,23,29,623,1244
1593,23,26,408,814
1594,11,32,770,1538
1595,29,29,506,1010
1596,11,26,956,1910
1597,23,29,1559,3116
1598,17,23,166,330
1599,23,29,1430,2858
1600,17,32,325,648
1601,11,26,345,688
1602,11,20,1340,2678
1603,17,32,212,422
1604,17,23,783,1564
1605,5,26,1138,2274
1606,11,23,1524,3046
1607,17,29,692,1382
1608,17,29,265,528
1609,23,26,1160,2318
1610,17,29,800,1598
1611,17,23,434,866
1612,11,26,1192,2382
1613,23,32,969,1936
1614,11,26,1067,2132
1615,35,26,280,558
1616,17,23,1028,2054
1617,11,26,1563,3124
1618,29,26,994,1986
1619,23,32,1301,2600
1620,17,26,729,1456
1621,17,32,1297,2592
1622,17,29,475,948
1623,23,32,1306,2610
1624,17,29,445,888
1625,23,29,1005,2008
1626,17,26,274,546
1627,17,26,1243,2484
1628,23,23,871,1740
1629,29,20,369,736
1630,23,26,760,1518
1631,17,29,1162,2322
1632,17,26,213,424
1633,11,20,1467,2932
1634,17,32,76,150
1635,35,17,1150,2298
1636,11,26,393,784
1637,17,32,363,724
1638,17,29,753,1504
1639,23,29,1049,2096
1640,11,11,512,1022
1641,17,26,298,594
1642,17,29,164,326
1643,17,26,202,402
1644,23,32,1284,2566
1645,29,32,661,1320
1646,17,20,1583,3164
1647,23,29,703,1404
1648,23,26,1536,3070
1649,17,14,774,1546
1650,17,32,575,1148
1651,29,20,193,384
1652,11,29,430,858
1653,11,26,985,1968
1654,17,20,815,1628
1655,5,23,1299,2596
1656,17,23,1260,2518
1657,11,29,20,38
1658,17,32,980,1958
1659,23,26,1098,2194
1660,11,29,261,520
1661,17,29,1618,3234
1662,11,20,247,492
1663,11,17,234,466
1664,17,29,1224,2446
1665,23,23,188,374
1666,29,32,1234,2466
1667,17,23,267,532
1668,11,14,1197,2392
1669,17,26,88,174
1670,23,29,840,1678
1671,17,29,678,1354
1672,17,29,1278,2554
1673,11,29,1633,3264
1674,17,29,1585,3168
1675,5,17,653,1304
1676,11,29,305,608
1677,17,23,514,1026
1678,11,11,734,1466
1679,5,26,1263,2524
1680,35,29,894,1786
1681,17,23,1241,2480
1682,35,23,1531,3060
1683,17,29,662,1322
1684,11,29,136,270
1685,29,20,65,128
1686,17,26,226,450
1687,11,29,459,916
1688,17,29,710,1418
1689,29,29,1450,2898
1690,35,23,1209,2416
1691,23,29,454,906
1692,11,29,421,840
1693,11,29,1026,2050
1694,11,23,1516,3030
1695,5,32,44,86
1696,23,26,851,1700
1697,17,32,662,1322
1698,17,29,710,1418
1699,29,29,852,1702
1700,29,32,1523,3044
1701,17,32,1421,2840
1702,17,32,1532,3062
1703,17,32,1320,2638
1704,11,23,1258,2514
1705,17,29,134,266
1706,11,23,846,1690
1707,11,26,34,66
1708,17,26,1458,2914
1709,5,26,1659,3316
1710,23,32,978,1954
1711,23,32,1107,2212
1712,17,26,30,58
1713,11,26,659,1316
1714,35,32,1321,2640
1715,5,23,1052,2102
1716,11,23,1227,2452
1717,35,26,1485,2968
1718,17,32,1219,2436
1719,35,26,90,178
1720,17,11,1398,2794
1721,17,26,138,274
1722,11,26,1522,3042
1723,23,17,1428,2854
1724,17,29,304,606
1725,29,26,684,1366
1726,11,23,276,550
1727,5,20,310,618
1728,23,29,815,1628
1729,17,29,238,474
1730,17,23,141,280
1731,17,32,1010,2018
1732,11,32,1681,3360
1733,17,26,509,1016
1734,11,26,633,1264
1735,5,23,142,282
1736,23,29,1255,2508
1737,17,29,577,1152
1738,17,29,1169,2336
1739,17,26,192,382
1740,11,26,1049,2096
1741,17,26,670,1338
1742,23,17,1498,2994
1743,23,23,1531,3060
1744,11,29,550,1098
1745,11,23,619,1236
1746,29,26,192,382
1747,17,29,1121,2240
1748,23,26,1465,2928
1749,23,26,1390,2778
1750,11,20,1326,2650
1751,23,26,1392,2782
1752,17,29,1076,2150
1753,23,32,1297,2592
1754,17,26,1187,2372
1755,11,26,1245,2488
1756,17,11,769,1536
1757,17,26,90,178
1758,11,14,1154,2306
1759,11,23,749,1496
1760,5,23,1613,3224
1761,11,32,830,1658
1762,17,32,220,438
1763,17,20,1392,2782
1764,17,29,1525,3048
1765,5,20,206,410
1766,23,32,353,704
1767,23,29,1407,2812
1768,5,26,1598,3194
1769,11,26,478,954
1770,17,29,1027,2052
1771,11,26,1429,2856
1772,23,26,1659,3316
1773,11,29,1287,2572
1774,17,23,1114,2226
1775,23,23,1534,3066
1776,5,26,1558,3114
1777,23,26,913,1824
1778,17,26,335,668
1779,17,29,165,328
1780,17,23,842,1682
1781,11,17,1419,2836
1782,23,32,1606,3210
1783,35,23,1541,3080
1784,11,26,143,284
1785,11,32,1188,2374
1786,17,26,1546,3090
1787,11,29,29,56
1788,17,32,1710,3418
1789,23,26,996,1990
1790,41,20,1385,2768
1791,11,23,372,742
1792,17,11,1456,2910
1793,29,26,283,564
1794,29,29,1007,2012
1795,29,32,1723,3444
1796,17,17,1488,2974
1797,23,29,1269,2536
1798,23,29,697,1392
1799,17,17,421,840
1800,17,29,1215,2428
1801,23,32,391,780
1802,41,14,507,1012
1803,23,23,1501,3000
1804,29,29,318,634
1805,11,23,204,406
1806,5,29,1272,2542
1807,23,23,1320,2638
1808,23,29,1044,2086
1809,17,26,1233,2464
1810,5,29,1073,2144
1811,17,20,862,1722
1812,23,26,1277,2552
1813,11,32,1613,3224
1814,17,8,681,1360
1815,17,29,952,1902
1816,11,26,1506,3010
1817,17,29,999,1996
1818,23,20,895,1788
1819,17,26,821,1640
1820,23,29,107,212
1821,5,29,97,192
1822,11,20,639,1276
1823,11,26,1327,2652
1824,23,29,490,978
1825,17,26,324,646
1826,17,29,351,700
1827,17,32,599,1196
1828,17,29,1762,3522
1829,5,26,1161,2320
1830,23,11,801,1600
1831,11,29,1776,3550
1832,17,26,533,1064
1833,17,26,46,90
1834,17,32,1341,2680
1835,11,29,87,172
1836,17,29,643,1284
1837,17,8,1608,3214
1838,17,32,1235,2468
1839,5,26,808,1614
1840,17,29,20,38
1841,5,26,908,1814
1842,17,32,603,1204
1843,35,29,880,1758
1844,23,32,1801,3600
1845,23,32,277,552
1846,11,29,282,562
1847,23,26,624,1246
1848,17,32,1342,2682
1849,29,23,1380,2758
1850,11,29,724,1446
1851,17,29,1484,2966
1852,35,23,325,648
1853,23,23,1628,3254
1854,23,23,485,968
1855,23,29,1822,3642
1856,17,26,126,250
1857,23,26,1317,2632
1858,11,26,387,772
1859,23,32,358,714
1860,17,23,1400,2798
1861,11,32,1737,3472
1862,17,20,828,1654
1863,29,23,65,128
1864,17,29,591,1180
1865,29,32,1686,3370
1866,29,29,1201,2400
1867,17,29,1679,3356
1868,17,32,1764,3526
1869,17,29,1006,2010
1870,17,29,677,1352
1871,17,17,556,1110
1872,23,32,149,296
1873,11,32,807,1612
1874,17,32,683,1364
1875,17,32,1279,2556
1876,23,29,833,1664
1877,11,29,1395,2788
1878,11,29,761,1520
1879,17,23,550,1098
1880,11,29,1014,2026
1881,17,23,505,1008
1882,23,26,1291,2580
1883,11,26,26,50
1884,23,17,794,1586
1885,11,32,587,1172
1886,17,17,559,1116
1887,17,32,506,1010
1888,17,26,1626,3250
1889,5,29,1820,3638
1890,29,23,1202,2402
1891,17,29,981,1960
1892,11,29,35,68
1893,17,26,766,1530
1894,17,23,390,778
1895,11,26,833,1664
1896,11,29,323,644
1897,23,20,163,324
1898,29,26,1450,2898
1899,5,26,1019,2036
1900,23,23,927,1852
1901,11,26,895,1788
1902,11,26,1424,2846
1903,17,29,957,1912
1904,17,29,1650,3298
1905,17,29,723,1444
1906,11,20,223,444
1907,17,29,619,1236
1908,17,29,993,1984
1909,17,29,168,334
1910,11,26,450,898
1911,17,32,1297,2592
1912,11,26,838,1674
1913,17,29,1287,2572
1914,11,32,1121,2240
1915,23,29,1270,2538
1916,41,26,1177,2352
1917,17,26,26,50
1918,17,26,1816,3630
1919,11,23,1388,2774
1920,11,23,517,1032
1921,11,29,1113,2224
1922,23,26,371,740
1923,17,29,870,1738
1924,11,32,509,1016
1925,17,26,1125,2248
1926,17,32,1533,3064
1927,17,26,1465,2928
1928,17,17,91,180
1929,17,20,1432,2862
1930,35,23,580,1158
1931,29,29,322,642
1932,11,23,1622,3242
1933,17,26,184,366
1934,23,20,378,754
1935,11,26,1198,2394
1936,17,26,1750,3498
1937,17,29,1217,2432
1938,17,23,1188,2374
1939,17,29,1221,2440
1940,11,26,1595,3188
1941,5,26,12,22
1942,23,32,1302,2602
1943,5,14,668,1334
1944,23,17,517,1032
1945,17,29,758,1514
1946,17,20,745,1488
1947,17,26,909,1816
1948,23,23,127,252
1949,11,29,896,1790
1950,23,32,463,924
1951,23,17,1188,2374
1952,29,29,753,1504
1953,35,26,881,1760
1954,17,32,232,462
1955,11,17,459,916
1956,17,29,29,56
1957,17,26,623,1244
1958,23,29,307,612
1959,17,26,1428,2854
1960,17,26,1641,3280
1961,11,17,1683,3364
1962,29,32,315,628
1963,17,26,1055,2108
1964,23,29,1602,3202
1965,11,20,1519,3036
1966,17,32,509,1016
1967,5,17,892,1782
1968,5,26,988,1974
1969,17,32,314,626
1970,11,20,753,1504
1971,17,32,916,1830
1972,17,17,463,924
1973,17,26,1098,2194
1974,23,32,1479,2956
1975,17,20,911,1820
1976,17,26,1802,3602
1977,23,23,1614,3226
1978,17,23,1506,3010
1979,11,29,1108,2214
1980,17,26,830,1658
1981,17,20,819,1636
1982,17,32,584,1166
1983,17,29,1599,3196
1984,17,23,1464,2926
1985,11,32,1268,2534
1986,5,26,3,4
1987,17,32,1665,3328
1988,23,26,1369,2736
1989,23,32,910,1818
1990,11,20,1228,2454
1991,17,23,304,606
1992,5,11,123,244
1993,17,29,1559,3116
1994,23,26,1694,3386
1995,5,29,1682,3362
1996,35,32,153,304
1997,11,26,51,100
1998,23,23,491,980
1999,17,29,517,1032
2000,17,23,1039,2076
2001,11,29,1371,2740
2002,17,26,879,1756
2003,23,23,399,796
2004,23,29,1501,3000
2005,23,29,1667,3332
2006,29,32,1906,3810
2007,23,26,1721,3440
2008,23,32,664,1326
2009,17,32,1937,3872
2010,35,29,1072,2142
2011,11,32,572,1142
2012,29,26,1205,2408
2013,29,23,999,1996
2014,17,29,1159,2316
2015,17,32,1809,3616
2016,11,29,1211,2420
2017,11,23,1174,2346
2018,11,20,1562,3122
2019,17,29,1430,2858
2020,17,32,1969,3936
2021,23,29,109,216
2022,29,23,686,1370
2023,17,26,1799,3596
2024,29,26,257,512
2025,23,23,1447,2892
2026,11,29,543,1084
2027,23,26,589,1176
2028,23,23,1482,2962
2029,29,32,473,944
2030,17,23,1611,3220
2031,23,29,1546,3090
2032,17,32,1706,3410
2033,11,32,1088,2174
2034,17,32,347,692
2035,11,23,946,1890
2036,11,32,212,422
2037,23,32,760,1518
2038,17,26,529,1056
2039,23,32,1906,3810
2040,17,29,664,1326
2041,35,23,1954,3906
2042,23,32,1224,2446
2043,35,14,574,1146
2044,23,29,656,1310
2045,29,26,164,326
2046,17,29,142,282
2047,11,32,652,1302
2048,17,20,2001,4000
2049,11,26,829,1656
2050,23,32,1243,2484
2051,23,26,317,632
2052,17,32,1643,3284
2053,35,29,1046,2090
2054,17,26,654,1306
2055,5,29,629,1256
2056,17,26,292,582
2057,17,26,438,874
2058,17,29,1868,3734
2059,17,26,1050,2098
2060,23,29,143,284
2061,11,26,793,1584
2062,17,26,1116,2230
2063,17,23,1605,3208
2064,11,23,1830,3658
2065,17,26,1578,3154
2066,11,32,1278,2554
2067,11,29,931,1860
2068,23,29,1379,2756
2069,5,29,10,18
2070,11,29,628,1254
2071,11,29,585,1168
2072,29,23,1563,3124
2073,11,23,1935,3868
2074,17,26,1958,3914
2075,11,26,1894,3786
2076,17,29,2031,4060
2077,5,23,2038,4074
2078,17,26,1507,3012
2079,23,29,181,360
2080,17,26,173,344
2081,5,14,714,1426
2082,5,26,858,1714
2083,23,17,1140,2278
2084,17,26,133,264
2085,11,29,323,644
2086,29,26,1968,3934
2087,29,32,73,144
2088,23,26,1375,2748
2089,29,26,2020,4038
2090,17,20,1911,3820
2091,11,26,28,54
2092,23,29,140,278
2093,5,23,1348,2694
2094,23,29,1495,2988
2095,23,26,1167,2332
2096,17,26,1141,2280
2097,17,29,531,1060
2098,11,26,85,168
2099,11,23,1304,2606
2100,17,23,927,1852
2101,11,32,1857,3712
2102,17,17,1938,3874
2103,11,32,1207,2412
2104,5,26,1787,3572
2105,17,23,1950,3898
2106,23,29,886,1770
2107,17,23,403,804
2108,17,32,1842,3682
2109,11,29,306,610
2110,5,29,385,768
2111,17,32,1623,3244
2112,11,29,1977,3952
2113,11,23,2006,4010
2114,11,26,1977,3952
2115,17,17,760,1518
2116,23,14,728,1454
2117,11,23,653,1304
2118,11,23,41,80
2119,11,23,1135,2268
2120,23,32,136,270
2121,11,17,1557,3112
2122,29,26,1570,3138
2123,29,29,1382,2762
2124,11,29,305,608
2125,29,26,765,1528
2126,29,32,395,788
2127,17,26,262,522
2128,17,23,673,1344
2129,17,26,660,1318
2130,23,23,2089,4176
2131,5,29,106,210
2132,23,32,809,1616
2133,29,14,867,1732
2134,5,29,26,50
2135,17,29,330,658
2136,11,29,2097,4192
2137,23,29,36,70
2138,29,32,626,1250
2139,17,29,796,1590
2140,17,32,665,1328
2141,17,23,1096,2190
2142,23,29,1346,2690
2143,5,26,2064,4126
2144,23,23,878,1754
2145,11,26,372,742
2146,17,26,800,1598
2147,23,29,1540,3078
2148,11,29,1155,2308
2149,11,20,317,632
2150,23,11,2016,4030
2151,23,20,925,1848
2152,23,32,1012,2022
2153,17,26,1112,2222
2154,23,29,1542,3082
2155,11,32,340,678
2156,11,8,1347,2692
2157,23,26,998,1994
2158,29,32,1165,2328
2159,17,26,1160,2318
2160,29,26,897,1792
2161,23,23,2035,4068
2162,17,26,695,1388
2163,11,32,149,296
2164,17,32,227,452
2165,11,26,2009,4016
2166,29,32,963,1924
2167,23,20,1711,3420
2168,17,26,1425,2848
2169,23,26,1961,3920
2170,17,29,1651,3300
2171,5,23,364,726
2172,17,32,445,888
2173,11,26,615,1228
2174,11,32,1987,3972
2175,11,20,2159,4316
2176,11,23,75,148
2177,11,23,1625,3248
2178,17,17,1053,2104
2179,5,17,102,202
2180,17,29,1504,3006
2181,35,29,1187,2372
2182,23,23,179,356
2183,23,29,1512,3022
2184,17,32,616,1230
2185,29,23,1818,3634
2186,11,26,1781,3560
2187,17,26,1275,2548
2188,17,29,1471,2940
2189,17,26,1561,3120
2190,23,26,1673,3344
2191,17,20,1590,3178
2192,23,26,492,982
2193,17,32,866,1730
2194,23,32,341,680
2195,11,26,1084,2166
2196,11,26,89,176
2197,17,29,1541,3080
2198,17,29,941,1880
2199,17,23,1331,2660
2200,17,23,1332,2662
2201,5,29,126,250
2202,17,20,1497,2992
2203,17,32,1125,2248
2204,23,23,1696,3390
2205,17,26,1942,3882
2206,11,20,948,1894
2207,29,32,1166,2330
2208,17,23,975,1948
2209,17,23,733,1464
2210,17,32,809,1616
2211,23,23,1545,3088
2212,23,26,1326,2650
2213,5,23,1599,3196
2214,23,26,721,1440
2215,29,29,754,1506
2216,29,26,1961,3920
2217,11,29,607,1212
2218,11,29,1956,3910
2219,11,29,1337,2672
2220,17,26,670,1338
2221,17,29,2110,4218
2222,29,17,659,1316
2223,23,26,630,1258
2224,17,32,846,1690
2225,29,32,940,1878
2226,11,26,655,1308
2227,11,29,1629,3256
2228,23,29,768,1534
2229,23,23,1872,3742
2230,17,26,463,924
2231,23,29,738,1474
2232,11,11,139,276
2233,29,20,2146,4290
2234,17,23,1701,3400
2235,17,23,1895,3788
2236,23,26,755,1508
2237,23,32,355,708
2238,23,32,1980,3958
2239,11,32,2154,4306
2240,11,29,1783,3564
2241,17,32,1510,3018
2242,5,29,1503,3004
2243,17,29,1904,3806
2244,35,29,1019,2036
2245,17,26,2075,4148
2246,29,32,1214,2426
2247,23,32,200,398
2248,11,29,38,74
2249,11,32,115,228
2250,11,32,1944,3886
2251,11,23,2138,4274
2252,29,26,1817,3632
2253,11,32,137,272
2254,23,20,2237,4472
2255,11,29,1667,3332
2256,23,29,1240,2478
2257,23,26,638,1274
2258,17,26,726,1450
2259,29,32,1630,3258
2260,11,26,2248,4494
2261,11,20,88,174
2262,5,29,2257,4512
2263,17,11,1557,3112
2264,11,29,1655,3308
2265,23,29,1419,2836
2266,11,29,1617,3232
2267,17,23,2011,4020
2268,11,26,2061,4120
2269,17,32,748,1494
2270,23,26,1486,2970
2271,11,29,78,154
2272,23,32,724,1446
2273,17,26,953,1904
2274,23,32,1983,3964
2275,17,32,544,1086
2276,17,20,18,34
2277,17,26,1587,3172
2278,17,29,304,606
2279,41,29,1172,2342
2280,23,29,1257,2512
2281,17,32,1779,3556
2282,11,29,335,668
2283,11,17,2176,4350
2284,17,17,107,212
2285,47,26,433,864
2286,11,23,866,1730
2287,17,23,706,1410
2288,29,26,577,1152
2289,17,29,847,1692
2290,17,29,1169,2336
2291,17,32,1261,2520
2292,17,32,1053,2104
2293,17,32,823,1644
2294,17,11,1004,2006
2295,17,32,32,62
2296,23,29,2268,4534
2297,17,32,1748,3494
2298,17,20,2282,4562
2299,23,26,1252,2502
2300,29,35,1024,2046
2301,17,32,1239,2476
2302,23,32,1254,2506
2303,17,29,2175,4348
2304,17,29,1519,3036
2305,23,32,1380,2758
2306,23,29,2276,4550
2307,5,20,2178,4354
2308,11,26,245,488
2309,11,26,1944,3886
2310,23,35,108,214
2311,23,29,716,1430
2312,23,20,777,1552
2313,29,29,1999,3996
2314,5,29,1842,3682
2315,11,32,1200,2398
2316,17,29,128,254
2317,17,23,1346,2690
2318,11,26,2141,4280
2319,17,20,561,1120
2320,17,29,981,1960
2321,17,35,280,558
2322,23,29,2039,4076
2323,17,29,573,1144
2324,17,26,85,168
2325,17,26,620,1238
2326,11,29,413,824
2327,23,29,747,1492
2328,23,29,1693,3384
2329,23,26,1951,3900
2330,17,26,1051,2100
2331,29,29,872,1742
2332,17,29,858,1714
2333,5,26,1892,3782
2334,17,26,1508,3014
2335,11,32,1577,3152
2336,17,23,2272,4542
2337,29,26,834,1666
2338,17,26,312,622
2339,11,26,22,42
2340,23,20,713,1424
2341,29,32,845,1688
2342,17,29,815,1628
2343,35,29,504,1006
2344,17,29,1347,2692
2345,17,29,770,1538
2346,11,29,1550,3098
2347,35,26,380,758
2348,11,29,538,1074
2349,17,26,564,1126
2350,17,29,410,818
2351,35,14,954,1906
2352,5,29,1164,2326
2353,17,29,314,626
2354,17,17,844,1686
2355,11,32,2018,4034
2356,23,26,1189,2376
2357,23,32,1030,2058
2358,17,29,1507,3012
2359,23,32,1474,2946
2360,23,8,2064,4126
2361,23,26,1785,3568
2362,17,32,1893,3784
2363,17,29,57,112
2364,17,20,129,256
2365,23,29,1001,2000
2366,17,23,1674,3346
2367,35,29,1260,2518
2368,17,29,2121,4240
2369,17,29,2052,4102
2370,11,23,824,1646
2371,17,35,1324,2646
2372,17,23,712,1422
2373,17,32,235,468
2374,17,23,1121,2240
2375,17,5,595,1188
2376,11,32,267,532
2377,11,29,2361,4720
2378,17,26,1779,3556
2379,23,32,1226,2450
2380,11,32,700,1398
2381,23,32,360,718
2382,11,29,1550,3098
2383,5,29,1040,2078
2384,17,35,2216,4430
2385,5,29,2,2
2386,17,26,601,1200
2387,29,32,577,1152
2388,29,35,390,778
2389,17,26,1228,2454
2390,23,32,91,180
2391,17,20,430,858
2392,11,26,1573,3144
2393,23,32,814,1626
2394,11,29,1531,3060
2395,23,29,1551,3100
2396,17,32,885,1768
2397,11,29,273,544
2398,23,20,392,782
2399,29,29,1398,2794
2400,23,35,1068,2134
2401,17,29,1038,2074
2402,17,29,1897,3792
2403,11,32,275,548
2404,11,11,752,1502
2405,11,32,1539,3076
2406,29,29,1628,3254
2407,23,20,394,786
2408,23,32,1943,3884
2409,5,32,26,50
2410,29,26,992,1982
2411,17,29,1340,2678
2412,23,26,1511,3020
2413,29,29,1737,3472
2414,29,29,964,1926
2415,17,32,1088,2174
2416,29,32,1989,3976
2417,17,32,371,740
2418,17,32,1386,2770
2419,11,29,503,1004
2420,23,32,604,1206
2421,11,29,2007,4012
2422,35,29,290,578
2423,17,35,776,1550
2424,11,17,266,530
2425,17,29,2391,4780
2426,11,23,1545,3088
2427,17,29,439,876
2428,11,26,298,594
2429,17,29,1296,2590
2430,17,29,2333,4664
2431,5,32,2160,4318
2432,29,32,2284,4566
2433,23,32,1153,2304
2434,17,32,2326,4650
2435,17,29,1144,2286
2436,23,29,1077,2152
2437,11,35,38,74
2438,17,32,1022,2042
2439,23,35,1010,2018
2440,5,26,24,46
2441,17,29,1437,2872
2442,11,23,47,92
2443,17,26,1838,3674
2444,23,26,176,350
2445,17,29,2032,4062
2446,23,32,1824,3646
2447,17,26,1200,2398
2448,11,26,989,1976
2449,23,29,1529,3056
2450,17,29,226,450
2451,23,32,518,1034
2452,23,26,215,428
2453,17,14,1610,3218
2454,17,26,1960,3918
2455,23,26,331,660
2456,11,29,1254,2506
2457,23,29,1538,3074
2458,11,29,1437,2872
2459,11,29,2188,4374
2460,17,29,116,230
2461,11,32,232,462
2462,29,29,1825,3648
2463,17,32,2063,4124
2464,17,26,1843,3684
2465,17,23,2318,4634
2466,11,29,2300,4598
2467,23,26,254,506
2468,17,29,1983,3964
2469,17,32,290,578
2470,11,29,2024,4046
2471,29,32,722,1442
2472,17,32,2165,4328
2473,23,26,1386,2770
2474,23,32,203,404
2475,17,32,2013,4024
2476,11,26,2325,4648
2477,35,32,1682,3362
2478,17,32,1097,2192
2479,23,26,1108,2214
2480,23,29,1538,3074
2481,11,26,906,1810
2482,11,17,1122,2242
2483,11,26,1370,2738
2484,17,20,1763,3524
2485,5,29,2478,4954
2486,11,29,103,204
2487,23,32,387,772
2488,11,32,1334,2666
2489,23,26,608,1214
2490,23,17,1829,3656
2491,11,26,23,44
2492,11,29,523,1044
2493,23,23,1588,3174
2494,23,29,1118,2234
2495,17,35,2247,4492
2496,11,32,2456,4910
2497,5,35,1999,3996
2498,23,26,1185,2368
2499,11,32,1160,2318
2500,17,29,939,1876
2501,29,17,2304,4606
2502,17,29,2172,4342
2503,29,26,855,1708
2504,11,35,1500,2998
2505,29,11,157,312
2506,23,35,2492,4982
2507,11,29,1666,3330
2508,17,23,1185,2368
2509,23,14,1490,2978
2510,17,32,1150,2298
2511,11,17,1374,2746
2512,23,32,1007,2012
2513,23,29,1176,2350
2514,23,35,2470,4938
2515,5,29,1919,3836
2516,11,32,45,88
2517,11,32,1109,2216
2518,11,23,1485,2968
2519,17,26,1964,3926
2520,23,26,1106,2210
2521,17,26,563,1124
2522,11,23,717,1432
2523,23,29,2107,4212
2524,17,32,1825,3648
2525,11,29,534,1066
2526,23,32,2094,4186
2527,17,29,1548,3094
2528,35,26,587,1172
2529,17,35,301,600
2530,35,23,1512,3022
2531,5,29,12,22
2532,17,29,966,1930
2533,11,17,1940,3878
2534,11,29,367,732
2535,17,26,1382,2762
2536,11,20,693,1384
2537,17,26,1720,3438
2538,23,35,1441,2880
2539,17,32,1249,2496
2540,11,26,372,742
2541,11,26,2051,4100
2542,23,26,799,1596
2543,11,29,2312,4622
2544,35,29,1452,2902
2545,23,11,1432,2862
2546,17,29,1344,2686
2547,17,29,694,1386
2548,17,32,1141,2280
2549,11,32,1134,2266
2550,17,29,2368,4734
2551,5,32,1459,2916
2552,17,29,565,1128
2553,35,26,1391,2780
2554,23,11,1755,3508
2555,17,32,2208,4414
2556,23,32,2204,4406
2557,17,32,543,1084
2558,29,35,1624,3246
2559,17,17,1080,2158
2560,17,26,946,1890
2561,29,26,336,670
2562,17,29,1107,2212
2563,11,23,2113,4224
2564,29,20,1142,2282
2565,17,32,1740,3478
2566,23,26,647,1292
2567,11,20,2383,4764
2568,29,26,2343,4684
2569,17,29,263,524
2570,23,29,945,1888
2571,17,32,320,638
2572,23,29,339,676
2573,17,29,750,1498
2574,29,23,1234,2466
2575,11,17,1167,2332
2576,11,26,2552,5102
2577,17,32,1252,2502
2578,17,23,1904,3806
2579,17,29,1362,2722
2580,17,29,1780,3558
2581,17,32,1128,2254
2582,11,29,349,696
2583,17,32,2456,4910
2584,23,29,512,1022
2585,11,29,279,556
2586,23,32,708,1414
2587,35,29,775,1548
2588,11,26,1380,2758
2589,5,29,107,212
2590,11,26,2292,4582
2591,29,29,2043,4084
2592,17,23,1528,3054
2593,23,26,2285,4568
2594,11,26,2295,4588
2595,23,29,702,1402
2596,17,29,672,1342
2597,17,29,1951,3900
2598,11,29,1915,3828
2599,23,29,1342,2682
2600,11,17,1420,2838
2601,35,32,2333,4664
2602,5,26,6,10
2603,17,29,1721,3440
2604,23,29,1828,3654
2605,17,29,1579,3156
2606,11,14,2525,5048
2607,17,23,785,1568
2608,17,32,1896,3790
2609,11,17,1181,2360
2610,17,29,404,806
2611,5,29,726,1450
2612,23,26,179,356
2613,17,26,2445,4888
2614,11,29,696,1390
2615,23,29,1581,3160
2616,17,29,1203,2404
2617,29,29,411,820
2618,11,20,2269,4536
2619,11,14,2210,4418
2620,17,23,1463,2924
2621,5,35,2578,5154
2622,17,29,125,248
2623,23,32,885,1768
2624,29,35,1686,3370
2625,11,29,1027,2052
2626,17,32,1581,3160
2627,11,17,1930,3858
2628,11,23,2576,5150
2629,11,23,2494,4986
2630,23,32,1393,2784
2631,23,29,2223,4444
2632,29,29,1334,2666
2633,11,29,1345,2688
2634,11,32,1166,2330
2635,17,29,100,198
2636,23,35,1132,2262
2637,17,29,1136,2270
2638,17,26,995,1988
2639,11,29,503,1004
2640,17,29,2560,5118
2641,17,26,2367,4732
2642,11,32,2390,4778
2643,11,14,1074,2146
2644,23,20,1176,2350
2645,17,32,2530,5058
2646,17,23,836,1670
2647,11,29,2597,5192
2648,5,29,2059,4116
2649,17,26,1475,2948
2650,17,26,2428,4854
2651,23,29,1142,2282
2652,17,29,1488,2974
2653,11,26,57,112
2654,23,35,1113,2224
2655,11,26,2443,4884
2656,11,14,2572,5142
2657,5,29,132,262
2658,17,26,139,276
2659,17,32,720,1438
2660,23,29,849,1696
2661,23,26,1407,2812
2662,17,29,943,1884
2663,23,29,1917,3832
2664,11,26,1316,2630
2665,17,20,396,790
2666,17,29,282,562
2667,5,29,1070,2138
2668,17,29,91,180
2669,23,29,2098,4194
2670,29,35,348,694
2671,23,29,2387,4772
2672,17,32,1201,2400
2673,11,26,1330,2658
2674,17,26,1728,3454
2675,35,35,1606,3210
2676,23,35,1484,2966
2677,23,29,1964,3926
2678,11,17,1213,2424
2679,11,26,2328,4654
2680,23,29,2490,4978
2681,17,29,1338,2674
2682,5,26,1481,2960
2683,11,26,1914,3826
2684,17,29,2193,4384
2685,23,14,1931,3860
2686,17,26,2094,4186
2687,17,23,1418,2834
2688,11,5,672,1342
2689,5,20,439,876
2690,29,32,773,1544
2691,11,32,14,26
2692,11,32,2262,4522
2693,23,29,527,1052
2694,11,29,781,1560
2695,29,32,2134,4266
2696,17,29,2631,5260
2697,17,26,827,1652
2698,17,29,896,1790
2699,35,32,2453,4904
2700,11,26,2642,5282
2701,23,29,941,1880
2702,11,20,1880,3758
2703,11,26,58,114
2704,23,32,2277,4552
2705,11,32,2228,4454
2706,11,26,459,916
2707,17,32,2467,4932
2708,29,26,1052,2102
2709,29,35,2558,5114
2710,11,26,840,1678
2711,17,26,1362,2722
2712,17,29,823,1644
2713,11,29,2185,4368
2714,17,32,2442,4882
2715,23,35,1283,2564
2716,17,29,2172,4342
2717,17,29,177,352
2718,17,29,2207,4412
2719,17,26,610,1218
2720,17,32,378,754
2721,11,26,1376,2750
2722,17,35,145,288
2723,23,32,1852,3702
2724,23,20,2447,4892
2725,5,32,97,192
2726,11,14,1788,3574
2727,17,29,1126,2250
2728,29,32,1511,3020
2729,23,35,383,764
2730,23,32,1651,3300
2731,17,23,2634,5266
2732,17,35,778,1554
2733,23,20,1175,2348
2734,17,32,1165,2328
2735,5,29,2149,4296
2736,17,32,1783,3564
2737,17,35,534,1066
2738,23,26,634,1266
2739,17,32,284,566
2740,11,32,1478,2954
2741,11,26,1334,2666
2742,23,29,1737,3472
2743,11,29,167,332
2744,17,20,922,1842
2745,17,35,446,890
2746,23,29,238,474
2747,11,32,2728,5454
2748,17,26,2249,4496
2749,41,32,1368,2734
2750,11,29,539,1076
2751,17,32,1157,2312
2752,11,35,1354,2706
2753,23,26,489,976
2754,11,20,2689,5376
2755,17,32,2124,4246
2756,23,29,379,756
2757,23,35,1302,2602
2758,11,32,1517,3032
2759,11,26,706,1410
2760,17,29,2629,5256
2761,11,29,671,1340
2762,11,23,1457,2912
2763,23,29,850,1698
2764,17,29,574,1146
2765,17,29,2245,4488
2766,5,29,757,1512
2767,17,26,1486,2970
2768,11,20,1750,3498
2769,29,32,1367,2732
2770,29,29,517,1032
2771,5,29,98,194
2772,23,32,412,822
2773,17,29,257,512
2774,23,29,933,1864
2775,11,23,1007,2012
2776,29,29,874,1746
2777,11,26,515,1028
2778,41,17,130,258
2779,11,26,2185,4368
2780,53,26,1578,3154
2781,17,26,2058,4114
2782,11,35,1997,3992
2783,23,29,637,1272
2784,17,17,1784,3566
2785,17,29,2379,4756
2786,23,26,517,1032
2787,23,32,471,940
2788,23,32,706,1410
2789,23,29,2126,4250
2790,11,29,94,186
2791,11,23,295,588
2792,17,26,1870,3738
2793,11,29,373,744
2794,17,29,1583,3164
2795,17,29,1035,2068
2796,11,29,598,1194
2797,11,26,1939,3876
2798,5,29,2697,5392
2799,17,35,2673,5344
2800,11,29,326,650
2801,29,35,1936,3870
2802,11,23,10,18
2803,23,32,2083,4164
2804,17,29,666,1330
2805,29,29,1333,2664
2806,17,14,2543,5084
2807,23,35,1028,2054
2808,5,26,2791,5580
2809,17,29,829,1656
2810,29,32,975,1948
2811,11,29,1858,3714
2812,17,23,1724,3446
2813,17,32,501,1000
2814,11,29,2268,4534
2815,29,35,1298,2594
2816,29,32,453,904
2817,11,26,127,252
2818,29,32,1900,3798
2819,29,29,735,1468
2820,5,23,1466,2930
2821,11,26,2144,4286
2822,17,17,660,1318
2823,23,29,913,1824
2824,17,29,2352,4702
2825,17,23,1114,2226
2826,11,29,2707,5412
2827,35,26,1882,3762
2828,23,29,1074,2146
2829,11,26,1851,3700
2830,11,23,2533,5064
2831,11,29,357,712
2832,11,29,1760,3518
2833,17,29,2360,4718
2834,11,20,1794,3586
2835,29,35,1074,2146
2836,23,29,2551,5100
2837,17,29,628,1254
2838,11,32,865,1728
2839,5,32,822,1642
2840,23,23,1520,3038
2841,17,26,1959,3916
2842,17,29,1767,3532
2843,5,29,524,1046
2844,23,26,2160,4318
2845,11,29,547,1092
2846,11,26,348,694
2847,17,35,77,152
2848,23,26,1441,2880
2849,11,20,1537,3072
2850,17,29,1405,2808
2851,17,29,1729,3456
2852,5,29,2,2
2853,11,26,1731,3460
2854,17,29,800,1598
2855,17,32,115,228
2856,5,26,1066,2130
2857,17,29,817,1632
2858,17,29,949,1896
2859,17,29,783,1564
2860,23,20,1630,3258
2861,11,26,261,520
2862,23,29,1730,3458
2863,23,23,1399,2796
2864,17,29,936,1870
2865,11,17,1925,3848
2866,17,35,1235,2468
2867,23,23,2228,4454
2868,11,35,2829,5656
2869,17,26,1719,3436
2870,11,32,1380,2758
2871,11,35,2838,5674
2872,11,32,489,976
2873,17,26,1935,3868
2874,23,32,1151,2300
2875,29,29,587,1172
2876,5,32,1984,3966
2877,23,35,1267,2532
2878,17,26,106,210
2879,23,23,2847,5692
2880,23,32,2645,5288
2881,17,32,738,1474
2882,23,35,1251,2500
2883,5,20,788,1574
2884,17,29,1308,2614
2885,17,29,267,532
2886,41,29,1343,2684
2887,11,29,2563,5124
2888,11,32,1798,3594
2889,17,29,1785,3568
2890,29,32,514,1026
2891,17,29,1900,3798
2892,5,29,1991,3980
2893,17,29,578,1154
2894,23,32,1123,2244
2895,23,35,1543,3084
2896,5,20,972,1942
2897,23,23,1642,3282
2898,11,29,2217,4432
2899,17,29,1972,3942
2900,5,29,705,1408
2901,35,26,2282,4562
2902,17,20,2561,5120
2903,17,32,2374,4746
2904,17,20,2473,4944
2905,17,35,2156,4310
2906,11,29,2007,4012
2907,17,29,524,1046
2908,11,32,2139,4276
2909,17,23,898,1794
2910,17,32,216,430
2911,11,32,2688,5374
2912,23,26,1869,3736
2913,23,29,878,1754
2914,17,23,1148,2294
2915,11,29,1387,2772
2916,29,29,577,1152
2917,17,29,2755,5508
2918,11,35,2710,5418
2919,23,32,2265,4528
2920,17,32,2648,5294
2921,11,29,1354,2706
2922,23,23,239,476
2923,11,23,57,112
2924,11,29,756,1510
2925,29,35,1613,3224
2926,23,29,2666,5330
2927,17,23,307,612
2928,11,29,259,516
2929,29,35,2079,4156
2930,17,32,470,938
2931,17,35,2173,4344
2932,17,32,2011,4020
2933,17,32,1141,2280
2934,23,32,1110,2218
2935,11,23,700,1398
2936,17,23,2257,4512
2937,29,35,361,720
2938,23,23,1021,2040
2939,23,20,390,778
2940,17,29,1857,3712
2941,11,20,482,962
2942,11,35,1071,2140
2943,17,26,2410,4818
2944,29,32,510,1018
2945,35,35,2436,4870
2946,11,32,19,36
2947,11,26,1686,3370
2948,29,35,1116,2230
2949,23,32,1243,2484
2950,11,23,1669,3336
2951,17,32,846,1690
2952,17,32,2097,4192
2953,11,26,455,908
2954,17,23,35,68
2955,17,29,2461,4920
2956,23,32,1118,2234
2957,17,26,951,1900
2958,11,20,1595,3188
2959,11,29,2403,4804
2960,11,26,1126,2250
2961,17,29,916,1830
2962,17,35,1532,3062
2963,41,32,487,972
2964,23,26,2658,5314
2965,17,26,1094,2186
2966,11,14,2318,4634
2967,23,32,2207,4412
2968,23,32,1477,2952
2969,5,23,2959,5916
2970,17,32,2148,4294
2971,23,35,1514,3026
2972,17,32,2687,5372
2973,11,35,754,1506
2974,17,26,2537,5072
2975,17,8,1117,2232
2976,17,23,986,1970
2977,17,29,2055,4108
2978,11,29,2883,5764
2979,17,29,1230,2458
2980,17,23,2712,5422
2981,29,32,2475,4948
2982,17,35,2853,5704
2983,17,26,516,1030
2984,17,29,2303,4604
2985,41,26,344,686
2986,17,32,934,1866
2987,11,29,1269,2536
2988,23,29,579,1156
2989,17,32,176,350
2990,29,29,702,1402
2991,23,29,943,1884
2992,17,29,541,1080
2993,11,29,2505,5008
2994,11,26,1266,2530
2995,23,23,1296,2590
2996,17,26,2523,5044
2997,11,17,2202,4402
2998,17,29,1091,2180
2999,23,35,735,1468
3000,23,35,685,1368
3001,17,35,239,476
3002,29,29,1246,2490
3003,17,26,1612,3222
3004,17,32,374,746
3005,23,23,1772,3542
3006,17,32,2518,5034
3007,11,29,690,1378
3008,11,29,1019,2036
3009,17,29,1626,3250
3010,23,20,1246,2490
3011,17,32,2428,4854
3012,11,17,2307,4612
3013,23,29,1828,3654
3014,11,23,2485,4968
3015,11,26,77,152
3016,17,32,2231,4460
3017,11,32,540,1078
3018,17,32,2893,5784
3019,23,26,2624,5246
3020,11,29,598,1194
3021,17,29,1359,2716
3022,17,32,2460,4918
3023,29,29,1539,3076
3024,23,29,2602,5202
3025,11,29,97,192
3026,17,14,472,942
3027,11,20,71,140
3028,23,26,678,1354
3029,17,32,1723,3444
3030,17,29,428,854
3031,23,26,361,720
3032,11,26,1971,3940
3033,23,29,1301,2600
3034,11,20,355,708
3035,11,32,1430,2858
3036,23,32,437,872
3037,17,29,2792,5582
3038,17,26,610,1218
3039,23,32,1578,3154
3040,17,20,306,610
3041,17,26,1883,3764
3042,5,32,2560,5118
3043,17,29,1430,2858
3044,11,26,1419,2836
3045,41,26,1373,2744
3046,17,23,2464,4926
3047,11,17,524,1046
3048,11,26,1683,3364
3049,17,35,2137,4272
3050,11,17,2717,5432
3051,17,35,1924,3846
3052,17,29,1201,2400
3053,11,20,1265,2528
3054,11,23,1730,3458
3055,11,32,1231,2460
3056,29,32,2455,4908
3057,41,29,1431,2860
3058,11,32,288,574
3059,5,29,135,268
3060,11,26,304,606
3061,11,29,475,948
3062,17,35,2045,4088
3063,23,26,976,1950
3064,11,29,1343,2684
3065,23,29,859,1716
3066,17,32,534,1066
3067,23,23,178,354
3068,17,26,880,1758
3069,17,32,202,402
3070,23,29,2294,4586
3071,17,35,1572,3142
3072,17,32,2000,3998
3073,17,32,2382,4762
3074,29,32,1028,2054
3075,5,29,3067,6132
3076,17,29,64,126
3077,17,32,353,704
3078,23,35,1731,3460
3079,23,35,1028,2054
3080,23,35,499,996
3081,17,35,577,1152
3082,23,23,1167,2332
3083,23,29,2526,5050
3084,17,32,670,1338
3085,29,32,2831,5660
3086,17,35,21,40
3087,17,35,943,1884
3088,23,35,1136,2270
3089,23,35,1323,2644
3090,11,26,272,542
3091,17,26,815,1628
3092,29,26,2458,4914
3093,17,26,453,904
3094,11,29,613,1224
3095,29,35,2367,4732
3096,17,35,21,40
3097,29,35,2062,4122
3098,17,35,3023,6044
3099,17,35,671,1340
3100,17,26,2838,5674
3101,5,29,3091,6180
3102,11,29,1353,2704
3103,17,32,2311,4620
3104,11,29,80,158
3105,17,20,800,1598
3106,23,26,758,1514
3107,11,32,833,1664
3108,11,23,303,604
3109,17,32,1902,3802
3110,23,35,969,1936
3111,17,26,2693,5384
3112,17,29,2356,4710
3113,5,32,3042,6082
3114,23,29,2027,4052
3115,11,29,2389,4776
3116,17,20,2605,5208
3117,17,32,3116,6230
3118,35,32,1966,3930
3119,23,23,2255,4508
3120,23,35,2178,4354
3121,23,29,1997,3992
3122,11,32,2785,5568
3123,5,29,2022,4042
3124,23,32,2860,5718
3125,17,26,2277,4552
3126,29,29,1860,3718
3127,23,26,1203,2404
3128,17,32,261,520
3129,17,23,1773,3544
3130,23,32,939,1876
3131,5,29,2810,5618
3132,11,32,2421,4840
3133,11,23,1971,3940
3134,17,35,683,1364
3135,29,35,2002,4002
3136,23,26,594,1186
3137,23,29,696,1390
3138,23,32,715,1428
3139,23,23,160,318
3140,17,23,2810,5618
3141,23,17,1915,3828
3142,11,29,3134,6266
3143,23,29,82,162
3144,23,20,2383,4764
3145,17,35,3124,6246
3146,35,29,1582,3162
3147,11,35,1938,3874
3148,11,32,2790,5578
3149,11,29,2991,5980
3150,17,32,2235,4468
3151,17,26,1212,2422
3152,23,35,2255,4508
3153,17,32,1405,2808
3154,23,32,1211,2420
3155,17,32,1067,2132
3156,23,35,2304,4606
3157,23,26,2683,5364
3158,29,32,3024,6046
3159,17,32,3096,6190
3160,11,32,3106,6210
3161,17,26,659,1316
3162,41,29,1577,3152
3163,17,35,1735,3468
3164,11,26,1711,3420
3165,11,32,2366,4730
3166,23,26,1043,2084
3167,23,29,251,500
3168,23,26,1850,3698
3169,17,35,1438,2874
3170,17,29,33,64
3171,17,29,2097,4192
3172,11,29,1229,2456
3173,17,29,2865,5728
3174,23,32,2454,4906
3175,23,23,707,1412
3176,17,29,853,1704
3177,17,32,1875,3748
3178,23,32,2413,4824
3179,17,29,1746,3490
3180,35,29,487,972
3181,29,32,604,1206
3182,29,20,2313,4624
3183,17,29,1129,2256
3184,41,23,1155,2308
3185,17,23,1531,3060
3186,23,32,1133,2264
3187,11,29,2263,4524
3188,23,32,2333,4664
3189,17,29,3012,6022
3190,11,26,1962,3922
3191,17,32,2676,5350
3192,17,29,84,166
3193,35,8,1996,3990
3194,23,32,892,1782
3195,17,35,197,392
3196,17,29,457,912
3197,11,23,2610,5218
3198,23,26,1630,3258
3199,17,29,672,1342
3200,23,23,1937,3872
3201,17,32,655,1308
3202,17,35,3017,6032
3203,23,29,2968,5934
3204,29,35,1950,3898
3205,29,23,2190,4378
3206,17,29,721,1440
3207,11,29,818,1634
3208,11,35,1904,3806
3209,17,26,2501,5000
3210,23,32,904,1806
3211,23,32,2517,5032
3212,35,26,2302,4602
3213,23,32,2405,4808
3214,17,29,1334,2666
3215,5,14,3115,6228
3216,23,29,1065,2128
3217,23,32,1418,2834
3218,35,23,2853,5704
3219,11,32,2639,5276
3220,23,26,2383,4764
3221,17,26,2167,4332
3222,5,26,132,262
3223,17,29,425,848
3224,17,35,1095,2188
3225,23,35,2472,4942
3226,17,32,218,434
3227,17,32,1057,2112
3228,23,26,2958,5914
3229,23,32,1102,2202
3230,23,29,2262,4522
3231,17,32,983,1964
3232,35,32,2267,4532
3233,5,23,767,1532
3234,17,29,1409,2816
3235,23,26,2459,4916
3236,41,23,745,1488
3237,11,29,230,458
3238,23,32,591,1180
3239,41,32,1001,2000
3240,23,26,2120,4238
3241,23,29,3136,6270
3242,35,26,1564,3126
3243,23,23,2952,5902
3244,17,20,1390,2778
3245,17,32,2679,5356
3246,17,35,946,1890
3247,11,29,998,1994
3248,17,26,1845,3688
3249,17,32,2920,5838
3250,23,29,2987,5972
3251,17,35,3006,6010
3252,23,14,3152,6302
3253,11,17,3202,6402
3254,17,32,1193,2384
3255,35,23,2430,4858
3256,17,29,3125,6248
3257,17,26,895,1788
3258,11,32,48,94
3259,17,29,1294,2586
3260,11,35,1740,3478
3261,23,35,2308,4614
3262,11,26,2427,4852
3263,29,26,2632,5262
3264,17,32,2281,4560
3265,17,23,727,1452
3266,17,29,1839,3676
3267,23,35,2549,5096
3268,11,29,2966,5930
3269,23,32,2492,4982
3270,5,29,2807,5612
3271,29,35,2673,5344
3272,23,32,2755,5508
3273,5,32,3247,6492
3274,5,17,2199,4396
3275,17,29,911,1820
3276,5,26,234,466
3277,17,32,2405,4808
3278,5,29,353,704
3279,23,23,1037,2072
3280,17,32,1926,3850
3281,29,29,809,1616
3282,23,26,2890,5778
3283,17,29,116,230
3284,23,29,2176,4350
3285,11,29,2454,4906
3286,23,29,1993,3984
3287,29,14,720,1438
3288,11,32,3284,6566
3289,17,32,3044,6086
3290,23,35,1503,3004
3291,11,29,1397,2792
3292,11,35,626,1250
3293,23,26,1177,2352
3294,11,35,2814,5626
3295,17,20,1879,3756
3296,11,32,5,8
3297,23,23,503,1004
3298,11,29,3216,6430
3299,17,32,2334,4666
3300,17,23,761,1520
3301,11,26,2108,4214
3302,17,26,2146,4290
3303,17,29,2920,5838
3304,5,35,2478,4954
3305,11,26,1633,3264
3306,11,32,795,1588
3307,23,29,1469,2936
3308,17,29,2787,5572
3309,29,32,615,1228
3310,11,17,2740,5478
3311,17,32,1655,3308
3312,11,23,2109,4216
3313,11,29,318,634
3314,23,32,1046,2090
3315,17,26,1339,2676
3316,11,32,1189,2376
3317,29,32,2807,5612
3318,11,35,36,70
3319,23,32,1036,2070
3320,23,35,36,70
3321,29,26,642,1282
3322,5,32,3321,6640
3323,17,32,1079,2156
3324,17,35,2047,4092
3325,29,32,1528,3054
3326,23,29,606,1210
3327,41,29,2486,4970
3328,11,29,3246,6490
3329,11,26,1838,3674
3330,23,26,956,1910
3331,35,32,2510,5018
3332,23,26,2245,4488
3333,11,20,443,884
3334,5,29,3226,6450
3335,17,32,1021,2040
3336,17,20,79,156
3337,17,32,1263,2524
3338,11,23,1761,3520
3339,17,26,2942,5882
3340,11,32,2271,4540
3341,35,29,1733,3464
3342,17,32,850,1698
3343,17,17,2978,5954
3344,11,35,311,620
3345,17,20,1122,2242
3346,17,29,2500,4998
3347,11,35,2809,5616
3348,17,26,306,610
3349,17,26,292,582
3350,17,23,1870,3738
3351,23,29,2490,4978
3352,29,26,3017,6032
3353,17,35,37,72
3354,17,29,2204,4406
3355,11,32,2341,4680
3356,23,32,450,898
3357,11,26,1594,3186
3358,17,35,1498,2994
3359,17,26,2894,5786
3360,11,26,2788,5574
3361,23,26,2318,4634
3362,11,20,550,1098
3363,17,29,2288,4574
3364,17,29,1152,2302
3365,35,29,1765,3528
3366,23,26,884,1766
3367,17,35,3104,6206
3368,29,5,843,1684
3369,29,29,404,806
3370,29,32,655,1308
3371,17,26,321,640
3372,17,26,1494,2986
3373,11,29,1517,3032
3374,23,32,2251,4500
3375,17,17,581,1160
3376,17,35,2063,4124
3377,17,32,1713,3424
3378,11,23,2785,5568
3379,29,32,535,1068
3380,11,29,2438,4874
3381,17,20,766,1530
3382,29,26,706,1410
3383,23,29,2019,4036
3384,29,26,1130,2258
3385,17,32,2266,4530
3386,17,26,2189,4376
3387,23,26,2018,4034
3388,23,35,934,1866
3389,17,32,862,1722
3390,11,32,2859,5716
3391,23,23,2716,5430
3392,23,20,502,1002
3393,23,20,609,1216
3394,17,35,2121,4240
3395,11,17,2707,5412
3396,23,35,420,838
3397,23,20,1513,3024
3398,17,23,2934,5866
3399,11,29,3281,6560
3400,17,20,2949,5896
3401,17,32,3120,6238
3402,11,23,836,1670
3403,29,35,1806,3610
3404,11,20,825,1648
3405,11,26,3040,6078
3406,17,32,2866,5730
3407,23,35,3064,6126
3408,23,32,1306,2610
3409,17,35,2986,5970
3410,11,23,2248,4494
3411,29,26,1604,3206
3412,11,32,191,380
3413,17,29,1941,3880
3414,17,29,2650,5298
3415,23,29,1444,2886
3416,23,35,1927,3852
3417,11,26,2984,5966
3418,23,32,2054,4106
3419,11,23,2044,4086
3420,17,32,2288,4574
3421,17,14,1175,2348
3422,35,29,2349,4696
3423,29,26,1196,2390
3424,23,26,1037,2072
3425,23,29,2979,5956
3426,17,35,1400,2798
3427,23,32,775,1548
3428,11,35,1003,2004
3429,11,26,2417,4832
3430,5,23,1969,3936
3431,11,29,191,380
3432,17,29,1040,2078
3433,11,32,232,462
3434,23,26,2516,5030
3435,23,32,3135,6268
3436,17,32,3041,6080
3437,5,32,3395,6788
3438,17,29,43,84
3439,17,29,1145,2288
3440,17,29,761,1520
3441,11,23,2030,4058
3442,23,35,2739,5476
3443,23,29,1381,2760
3444,23,32,2800,5598
3445,23,23,14,26
3446,23,23,1978,3954
3447,11,29,3342,6682
3448,17,32,2143,4284
3449,17,26,1610,3218
3450,17,26,854,1706
3451,17,32,723,1444
3452,17,29,1984,3966
3453,17,32,777,1552
3454,23,29,2911,5820
3455,23,32,707,1412
3456,23,32,1152,2302
3457,17,26,3410,6818
3458,23,35,1103,2204
3459,11,29,1144,2286
3460,17,32,1265,2528
3461,17,29,3161,6320
3462,17,32,582,1162
3463,11,32,675,1348
3464,17,23,2557,5112
3465,23,32,2692,5382
3466,17,35,2240,4478
3467,23,29,992,1982
3468,23,32,1433,2864
3469,29,29,1121,2240
3470,29,32,3204,6406
3471,29,35,2640,5278
3472,17,32,584,1166
3473,17,26,2665,5328
3474,17,29,904,1806
3475,17,32,1579,3156
3476,23,26,2436,4870
3477,11,29,1313,2624
3478,29,32,2358,4714
3479,29,35,1311,2620
3480,23,35,1308,2614
3481,17,29,2512,5022
3482,23,35,2625,5248
3483,11,23,502,1002
3484,23,29,2677,5352
3485,23,29,2786,5570
3486,11,20,353,704
3487,29,26,2092,4182
3488,11,17,1799,3596
3489,23,29,977,1952
3490,11,29,671,1340
3491,29,32,956,1910
3492,11,29,1304,2606
3493,17,32,802,1602
3494,11,11,1963,3924
3495,17,35,433,864
3496,17,29,2625,5248
3497,11,20,3088,6174
3498,5,29,1799,3596
3499,17,23,942,1882
3500,17,20,1394,2786
3501,17,23,3433,6864
3502,17,35,1418,2834
3503,17,26,3224,6446
3504,29,29,960,1918
3505,17,35,921,1840
3506,17,35,775,1548
3507,23,32,2026,4050
3508,35,17,823,1644
3509,17,35,1130,2258
3510,17,23,40,78
3511,11,29,536,1070
3512,11,29,2610,5218
3513,23,32,2605,5208
3514,23,20,1620,3238
3515,17,29,779,1556
3516,17,26,582,1162
3517,23,29,43,84
3518,11,32,1469,2936
3519,11,32,2820,5638
3520,29,32,212,422
3521,11,32,1552,3102
3522,17,32,3279,6556
3523,5,32,3456,6910
3524,11,35,1897,3792
3525,17,35,470,938
3526,17,26,2251,4500
3527,17,32,1062,2122
3528,17,35,362,722
3529,11,26,2902,5802
3530,17,32,95,188
3531,17,32,1480,2958
3532,17,23,841,1680
3533,23,20,3175,6348
3534,17,32,716,1430
3535,17,26,3168,6334
3536,23,26,239,476
3537,23,32,2047,4092
3538,17,23,511,1020
3539,17,32,1850,3698
3540,11,32,178,354
3541,23,32,2173,4344
3542,11,35,860,1718
3543,23,29,237,472
3544,17,23,1451,2900
3545,11,32,2654,5306
3546,17,35,1472,2942
3547,17,35,1735,3468
3548,17,32,1737,3472
3549,23,26,2225,4448
3550,29,35,2020,4038
3551,17,29,1509,3016
3552,11,29,3458,6914
3553,17,26,2950,5898
3554,17,35,2487,4972
3555,23,29,1496,2990
3556,17,29,780,1558
3557,17,32,2127,4252
3558,23,32,2782,5562
3559,11,26,2119,4236
3560,35,35,2345,4688
3561,29,26,1911,3820
3562,11,29,858,1714
3563,23,26,1427,2852
3564,17,29,867,1732
3565,23,35,2732,5462
3566,11,32,2265,4528
3567,17,32,1026,2050
3568,23,32,2956,5910
3569,17,23,3276,6550
3570,17,32,1022,2042
3571,11,35,149,296
3572,11,17,1061,2120
3573,17,32,339,676
3574,23,29,3529,7056
3575,23,35,3544,7086
3576,23,32,3414,6826
3577,23,32,292,582
3578,17,32,1235,2468
3579,17,26,2147,4292
3580,23,29,2988,5974
3581,5,23,3512,7022
3582,23,29,2341,4680
3583,23,29,466,930
3584,29,32,2823,5644
3585,17,20,197,392
3586,17,35,1253,2504
3587,17,23,3124,6246
3588,23,35,166,330
3589,17,29,3053,6104
3590,17,26,3150,6298
3591,23,23,1697,3392
3592,11,32,2706,5410
3593,17,29,1379,2756
3594,17,29,1075,2148
3595,29,29,769,1536
3596,11,35,3412,6822
3597,11,35,838,1674
3598,5,20,2500,4998
3599,11,26,2986,5970
3600,11,26,385,768
3601,17,32,111,220
3602,41,32,2393,4784
3603,17,32,245,488
3604,5,32,255,508
3605,11,35,1718,3434
3606,17,29,1919,3836
3607,23,35,3145,6288
3608,17,32,918,1834
3609,41,32,1174,2346
3610,17,32,798,1594
3611,23,32,276,550
3612,17,35,2240,4478
3613,11,29,1648,3294
3614,11,29,3407,6812
3615,11,35,301,600
3616,17,32,3162,6322
3617,17,35,2070,4138
3618,23,32,1815,3628
3619,11,29,2527,5052
3620,17,35,1522,3042
3621,17,32,2279,4556
3622,23,29,660,1318
3623,29,26,2228,4454
3624,29,26,885,1768
3625,17,32,108,214
3626,17,20,1386,2770
3627,5,20,2693,5384
3628,11,29,3220,6438
3629,23,29,399,796
3630,23,23,211,420
3631,11,32,295,588
3632,29,32,1884,3766
3633,17,32,963,1924
3634,17,35,1640,3278
3635,11,26,2946,5890
3636,17,29,1395,2788
3637,17,29,2852,5702
3638,11,29,3108,6214
3639,17,26,1600,3198
3640,11,23,2574,5146
3641,29,32,1271,2540
3642,11,14,1024,2046
3643,11,29,3340,6678
3644,29,20,198,394
3645,23,26,1815,3628
3646,17,32,2205,4408
3647,17,35,924,1846
3648,17,26,862,1722
3649,17,26,1347,2692
3650,23,32,750,1498
3651,17,32,2151,4300
3652,35,32,3162,6322
3653,11,26,1091,2180
3654,17,35,320,638
3655,29,32,1111,2220
3656,29,32,1308,2614
3657,17,32,348,694
3658,11,26,3149,6296
3659,17,32,1395,2788
3660,11,32,2177,4352
3661,17,32,2347,4692
3662,5,32,1277,2552
3663,11,26,2597,5192
3664,23,23,3192,6382
3665,11,29,2059,4116
3666,29,32,2442,4882
3667,11,29,3519,7036
3668,23,23,3367,6732
3669,29,20,2835,5668
3670,17,23,2221,4440
3671,23,32,3046,6090
3672,17,29,1890,3778
3673,35,32,643,1284
3674,11,29,900,1798
3675,11,35,1921,3840
3676,23,29,3156,6310
3677,23,32,1489,2976
3678,23,35,1525,3048
3679,5,32,3041,6080
3680,17,29,3489,6976
3681,23,32,1374,2746
3682,29,35,1562,3122
3683,17,29,3485,6968
3684,11,35,2690,5378
3685,17,20,1122,2242
3686,17,29,1997,3992
3687,5,29,679,1356
3688,11,26,1045,2088
3689,17,11,1615,3228
3690,11,29,3216,6430
3691,17,32,397,792
3692,17,32,3091,6180
3693,23,35,3335,6668
3694,5,29,2808,5614
3695,11,32,1087,2172
3696,17,26,3312,6622
3697,17,35,500,998
3698,5,23,3481,6960
3699,17,35,320,638
3700,17,32,1743,3484
3701,5,29,1861,3720
3702,17,32,2847,5692
3703,17,35,1285,2568
3704,17,29,2058,4114
3705,41,35,3269,6536
3706,35,26,1208,2414
3707,17,32,1613,3224
3708,17,32,1870,3738
3709,11,29,2554,5106
3710,23,32,121,240
3711,17,29,113,224
3712,11,29,1069,2136
3713,11,32,422,842
3714,11,20,3453,6904
3715,17,35,750,1498
3716,17,23,1669,3336
3717,35,29,1584,3166
3718,17,32,324,646
3719,23,35,1266,2530
3720,11,17,1336,2670
3721,23,29,76,150
3722,11,32,1422,2842
3723,23,26,2596,5190
3724,5,29,2651,5300
3725,17,29,3189,6376
3726,11,29,3235,6468
3727,29,32,2798,5594
3728,11,23,3422,6842
3729,23,32,1261,2520
3730,17,32,3549,7096
3731,23,32,125,248
3732,23,32,409,816
3733,17,29,40,78
3734,29,32,238,474
3735,23,32,3340,6678
3736,11,35,3661,7320
3737,17,32,2209,4416
3738,29,11,1634,3266
3739,23,32,139,276
3740,17,32,1192,2382
3741,23,32,1749,3496
3742,17,32,3255,6508
3743,23,29,90,178
3744,23,29,106,210
3745,11,29,618,1234
3746,17,29,3552,7102
3747,23,26,651,1300
3748,17,20,1259,2516
3749,17,29,698,1394
3750,17,32,1143,2284
3751,23,26,3408,6814
3752,17,35,288,574
3753,17,32,1191,2380
3754,41,35,525,1048
3755,23,26,769,1536
3756,29,35,2603,5204
3757,11,11,705,1408
3758,17,32,456,910
3759,35,23,3334,6666
3760,35,32,541,1080
3761,11,29,67,132
3762,5,29,1376,2750
3763,23,32,3379,6756
3764,11,32,3427,6852
3765,23,35,2025,4048
3766,17,32,1352,2702
3767,11,29,634,1266
3768,17,26,109,216
3769,29,29,2860,5718
3770,17,26,153,304
3771,11,29,11,20
3772,23,32,431,860
3773,11,26,1836,3670
3774,35,32,3073,6144
3775,29,29,579,1156
3776,23,32,130,258
3777,17,35,217,432
3778,29,32,3422,6842
3779,23,29,2292,4582
3780,29,35,2795,5588
3781,17,32,204,406
3782,17,35,3687,7372
3783,17,32,2880,5758
3784,17,29,1819,3636
3785,5,20,146,290
3786,11,29,3477,6952
3787,5,35,3526,7050
3788,17,26,1916,3830
3789,17,32,2268,4534
3790,35,29,810,1618
3791,41,35,2432,4862
3792,17,35,2125,4248
3793,11,14,2487,4972
3794,17,32,1556,3110
3795,11,11,1186,2370
3796,35,32,176,350
3797,29,23,3160,6318
3798,17,29,780,1558
3799,23,20,2523,5044
3800,17,32,3669,7336
3801,35,26,1015,2028
3802,17,29,1463,2924
3803,23,32,1833,3664
3804,23,26,2801,5600
3805,5,29,605,1208
3806,17,29,3617,7232
3807,23,35,3538,7074
3808,17,32,3572,7142
3809,17,29,55,108
3810,17,32,1441,2880
3811,29,26,1257,2512
3812,23,35,1885,3768
3813,11,32,1923,3844
3814,29,35,3184,6366
3815,23,32,1454,2906
3816,17,32,3150,6298
3817,23,20,2355,4708
3818,11,29,113,224
3819,23,26,2887,5772
3820,23,32,3392,6782
3821,11,32,3453,6904
3822,17,32,1098,2194
3823,17,32,865,1728
3824,23,26,2307,4612
3825,11,29,3423,6844
3826,17,29,1220,2438
3827,11,23,2704,5406
3828,23,26,2026,4050
3829,17,23,3217,6432
3830,23,29,3595,7188
3831,17,26,1579,3156
3832,17,26,2986,5970
3833,17,32,1136,2270
3834,17,20,1828,3654
3835,17,29,1765,3528
3836,11,29,92,182
3837,17,35,2857,5712
3838,17,35,2192,4382
3839,29,29,3281,6560
3840,17,35,202,402
3841,5,29,3,4
3842,23,32,133,264
3843,11,26,2935,5868
3844,5,32,5,8
3845,17,20,931,1860
3846,17,26,2829,5656
3847,11,32,930,1858
3848,17,23,2030,4058
3849,17,26,578,1154
3850,11,29,1673,3344
3851,17,26,2129,4256
3852,29,29,1110,2218
3853,17,32,265,528
3854,17,32,2557,5112
3855,23,29,2224,4446
3856,11,29,2865,5728
3857,17,35,3761,7520
3858,17,32,423,844
3859,23,32,1823,3644
3860,17,26,2812,5622
3861,29,20,1961,3920
3862,23,32,3082,6162
3863,23,32,3820,7638
3864,23,29,736,1470
3865,23,17,423,844
3866,17,35,797,1592
3867,23,29,1363,2724
3868,23,26,3178,6354
3869,11,26,3453,6904
3870,23,35,1322,2642
3871,29,20,272,542
3872,23,29,1093,2184
3873,23,29,420,838
3874,11,23,1710,3418
3875,17,32,65,128
3876,17,35,2927,5852
3877,23,32,1024,2046
3878,17,29,3661,7320
3879,17,29,2951,5900
3880,11,32,322,642
3881,29,35,2811,5620
3882,35,32,1730,3458
3883,11,32,2785,5568
3884,23,32,2531,5060
3885,11,32,1220,2438
3886,11,26,1267,2532
3887,11,23,2110,4218
3888,17,32,1759,3516
3889,17,29,3565,7128
3890,11,26,2926,5850
3891,11,32,3293,6584
3892,17,32,1468,2934
3893,17,32,324,646
3894,11,29,1144,2286
3895,17,35,2122,4242
3896,17,32,3765,7528
3897,29,32,1314,2626
3898,17,29,224,446
3899,17,32,356,710
3900,29,20,213,424
3901,17,29,1923,3844
3902,17,29,3409,6816
3903,17,23,3644,7286
3904,23,26,2371,4740
3905,29,32,3330,6658
3906,11,26,190,378
3907,23,29,3484,6966
3908,23,29,1629,3256
3909,17,29,3104,6206
3910,17,29,1401,2800
3911,29,32,597,1192
3912,29,20,3699,7396
3913,29,35,238,474
3914,17,29,1661,3320
3915,5,35,3,4
3916,23,29,2916,5830
3917,17,29,2528,5054
3918,17,35,1248,2494
3919,17,32,2853,5704
3920,17,29,156,310
3921,11,8,3432,6862
3922,35,35,558,1114
3923,17,20,213,424
3924,29,29,2531,5060
3925,17,35,1068,2134
3926,17,26,3643,7284
3927,29,35,327,652
3928,17,32,3100,6198
3929,29,29,1569,3136
3930,29,29,3428,6854
3931,17,32,1637,3272
3932,11,29,893,1784
3933,11,35,3872,7742
3934,17,32,635,1268
3935,17,32,1820,3638
3936,17,35,3182,6362
3937,17,35,2341,4680
3938,23,23,1553,3104
3939,23,29,140,278
3940,11,23,2814,5626
3941,11,23,1030,2058
3942,17,32,3059,6116
3943,5,29,3894,7786
3944,23,26,2980,5958
3945,11,32,2949,5896
3946,29,32,2282,4562
3947,17,32,2379,4756
3948,23,32,244,486
3949,23,32,1931,3860
3950,29,32,3575,7148
3951,17,20,2994,5986
3952,23,29,1787,3572
3953,5,23,2885,5768
3954,23,32,473,944
3955,11,26,904,1806
3956,11,26,487,972
3957,17,32,2799,5596
3958,23,26,610,1218
3959,23,26,1615,3228
3960,11,26,378,754
3961,23,26,3366,6730
3962,17,29,2000,3998
3963,17,29,2852,5702
3964,17,32,106,210
3965,17,32,230,458
3966,17,32,3922,7842
3967,23,35,561,1120
3968,11,29,3816,7630
3969,29,29,2508,5014
3970,17,29,1376,2750
3971,17,35,3670,7338
3972,11,11,2234,4466
3973,17,29,2681,5360
3974,29,32,1674,3346
3975,29,26,2881,5760
3976,11,29,18,34
3977,17,32,1387,2772
3978,11,32,3645,7288
3979,11,29,188,374
3980,17,32,942,1882
3981,29,26,1361,2720
3982,11,29,1651,3300
3983,17,29,284,566
3984,23,29,1318,2634
3985,17,26,910,1818
3986,11,35,2356,4710
3987,17,35,1190,2378
3988,17,23,3193,6384
3989,11,35,9,16
3990,17,23,732,1462
3991,23,29,1376,2750
3992,11,29,806,1610
3993,23,17,2058,4114
3994,23,32,1507,3012
3995,17,32,2909,5816
3996,11,26,1772,3542
3997,29,32,1692,3382
3998,11,23,3984,7966
3999,23,35,382,762
4000,23,32,1439,2876
4001,11,29,3027,6052
4002,11,29,1026,2050
4003,23,29,3242,6482
4004,5,32,18,34
4005,11,32,431,860
4006,17,35,1147,2292
4007,11,26,665,1328
4008,23,35,115,228
4009,17,32,2684,5366
4010,11,29,1107,2212
4011,23,29,1226,2450
4012,5,35,1480,2958
4013,23,26,1889,3776
4014,17,35,910,1818
4015,17,32,1103,2204
4016,17,29,1398,2794
4017,17,32,1131,2260
4018,17,32,3384,6766
4019,17,20,2167,4332
4020,23,26,2442,4882
4021,11,26,3464,6926
4022,23,20,3173,6344
4023,11,32,2347,4692
4024,47,32,2347,4692
4025,17,29,1128,2254
4026,17,29,507,1012
4027,23,32,2819,5636
4028,17,26,2699,5396
4029,11,23,3038,6074
4030,11,32,328,654
4031,17,32,3711,7420
4032,17,29,3076,6150
4033,11,29,3539,7076
4034,29,32,2712,5422
4035,23,35,2191,4380
4036,17,23,3799,7596
4037,23,32,3436,6870
4038,23,35,2833,5664
4039,17,35,851,1700
4040,23,29,3791,7580
4041,23,32,645,1288
4042,11,26,4019,8036
4043,23,23,1311,2620
4044,29,32,3655,7308
4045,11,32,815,1628
4046,11,29,169,336
4047,17,29,3404,6806
4048,17,29,2003,4004
4049,17,35,268,534
4050,17,35,2352,4702
4051,35,29,1807,3612
4052,23,35,3693,7384
4053,17,32,2586,5170
4054,11,29,550,1098
4055,23,23,1632,3262
4056,17,29,1540,3078
4057,23,26,3891,7780
4058,17,35,3924,7846
4059,11,32,2901,5800
4060,23,32,3312,6622
4061,35,32,2905,5808
4062,11,26,2659,5316
4063,23,35,2266,4530
4064,23,32,3920,7838
4065,17,32,2349,4696
4066,17,29,4054,8106
4067,17,26,3965,7928
4068,17,32,2656,5310
4069,23,14,2671,5340
4070,23,26,436,870
4071,11,35,2930,5858
4072,11,26,2360,4718
4073,23,35,2462,4922
4074,35,32,2270,4538
4075,29,17,3503,7004
4076,17,32,3434,6866
4077,29,32,2646,5290
4078,17,32,2714,5426
4079,17,29,3676,7350
4080,11,35,689,1376
4081,17,35,3920,7838
4082,17,29,2428,4854
4083,29,26,3837,7672
4084,17,35,241,480
4085,17,32,3510,7018
4086,17,32,1491,2980
4087,17,26,2131,4260
4088,23,32,828,1654
4089,11,26,392,782
4090,11,29,843,1684
4091,17,26,3365,6728
4092,11,35,3829,7656
4093,17,32,382,762
4094,11,29,259,516
4095,17,29,2964,5926
4096,17,29,3621,7240
4097,23,35,1946,3890
4098,11,29,4055,8108
4099,23,29,1774,3546
4100,23,32,2685,5368
4101,11,26,8,14
4102,11,29,2431,4860
4103,29,29,3409,6816
4104,17,32,490,978
4105,11,32,747,1492
4106,23,32,463,924
4107,17,32,631,1260
4108,11,26,2349,4696
4109,35,32,2358,4714
4110,29,29,1875,3748
4111,17,29,1442,2882
4112,11,29,1280,2558
4113,23,32,3606,7210
4114,23,29,2351,4700
4115,17,32,4021,8040
4116,17,23,1462,2922
4117,17,35,2846,5690
4118,23,32,3055,6108
4119,17,32,2609,5216
4120,23,26,1905,3808
4121,5,29,67,132
4122,23,32,1568,3134
4123,17,20,1901,3800
4124,35,29,1647,3292
4125,23,35,2062,4122
4126,17,35,2260,4518
4127,17,32,2119,4236
4128,11,32,3743,7484
4129,11,11,3356,6710
4130,17,29,456,910
4131,17,26,1251,2500
4132,23,23,3438,6874
4133,23,29,721,1440
4134,29,32,2259,4516
4135,17,32,1065,2128
4136,35,32,3407,6812
4137,17,26,2012,4022
4138,11,32,1936,3870
4139,17,26,1398,2794
4140,11,32,1295,2588
4141,23,26,1122,2242
4142,29,32,3947,7892
4143,17,35,1517,3032
4144,11,26,721,1440
4145,11,35,626,1250
4146,17,32,3829,7656
4147,11,26,3441,6880
4148,11,32,1225,2448
4149,29,17,1102,2202
4150,17,29,926,1850
4151,17,32,3084,6166
4152,11,23,3226,6450
4153,17,29,1123,2244
4154,23,35,456,910
4155,11,26,443,884
4156,17,20,1721,3440
4157,29,29,986,1970
4158,23,29,3327,6652
4159,17,32,445,888
4160,11,23,406,810
4161,11,32,148,294
4162,11,32,266,530
4163,17,35,2967,5932
4164,17,23,3757,7512
4165,23,35,1051,2100
4166,17,32,335,668
4167,23,35,2932,5862
4168,17,32,1565,3128
4169,29,29,3669,7336
4170,11,35,2014,4026
4171,5,26,235,468
4172,17,32,1574,3146
4173,29,29,3452,6902
4174,11,29,1502,3002
4175,17,32,1051,2100
4176,17,32,2518,5034
4177,17,32,3457,6912
4178,23,32,2622,5242
4179,29,35,2328,4654
4180,11,26,2375,4748
4181,23,29,779,1556
4182,29,29,1743,3484
4183,17,35,2996,5990
4184,23,35,442,882
4185,17,32,1248,2494
4186,11,29,200,398
4187,29,35,1854,3706
4188,17,35,121,240
4189,17,20,97,192
4190,29,29,3246,6490
4191,23,23,1195,2388
4192,17,29,1222,2442
4193,11,35,4028,8054
4194,17,32,2418,4834
4195,17,26,2352,4702
4196,23,29,4045,8088
4197,29,35,268,534
4198,17,29,3316,6630
4199,17,29,1480,2958
4200,23,35,3366,6730
4201,17,32,1783,3564
4202,17,32,1036,2070
4203,29,26,2748,5494
4204,23,32,3948,7894
4205,23,29,3660,7318
4206,35,32,1567,3132
4207,29,35,3710,7418
4208,17,35,236,470
4209,11,20,691,1380
4210,17,23,2646,5290
4211,23,32,2910,5818
4212,35,29,1764,3526
4213,23,29,2711,5420
4214,23,32,2524,5046
4215,11,26,2396,4790
4216,23,35,1615,3228
4217,29,29,2762,5522
4218,17,23,1466,2930
4219,23,32,2014,4026
4220,29,35,1845,3688
4221,17,32,1458,2914
4222,17,29,316,630
4223,17,26,3457,6912
4224,11,29,1158,2314
4225,17,32,69,136
4226,29,32,2020,4038
4227,11,29,3967,7932
4228,23,23,1437,2872
4229,11,26,3130,6258
4230,11,35,2749,5496
4231,23,29,2641,5280
4232,23,32,1197,2392
4233,23,29,3724,7446
4234,11,29,4113,8224
4235,11,23,1671,3340
4236,17,35,2957,5912
4237,11,20,1887,3772
4238,11,29,905,1808
4239,35,29,3597,7192
4240,17,32,801,1600
4241,11,29,1800,3598
4242,11,32,996,1990
4243,11,29,3154,6306
4244,17,38,2453,4904
4245,17,32,1901,3800
4246,23,29,1372,2742
4247,29,35,905,1808
4248,17,35,3392,6782
4249,17,26,538,1074
4250,17,29,2450,4898
4251,11,32,640,1278
4252,29,32,1678,3354
4253,23,14,2791,5580
4254,29,26,3529,7056
4255,11,20,2028,4054
4256,17,23,2743,5484
4257,17,29,3455,6908
4258,29,32,2938,5874
4259,17,17,2197,4392
4260,29,32,3380,6758
4261,17,32,900,1798
4262,17,32,1249,2496
4263,29,32,2578,5154
4264,17,35,139,276
4265,17,32,2617,5232
4266,23,32,1425,2848
4267,17,32,2036,4070
4268,29,32,2073,4144
4269,29,32,384,766
4270,29,38,916,1830
4271,5,23,3955,7908
4272,17,35,2431,4860
4273,17,11,4006,8010
4274,23,35,3847,7692
4275,23,32,2740,5478
4276,23,38,3207,6412
4277,11,32,1784,3566
4278,23,35,3024,6046
4279,23,29,2554,5106
4280,17,32,1628,3254
4281,11,32,2974,5946
4282,17,32,2917,5832
4283,17,29,1903,3804
4284,23,32,3387,6772
4285,17,32,1007,2012
4286,17,35,369,736
4287,11,29,1224,2446
4288,17,32,454,906
4289,23,29,1191,2380
4290,17,29,498,994
4291,11,23,2933,5864
4292,17,20,3252,6502
4293,11,23,2599,5196
4294,11,32,2539,5076
4295,35,32,3705,7408
4296,11,17,2616,5230
4297,29,29,3345,6688
4298,11,29,3279,6556
4299,11,32,3978,7954
4300,17,26,2040,4078
4301,17,32,1900,3798
4302,17,14,3093,6184
4303,17,32,2121,4240
4304,17,29,2104,4206
4305,23,29,2124,4246
4306,17,29,3898,7794
4307,11,29,2275,4548
4308,17,23,1261,2520
4309,11,29,3236,6470
4310,23,29,2092,4182
4311,17,26,2634,5266
4312,11,29,594,1186
4313,11,29,770,1538
4314,29,32,3945,7888
4315,23,35,114,226
4316,17,32,1986,3970
4317,17,35,395,788
4318,23,32,503,1004
4319,17,35,2726,5450
4320,11,29,3884,7766
4321,17,35,4202,8402
4322,17,20,2870,5738
4323,11,32,820,1638
4324,17,29,4083,8164
4325,29,26,1951,3900
4326,17,29,1086,2170
4327,29,32,2728,5454
4328,23,35,2466,4930
4329,35,35,3728,7454
4330,11,26,4289,8576
4331,11,38,1793,3584
4332,17,32,2985,5968
4333,11,32,1763,3524
4334,17,23,3334,6666
4335,17,35,2095,4188
4336,17,29,3908,7814
4337,29,32,2023,4044
4338,11,26,514,1026
4339,23,20,4103,8204
4340,17,32,772,1542
4341,5,35,4310,8618
4342,23,32,189,376
4343,29,29,980,1958
4344,17,32,2034,4066
4345,11,26,754,1506
4346,11,26,2317,4632
4347,5,29,3621,7240
4348,23,26,2929,5856
4349,17,35,2143,4284
4350,17,29,3325,6648
4351,11,32,3500,6998
4352,29,35,1691,3380
4353,23,20,1871,3740
4354,23,32,2990,5978
4355,23,29,3754,7506
4356,23,23,2875,5748
4357,29,29,3008,6014
4358,11,29,2582,5162
4359,23,32,92,182
4360,17,32,2821,5640
4361,17,29,63,124
4362,23,26,3757,7512
4363,23,35,2805,5608
4364,5,29,3422,6842
4365,23,32,2619,5236
4366,23,29,124,246
4367,23,35,1852,3702
4368,17,26,2243,4484
4369,11,32,497,992
4370,23,29,532,1062
4371,11,35,1952,3902
4372,17,35,4261,8520
4373,11,29,3402,6802
4374,23,17,3485,6968
4375,11,29,3926,7850
4376,11,35,1439,2876
4377,17,26,3888,7774
4378,23,32,437,872
4379,17,32,2072,4142
4380,5,29,4324,8646
4381,23,29,397,792
4382,17,29,39,76
4383,23,32,4244,8486
4384,29,32,1103,2204
4385,17,35,1221,2440
4386,17,26,2920,5838
4387,17,32,2281,4560
4388,23,32,1819,3636
4389,29,35,173,344
4390,17,26,2924,5846
4391,17,32,4233,8464
4392,35,29,2080,4158
4393,17,35,3585,7168
4394,17,23,1321,2640
4395,29,23,1185,2368
4396,35,23,1082,2162
4397,17,35,2114,4226
4398,17,29,2175,4348
4399,17,26,2999,5996
4400,17,32,1845,3688
4401,11,29,3777,7552
4402,17,20,2167,4332
4403,11,26,3930,7858
4404,11,32,3891,7780
4405,23,29,837,1672
4406,11,32,3181,6360
4407,17,32,2619,5236
4408,23,35,2569,5136
4409,17,35,2651,5300
4410,23,26,1076,2150
4411,23,32,2444,4886
4412,5,23,2740,5478
4413,29,35,3898,7794
4414,17,29,4290,8578
4415,23,8,1657,3312
4416,11,23,3605,7208
4417,41,35,1461,2920
4418,17,26,3495,6988
4419,23,35,4118,8234
4420,23,29,599,1196
4421,11,35,1383,2764
4422,23,17,2142,4282
4423,11,32,382,762
4424,23,35,4352,8702
4425,23,35,169,336
4426,23,32,1695,3388
4427,17,26,4313,8624
4428,29,35,2709,5416
4429,23,32,256,510
4430,29,35,2403,4804
4431,5,29,4427,8852
4432,11,26,1271,2540
4433,17,35,241,480
4434,17,20,866,1730
4435,17,29,1408,2814
4436,11,29,1476,2950
4437,17,32,1042,2082
4438,17,35,57,112
4439,23,32,3366,6730
4440,17,29,2351,4700
4441,17,35,4163,8324
4442,29,32,3360,6718
4443,17,32,3720,7438
4444,23,29,1775,3548
4445,11,32,84,166
4446,17,32,2646,5290
4447,17,32,1700,3398
4448,23,29,4131,8260
4449,17,35,3134,6266
4450,23,32,1687,3372
4451,11,5,1113,2224
4452,29,26,303,604
4453,17,32,2224,4446
4454,35,29,1118,2234
4455,11,35,3378,6754
4456,11,29,3903,7804
4457,11,20,2959,5916
4458,41,35,1312,2622
4459,5,29,4263,8524
4460,11,26,4330,8658
4461,17,35,1035,2068
4462,29,35,2138,4274
4463,17,32,3834,7666
4464,17,29,667,1332
4465,17,35,3267,6532
4466,11,32,2081,4160
4467,17,32,525,1048
4468,23,35,4363,8724
4469,23,32,3870,7738
4470,17,29,717,1432
4471,29,38,2357,4712
4472,5,20,34,66
4473,29,32,2213,4424
4474,17,32,1229,2456
4475,35,29,2819,5636
4476,17,32,2589,5176
4477,17,32,1488,2974
4478,11,32,4161,8320
4479,17,35,1570,3138
4480,23,32,77,152
4481,29,32,1617,3232
4482,23,35,1694,3386
4483,17,26,3161,6320
4484,29,23,2330,4658
4485,23,26,3406,6810
4486,23,32,1021,2040
4487,5,26,2620,5238
4488,11,26,3443,6884
4489,29,29,2432,4862
4490,5,29,396,790
4491,17,26,1815,3628
4492,23,29,574,1146
4493,17,38,736,1470
4494,11,35,1835,3668
4495,23,38,3907,7812
4496,17,35,1083,2164
4497,11,29,671,1340
4498,17,29,1592,3182
4499,29,32,4091,8180
4500,17,32,2717,5432
4501,17,35,405,808
4502,23,35,1035,2068
4503,17,32,520,1038
4504,29,35,562,1122
4505,29,35,1525,3048
4506,17,26,237,472
4507,17,23,264,526
4508,17,32,2876,5750
4509,29,32,1649,3296
4510,35,32,50,98
4511,23,29,2595,5188
4512,5,26,1525,3048
4513,29,29,3891,7780
4514,23,35,2723,5444
4515,23,38,775,1548
4516,17,20,1235,2468
4517,23,38,3511,7020
4518,11,32,2149,4296
4519,29,35,3132,6262
4520,17,32,4257,8512
4521,11,23,3938,7874
4522,29,35,837,1672
4523,23,32,1243,2484
4524,17,29,2258,4514
4525,23,29,1090,2178
4526,11,32,978,1954
4527,17,35,2807,5612
4528,17,20,3927,7852
4529,17,23,1573,3144
4530,23,38,4025,8048
4531,17,35,1733,3464
4532,11,29,702,1402
4533,11,32,2803,5604
4534,29,29,314,626
4535,11,29,1580,3158
4536,17,32,254,506
4537,11,35,3880,7758
4538,29,35,2435,4868
4539,11,23,4025,8048
4540,29,35,4513,9024
4541,11,32,10,18
4542,17,26,3343,6684
4543,23,35,3633,7264
4544,17,29,2036,4070
4545,41,29,1148,2294
4546,23,32,1546,3090
4547,29,32,588,1174
4548,11,29,2073,4144
4549,23,35,472,942
4550,5,32,3293,6584
4551,17,32,615,1228
4552,11,29,3418,6834
4553,17,29,322,642
4554,17,29,2832,5662
4555,23,32,4108,8214
4556,23,23,4219,8436
4557,17,26,3639,7276
4558,35,20,819,1636
4559,17,32,861,1720
4560,11,29,4244,8486
4561,23,35,845,1688
4562,11,32,3302,6602
4563,23,32,763,1524
4564,23,35,3966,7930
4565,23,26,3325,6648
4566,5,32,279,556
4567,11,35,2666,5330
4568,17,26,348,694
4569,17,35,768,1534
4570,11,26,3990,7978
4571,17,35,77,152
4572,23,29,3568,7134
4573,17,26,3099,6196
4574,17,20,4111,8220
4575,17,32,123,244
4576,17,29,2452,4902
4577,17,35,4433,8864
4578,17,26,921,1840
4579,23,32,878,1754
4580,11,29,3511,7020
4581,17,11,2578,5154
4582,17,32,2539,5076
4583,23,32,351,700
4584,29,32,1819,3636
4585,17,32,2688,5374
4586,11,29,2323,4644
4587,17,26,3001,6000
4588,17,29,1849,3696
4589,41,26,2607,5212
4590,17,32,3440,6878
4591,29,14,3587,7172
4592,23,29,2318,4634
4593,11,32,4489,8976
4594,11,29,1277,2552
4595,29,29,3154,6306
4596,23,35,1989,3976
4597,17,32,850,1698
4598,23,32,254,506
4599,17,29,3706,7410
4600,17,35,484,966
4601,23,29,471,940
4602,17,32,1227,2452
4603,11,29,453,904
4604,29,32,254,506
4605,35,35,2118,4234
4606,11,29,426,850
4607,11,35,6,10
4608,41,20,2485,4968
4609,23,38,3556,7110
4610,23,32,2803,5604
4611,29,32,2632,5262
4612,17,35,2124,4246
4613,17,32,1989,3976
4614,23,35,1975,3948
4615,29,29,3646,7290
4616,11,29,1781,3560
4617,17,35,2114,4226
4618,11,35,2333,4664
4619,11,29,1105,2208
4620,17,32,479,956
4621,17,32,1008,2014
4622,17,32,1781,3560
4623,29,35,2916,5830
4624,35,29,383,764
4625,17,29,889,1776
4626,17,14,723,1444
4627,17,26,261,520
4628,17,38,2386,4770
4629,23,29,3820,7638
4630,35,35,1547,3092
4631,11,32,1219,2436
4632,11,29,3946,7890
4633,17,29,2653,5304
4634,23,14,435,868
4635,17,29,175,348
4636,17,35,2329,4656
4637,35,23,2663,5324
4638,17,29,1590,3178
4639,23,32,3809,7616
4640,11,29,737,1472
4641,11,32,483,964
4642,11,26,2693,5384
4643,23,26,3581,7160
4644,17,32,3467,6932
4645,17,23,1106,2210
4646,17,32,459,916
4647,11,29,1194,2386
4648,23,32,268,534
4649,17,32,3465,6928
4650,17,35,3813,7624
4651,23,26,191,380
4652,17,32,3982,7962
4653,11,29,203,404
4654,23,35,1259,2516
4655,17,29,3486,6970
4656,17,29,4297,8592
4657,23,32,775,1548
4658,17,32,1597,3192
4659,11,26,208,414
4660,11,32,1103,2204
4661,11,32,4317,8632
4662,17,26,1593,3184
4663,17,29,3584,7166
4664,23,32,4366,8730
4665,23,35,823,1644
4666,29,29,870,1738
4667,17,29,3767,7532
4668,17,35,2360,4718
4669,23,32,2172,4342
4670,23,32,1060,2118
4671,11,35,3375,6748
4672,23,32,1120,2238
4673,17,32,3293,6584
4674,11,29,3739,7476
4675,29,29,2918,5834
4676,11,29,4606,9210
4677,17,35,1039,2076
4678,23,38,3416,6830
4679,17,32,2932,5862
4680,23,29,3185,6368
4681,23,35,3344,6686
4682,11,23,3749,7496
4683,17,26,4161,8320
4684,17,29,2420,4838
4685,17,23,3861,7720
4686,17,35,2824,5646
4687,23,26,4550,9098
4688,11,29,1413,2824
4689,11,26,152,302
4690,17,32,203,404
4691,17,32,1888,3774
4692,29,26,2023,4044
4693,35,35,1533,3064
4694,17,26,4317,8632
4695,17,26,2044,4086
4696,17,32,1808,3614
4697,17,29,4417,8832
4698,17,32,821,1640
4699,17,32,4238,8474
4700,17,32,590,1178
4701,17,26,4086,8170
4702,17,23,494,986
4703,11,32,4670,9338
4704,17,38,2940,5878
4705,17,26,3739,7476
4706,17,29,711,1420
4707,29,29,3691,7380
4708,23,29,2678,5354
4709,17,32,3511,7020
4710,17,32,3860,7718
4711,17,35,852,1702
4712,11,32,145,288
4713,23,11,295,588
4714,11,26,2844,5686
4715,23,38,1924,3846
4716,17,32,854,1706
4717,23,32,2936,5870
4718,23,32,3480,6958
4719,23,29,115,228
4720,35,29,1111,2220
4721,23,35,828,1654
4722,11,29,417,832
4723,17,35,181,360
4724,23,32,3636,7270
4725,35,29,4407,8812
4726,17,29,640,1278
4727,17,35,2670,5338
4728,17,26,3757,7512
4729,29,35,1226,2450
4730,17,26,4112,8222
4731,11,35,4238,8474
4732,17,29,3553,7104
4733,11,32,4347,8692
4734,17,35,1635,3268
4735,17,26,3580,7158
4736,17,32,2309,4616
4737,17,32,3365,6728
4738,23,32,524,1046
4739,23,32,3792,7582
4740,17,29,477,952
4741,17,32,1827,3652
4742,11,32,2002,4002
4743,23,32,3314,6626
4744,17,32,151,300
4745,47,20,853,1704
4746,17,26,1621,3240
4747,23,29,2888,5774
4748,11,26,4607,9212
4749,23,11,2671,5340
4750,11,26,4241,8480
4751,17,29,1926,3850
4752,17,20,4196,8390
4753,23,23,1354,2706
4754,11,35,456,910
4755,5,17,3938,7874
4756,29,23,2023,4044
4757,11,35,4282,8562
4758,17,32,717,1432
4759,11,32,662,1322
4760,23,35,4455,8908
4761,17,32,4735,9468
4762,23,32,4541,9080
4763,23,29,1307,2612
4764,23,32,4511,9020
4765,29,29,1269,2536
4766,29,35,4253,8504
4767,17,20,634,1266
4768,11,26,4740,9478
4769,11,32,2233,4464
4770,11,32,3020,6038
4771,17,26,2694,5386
4772,5,26,4688,9374
4773,17,26,3533,7064
4774,23,35,1259,2516
4775,23,32,1243,2484
4776,23,29,3670,7338
4777,11,32,4706,9410
4778,17,29,1710,3418
4779,17,35,2319,4636
4780,17,23,1324,2646
4781,23,32,711,1420
4782,29,32,1033,2064
4783,17,38,4661,9320
4784,11,32,61,120
4785,11,29,4743,9484
4786,17,32,937,1872
4787,23,35,2435,4868
4788,23,35,1102,2202
4789,5,38,1266,2530
4790,5,29,4073,8144
4791,17,29,4420,8838
4792,23,17,2022,4042
4793,11,32,4664,9326
4794,23,29,4686,9370
4795,17,32,1847,3692
4796,17,23,2978,5954
4797,5,29,659,1316
4798,23,29,3435,6868
4799,23,29,2188,4374
4800,35,32,508,1014
4801,11,23,2533,5064
4802,23,35,4517,9032
4803,23,32,987,1972
4804,29,35,2844,5686
4805,23,29,2725,5448
4806,17,35,819,1636
4807,11,35,4613,9224
4808,23,35,3780,7558
4809,17,29,2934,5866
4810,23,23,4604,9206
4811,29,29,3189,6376
4812,17,32,2117,4232
4813,17,38,27,52
4814,17,32,1120,2238
4815,17,29,3061,6120
4816,11,35,4062,8122
4817,23,32,3310,6618
4818,11,29,389,776
4819,29,35,3687,7372
4820,17,32,3047,6092
4821,17,32,834,1666
4822,23,35,1941,3880
4823,5,32,1486,2970
4824,5,29,936,1870
4825,17,35,2154,4306
4826,23,32,4573,9144
4827,17,29,4716,9430
4828,17,32,3254,6506
4829,17,32,1521,3040
4830,11,23,94,186
4831,11,32,488,974
4832,11,38,1038,2074
4833,23,29,3157,6312
4834,17,26,3048,6094
4835,23,32,1584,3166
4836,11,35,4020,8038
4837,17,32,1782,3562
4838,11,32,1140,2278
4839,17,32,68,134
4840,17,29,996,1990
4841,23,26,558,1114
4842,17,32,3959,7916
4843,23,29,4072,8142
4844,29,32,1232,2462
4845,11,35,3192,6382
4846,35,26,2072,4142
4847,23,29,1567,3132
4848,41,35,1663,3324
4849,29,38,2206,4410
4850,11,32,990,1978
4851,23,29,4240,8478
4852,17,32,4148,8294
4853,17,32,4699,9396
4854,11,32,509,1016
4855,17,29,3608,7214
4856,23,35,1957,3912
4857,23,29,2785,5568
4858,35,38,2125,4248
4859,17,38,3853,7704
4860,17,32,186,370
4861,29,35,4460,8918
4862,17,35,4767,9532
4863,23,35,1118,2234
4864,17,29,1287,2572
4865,11,32,4762,9522
4866,11,32,4640,9278
4867,5,29,3285,6568
4868,17,32,2250,4498
4869,23,35,3474,6946
4870,17,26,3720,7438
4871,17,23,2985,5968
4872,17,32,1049,2096
4873,5,32,4867,9732
4874,11,26,1188,2374
4875,17,20,4152,8302
4876,17,38,966,1930
4877,23,20,2855,5708
4878,17,32,4556,9110
4879,29,29,2081,4160
4880,23,32,2579,5156
4881,23,32,2472,4942
4882,11,35,2330,4658
4883,11,32,1494,2986
4884,11,32,340,678
4885,23,38,3496,6990
4886,17,35,3516,7030
4887,29,32,3721,7440
4888,11,35,63,124
4889,17,35,693,1384
4890,11,29,4712,9422
4891,11,29,4361,8720
4892,17,35,3304,6606
4893,17,26,3583,7164
4894,17,29,4497,8992
4895,23,20,344,686
4896,29,20,1108,2214
4897,11,32,175,348
4898,5,29,942,1882
4899,17,29,4502,9002
4900,17,32,1010,2018
4901,17,35,2636,5270
4902,11,29,4543,9084
4903,29,38,1507,3012
4904,29,26,4224,8446
4905,5,29,14,26
4906,17,26,2902,5802
4907,17,35,1292,2582
4908,23,32,1890,3778
4909,11,14,1686,3370
4910,29,35,2689,5376
4911,11,32,237,472
4912,23,26,4785,9568
4913,17,29,2836,5670
4914,17,32,946,1890
4915,23,29,1041,2080
4916,5,29,271,540
4917,35,32,1311,2620
4918,11,29,407,812
4919,17,29,1714,3426
4920,17,35,2549,5096
4921,23,29,2369,4736
4922,17,32,4241,8480
4923,11,35,1383,2764
4924,23,32,4455,8908
4925,23,35,1571,3140
4926,23,29,3373,6744
4927,17,29,706,1410
4928,23,38,1674,3346
4929,23,35,4449,8896
4930,29,32,4432,8862
4931,11,32,2323,4644
4932,11,35,1793,3584
4933,11,29,1990,3978
4934,17,38,4158,8314
4935,17,26,3441,6880
4936,23,32,493,984
4937,23,35,4589,9176
4938,17,29,3448,6894
4939,29,35,796,1590
4940,17,29,2812,5622
4941,23,38,2368,4734
4942,11,29,3670,7338
4943,17,23,3766,7530
4944,11,32,673,1344
4945,11,35,2263,4524
4946,23,20,1970,3938
4947,11,35,954,1906
4948,23,35,1697,3392
4949,23,35,843,1684
4950,17,35,892,1782
4951,11,32,4857,9712
4952,23,29,3582,7162
4953,11,32,4840,9678
4954,35,32,1124,2246
4955,17,26,2855,5708
4956,11,26,2970,5938
4957,23,26,2874,5746
4958,17,35,244,486
4959,23,26,2024,4046
4960,23,32,584,1166
4961,23,29,4810,9618
4962,17,20,4381,8760
4963,17,32,2954,5906
4964,11,29,1808,3614
4965,23,32,259,516
4966,17,29,4497,8992
4967,23,29,605,1208
4968,17,23,2307,4612
4969,17,32,4642,9282
4970,23,38,601,1200
4971,23,26,4397,8792
4972,29,29,819,1636
4973,17,29,1257,2512
4974,23,32,4010,8018
4975,17,32,819,1636
4976,11,26,2206,4410
4977,17,20,2683,5364
4978,11,26,2614,5226
4979,17,32,643,1284
4980,11,26,46,90
4981,35,29,2758,5514
4982,23,38,933,1864
4983,23,29,4541,9080
4984,29,32,2669,5336
4985,23,35,1853,3704
4986,17,32,1837,3672
4987,23,29,3404,6806
4988,23,23,3800,7598
4989,29,32,718,1434
4990,23,32,2400,4798
4991,29,17,4290,8578
4992,17,35,4613,9224
4993,11,32,426,850
4994,17,35,2710,5418
4995,17,32,3699,7396
4996,11,29,414,826
4997,11,32,270,538
4998,23,35,1006,2010
4999,29,32,3737,7472
5000,11,23,2441,4880
5001,17,32,4514,9026
5002,23,38,3321,6640
5003,11,29,4275,8548
5004,23,35,4456,8910
5005,11,32,754,1506
5006,23,35,4458,8914
5007,17,32,3337,6672
5008,11,32,3689,7376
5009,5,29,4748,9494
5010,41,35,3230,6458
5011,23,32,2856,5710
5012,17,26,1790,3578
5013,29,35,1677,3352
5014,23,32,3811,7620
5015,17,29,787,1572
5016,17,32,4430,8858
5017,11,26,3968,7934
5018,11,32,4039,8076
5019,35,29,3357,6712
5020,23,17,3216,6430
5021,11,26,4699,9396
5022,29,26,68,134
5023,11,32,3519,7036
5024,17,35,3094,6186
5025,23,26,1597,3192
5026,23,26,49,96
5027,23,26,2776,5550
5028,23,29,1419,2836
5029,11,38,740,1478
5030,11,32,1317,2632
5031,17,32,646,1290
5032,11,35,4809,9616
5033,11,35,527,1052
5034,17,35,2553,5104
5035,29,35,4963,9924
5036,29,35,3873,7744
5037,23,32,4306,8610
5038,17,32,3947,7892
5039,35,17,3071,6140
5040,11,32,94,186
5041,29,32,1049,2096
5042,23,38,2569,5136
5043,17,29,2485,4968
5044,23,32,2055,4108
5045,17,32,4604,9206
5046,11,32,4172,8342
5047,17,26,4407,8812
5048,17,29,694,1386
5049,23,38,157,312
5050,23,32,4124,8246
5051,29,35,2367,4732
5052,29,29,239,476
5053,11,26,4669,9336
5054,11,32,1403,2804
5055,17,35,507,1012
5056,11,26,3131,6260
5057,17,35,2319,4636
5058,41,35,3708,7414
5059,29,17,238,474
5060,29,32,2557,5112
5061,29,32,2672,5342
5062,17,29,2140,4278
5063,23,35,572,1142
5064,23,26,1296,2590
5065,17,17,396,790
5066,23,35,2455,4908
5067,17,29,2885,5768
5068,17,35,4847,9692
5069,17,38,2712,5422
5070,11,32,575,1148
5071,11,32,5034,10066
5072,11,23,1605,3208
5073,29,17,3247,6492
5074,11,32,2326,4650
5075,17,20,2815,5628
5076,11,38,2884,5766
5077,17,29,4458,8914
5078,5,29,1332,2662
5079,11,29,2217,4432
5080,11,38,3839,7676
5081,11,32,3088,6174
5082,11,11,2858,5714
5083,29,35,1371,2740
5084,17,23,2480,4958
5085,35,35,1553,3104
5086,11,23,1251,2500
5087,23,32,1200,2398
5088,11,32,722,1442
5089,17,26,3409,6816
5090,17,26,1460,2918
5091,17,26,1521,3040
5092,17,32,1250,2498
5093,23,32,4822,9642
5094,11,23,2007,4012
5095,11,23,1650,3298
5096,11,35,4986,9970
5097,11,29,2554,5106
5098,17,32,4333,8664
5099,17,32,4504,9006
5100,17,32,1780,3558
5101,17,32,3763,7524
5102,17,35,3350,6698
5103,23,35,2643,5284
5104,17,35,3697,7392
5105,29,35,1028,2054
5106,23,35,4103,8204
5107,41,35,2687,5372
5108,17,23,4011,8020
5109,23,35,4799,9596
5110,41,35,535,1068
5111,17,32,716,1430
5112,17,29,3120,6238
5113,17,26,2587,5172
5114,35,35,33,64
5115,11,32,67,132
5116,17,29,2731,5460
5117,17,35,2478,4954
5118,11,29,2234,4466
5119,11,29,2276,4550
5120,23,26,971,1940
5121,5,32,5019,10036
5122,17,32,3759,7516
5123,11,29,3658,7314
5124,17,35,2621,5240
5125,17,32,2956,5910
5126,11,35,879,1756
5127,17,29,3570,7138
5128,11,29,1306,2610
5129,11,35,2227,4452
5130,23,29,4002,8002
5131,17,32,748,1494
5132,17,32,5105,10208
5133,17,32,1948,3894
5134,29,32,4931,9860
5135,23,35,1386,2770
5136,23,32,2875,5748
5137,23,29,4882,9762
5138,23,35,3415,6828
5139,5,32,1925,3848
5140,17,26,2236,4470
5141,23,32,1634,3266
5142,23,26,3887,7772
5143,29,23,60,118
5144,17,35,4847,9692
5145,5,29,2257,4512
5146,17,32,2560,5118
5147,17,32,3480,6958
5148,41,38,1924,3846
5149,5,29,1342,2682
5150,29,35,335,668
5151,17,20,1490,2978
5152,17,35,1264,2526
5153,17,17,1529,3056
5154,29,29,4827,9652
5155,35,35,3331,6660
5156,29,29,960,1918
5157,35,26,4723,9444
5158,17,23,1752,3502
5159,17,32,3273,6544
5160,35,32,4224,8446
5161,17,35,1409,2816
5162,23,29,4238,8474
5163,11,35,4517,9032
5164,23,32,2861,5720
5165,11,23,4702,9402
5166,11,32,561,1120
5167,23,35,4066,8130
5168,17,35,2328,4654
5169,17,32,936,1870
5170,11,32,2476,4950
5171,23,38,1524,3046
5172,23,32,2006,4010
5173,17,29,5077,10152
5174,29,20,3193,6384
5175,23,26,755,1508
5176,11,20,4244,8486
5177,17,29,4362,8722
5178,23,32,3820,7638
5179,23,32,902,1802
5180,17,26,4035,8068
5181,17,29,2394,4786
5182,17,26,1426,2850
5183,17,32,1536,3070
5184,17,20,1741,3480
5185,23,35,4331,8660
5186,29,23,2207,4412
5187,23,32,2120,4238
5188,29,35,1701,3400
5189,11,29,4607,9212
5190,35,32,2632,5262
5191,23,38,1298,2594
5192,17,29,16,30
5193,23,23,383,764
5194,11,20,446,890
5195,23,35,3091,6180
5196,17,23,19,36
5197,11,32,1890,3778
5198,29,38,5142,10282
5199,41,29,2067,4132
5200,11,26,4967,9932
5201,29,32,2505,5008
5202,29,38,2152,4302
5203,11,26,1291,2580
5204,17,35,4336,8670
5205,11,35,3505,7008
5206,11,32,2976,5950
5207,17,29,127,252
5208,29,32,4218,8434
5209,11,32,464,926
5210,29,32,2810,5618
5211,23,29,176,350
5212,17,29,5086,10170
5213,17,32,4777,9552
5214,17,32,139,276
5215,23,26,1986,3970
5216,29,35,4379,8756
5217,23,23,2874,5746
5218,11,29,1177,2352
5219,11,32,1255,2508
5220,17,35,2850,5698
5221,17,35,1364,2726
5222,29,32,3190,6378
5223,29,23,1040,2078
5224,5,32,3740,7478
5225,17,32,2079,4156
5226,17,26,3930,7858
5227,41,32,896,1790
5228,17,32,84,166
5229,17,38,4182,8362
5230,17,26,4035,8068
5231,23,38,286,570
5232,11,29,197,392
5233,29,38,1772,3542
5234,11,32,4060,8118
5235,17,35,4199,8396
5236,29,29,2756,5510
5237,11,32,2739,5476
5238,17,38,1109,2216
5239,17,35,80,158
5240,29,26,2484,4966
5241,11,32,4681,9360
5242,11,35,2888,5774
5243,17,38,2647,5292
5244,23,32,805,1608
5245,23,32,2927,5852
5246,11,26,3248,6494
5247,17,32,1648,3294
5248,11,32,3251,6500
5249,17,38,4987,9972
5250,11,23,1127,2252
5251,23,35,2437,4872
5252,29,29,2456,4910
5253,23,32,2009,4016
5254,23,32,700,1398
5255,23,29,362,722
5256,29,35,3453,6904
5257,23,20,2342,4682
5258,5,32,4746,9490
5259,11,23,5074,10146
5260,17,29,5254,10506
5261,17,35,1462,2922
5262,29,11,4934,9866
5263,23,29,3583,7164
5264,23,35,3535,7068
5265,11,29,662,1322
5266,5,32,3633,7264
5267,35,35,1937,3872
5268,23,29,2969,5936
5269,17,32,3722,7442
5270,23,38,2407,4812
5271,11,26,2295,4588
5272,23,35,3656,7310
5273,17,32,3937,7872
5274,17,29,2507,5012
5275,23,29,2878,5754
5276,17,32,2743,5484
5277,23,35,2173,4344
5278,17,26,854,1706
5279,17,23,2785,5568
5280,17,38,1564,3126
5281,23,35,4911,9820
5282,23,32,3045,6088
5283,23,38,2377,4752
5284,17,35,3914,7826
5285,11,32,5257,10512
5286,35,32,3728,7454
5287,17,35,4444,8886
5288,23,29,4402,8802
5289,23,35,101,200
5290,23,32,688,1374
5291,23,32,2125,4248
5292,23,38,4441,8880
5293,17,38,3623,7244
5294,5,32,4113,8224
5295,17,35,1943,3884
5296,11,35,2005,4008
5297,17,35,5156,10310
5298,11,35,4883,9764
5299,11,32,131,260
5300,29,8,4638,9274
5301,17,38,4834,9666
5302,17,32,4569,9136
5303,17,38,5135,10268
5304,11,38,4044,8086
5305,11,35,1314,2626
5306,17,29,978,1954
5307,11,32,1257,2512
5308,17,35,2543,5084
5309,11,17,747,1492
5310,17,29,4600,9198
5311,23,32,3567,7132
5312,17,35,4864,9726
5313,23,35,2780,5558
5314,5,23,976,1950
5315,17,35,1628,3254
5316,11,35,4588,9174
5317,23,32,3891,7780
5318,17,29,151,300
5319,17,20,1038,2074
5320,11,38,2586,5170
5321,17,29,1491,2980
5322,23,29,491,980
5323,17,32,625,1248
5324,29,32,2169,4336
5325,29,35,604,1206
5326,29,32,1520,3038
5327,17,32,2614,5226
5328,17,26,1425,2848
5329,17,29,899,1796
5330,11,35,591,1180
5331,17,32,792,1582
5332,17,38,3821,7640
5333,17,35,5024,10046
5334,23,38,1743,3484
5335,17,26,4364,8726
5336,23,17,4586,9170
5337,17,38,1588,3174
5338,23,32,4772,9542
5339,5,35,3325,6648
5340,17,35,937,1872
5341,11,23,3357,6712
5342,23,32,3215,6428
5343,17,29,2719,5436
5344,17,38,229,456
5345,17,32,2634,5266
5346,17,29,1620,3238
5347,17,38,4321,8640
5348,35,35,3153,6304
5349,11,29,3431,6860
5350,17,29,3264,6526
5351,11,29,2814,5626
5352,17,29,3736,7470
5353,11,26,1934,3866
5354,23,32,2329,4656
5355,23,35,2242,4482
5356,17,32,3019,6036
5357,17,32,1514,3026
5358,17,35,5200,10398
5359,17,32,1105,2208
5360,23,20,3978,7954
5361,17,32,1332,2662
5362,23,26,2021,4040
5363,29,35,5024,10046
5364,17,32,4361,8720
5365,11,14,2516,5030
5366,35,38,2520,5038
5367,23,32,5160,10318
5368,11,35,69,136
5369,23,29,5134,10266
5370,29,32,1664,3326
5371,17,32,543,1084
5372,11,35,5306,10610
5373,23,23,3295,6588
5374,17,29,2123,4244
5375,17,29,2430,4858
5376,17,29,2409,4816
5377,17,29,35,68
5378,17,38,47,92
5379,23,32,3181,6360
5380,17,35,3820,7638
5381,11,23,4604,9206
5382,11,20,3995,7988
5383,11,32,2079,4156
5384,17,29,2466,4930
5385,17,35,140,278
5386,17,35,3702,7402
5387,11,32,5048,10094
5388,23,29,3130,6258
5389,17,23,1536,3070
5390,29,35,2206,4410
5391,11,20,2401,4800
5392,17,35,4953,9904
5393,17,29,1890,3778
5394,29,29,2049,4096
5395,17,32,2241,4480
5396,29,32,4108,8214
5397,11,35,46,90
5398,23,38,94,186
5399,17,35,2379,4756
5400,11,32,3836,7670
5401,11,26,853,1704
5402,23,38,304,606
5403,11,32,4895,9788
5404,23,38,2125,4248
5405,5,35,370,738
5406,23,32,1391,2780
5407,23,35,4001,8000
5408,35,26,812,1622
5409,23,26,3222,6442
5410,35,38,2968,5934
5411,11,14,845,1688
5412,11,26,4387,8772
5413,17,29,4434,8866
5414,29,32,87,172
5415,11,14,4570,9138
5416,17,35,2881,5760
5417,23,32,3785,7568
5418,29,35,3800,7598
5419,11,32,626,1250
5420,17,26,2884,5766
5421,29,35,4615,9228
5422,35,29,3860,7718
5423,5,26,1133,2264
5424,23,32,3476,6950
5425,23,38,4794,9586
5426,17,26,2045,4088
5427,23,26,1494,2986
5428,17,32,150,298
5429,5,23,3709,7416
5430,11,32,4792,9582
5431,23,38,102,202
5432,11,29,2051,4100
5433,17,32,4943,9884
5434,17,29,4410,8818
5435,17,26,499,996
5436,23,29,3242,6482
5437,17,32,707,1412
5438,11,32,1552,3102
5439,11,35,4161,8320
5440,17,38,1157,2312
5441,17,29,2874,5746
5442,23,35,3885,7768
5443,23,29,1611,3220
5444,17,35,543,1084
5445,23,32,4416,8830
5446,11,23,5084,10166
5447,23,38,4096,8190
5448,35,26,3224,6446
5449,23,29,2645,5288
5450,11,38,4999,9996
5451,11,29,3049,6096
5452,11,32,4965,9928
5453,17,23,2875,5748
5454,17,23,3047,6092
5455,11,26,4250,8498
5456,17,26,4826,9650
5457,11,32,4378,8754
5458,17,29,4417,8832
5459,23,35,2059,4116
5460,17,32,3269,6536
5461,11,29,517,1032
5462,17,32,4430,8858
5463,17,26,2314,4626
5464,17,20,3542,7082
5465,17,35,3699,7396
5466,17,32,2207,4412
5467,17,26,1228,2454
5468,23,38,3160,6318
5469,23,23,277,552
5470,23,20,983,1964
5471,29,26,2213,4424
5472,11,20,1067,2132
5473,17,35,2219,4436
5474,29,35,1927,3852
5475,29,29,4258,8514
5476,17,32,4810,9618
5477,17,35,1736,3470
5478,29,32,3036,6070
5479,11,32,2727,5452
5480,29,17,4367,8732
5481,5,32,854,1706
5482,11,38,1087,2172
5483,11,26,4786,9570
5484,11,23,22,42
5485,41,35,2050,4098
5486,29,35,2328,4654
5487,17,32,3747,7492
5488,35,38,3922,7842
5489,23,20,4332,8662
5490,17,32,2188,4374
5491,17,26,3422,6842
5492,17,29,1925,3848
5493,17,35,121,240
5494,17,26,5377,10752
5495,11,32,2192,4382
5496,11,35,4431,8860
5497,23,26,4005,8008
5498,17,20,645,1288
5499,23,26,4565,9128
5500,11,23,5437,10872
5501,29,32,2640,5278
5502,17,26,1107,2212
5503,11,35,3143,6284
5504,17,29,1542,3082
5505,23,29,1852,3702
5506,23,29,2672,5342
5507,17,29,1660,3318
5508,11,29,4556,9110
5509,11,32,3774,7546
5510,11,38,5273,10544
5511,17,38,1167,2332
5512,17,35,5504,11006
5513,11,29,3343,6684
5514,17,35,3423,6844
5515,17,23,108,214
5516,17,32,4920,9838
5517,23,35,3557,7112
5518,29,35,3135,6268
5519,17,32,731,1460
5520,11,26,4518,9034
5521,17,38,5364,10726
5522,23,29,134,266
5523,17,35,4190,8378
5524,17,32,5148,10294
5525,17,32,1998,3994
5526,17,32,497,992
5527,29,32,3505,7008
5528,11,29,381,760
5529,17,26,3402,6802
5530,23,35,2331,4660
5531,17,23,4905,9808
5532,17,32,494,986
5533,11,29,3355,6708
5534,23,29,4004,8006
5535,11,35,2793,5584
5536,17,32,4409,8816
5537,17,26,1265,2528
5538,23,29,1616,3230
5539,17,32,4233,8464
5540,17,35,1047,2092
5541,17,29,1519,3036
5542,29,32,3844,7686
5543,29,32,5496,10990
5544,29,29,4174,8346
5545,11,35,2053,4104
5546,5,29,4859,9716
5547,17,26,4388,8774
5548,11,38,318,634
5549,17,32,3378,6754
5550,23,35,2567,5132
5551,17,29,1501,3000
5552,29,38,4201,8400
5553,29,32,4503,9004
5554,17,35,1259,2516
5555,17,29,1315,2628
5556,23,29,4236,8470
5557,23,35,2324,4646
5558,11,32,565,1128
5559,23,38,4044,8086
5560,23,32,2120,4238
5561,23,32,3933,7864
5562,23,29,1178,2354
5563,23,32,1908,3814
5564,11,29,69,136
5565,23,35,100,198
5566,11,35,5047,10092
5567,17,38,4252,8502
5568,17,32,35,68
5569,17,32,182,362
5570,47,23,3980,7958
5571,29,32,2903,5804
5572,17,26,4604,9206
5573,11,35,4747,9492
5574,35,32,3289,6576
5575,17,35,3652,7302
5576,17,32,1226,2450
5577,29,29,603,1204
5578,23,32,4980,9958
5579,11,32,765,1528
5580,11,29,1866,3730
5581,23,32,405,808
5582,17,32,128,254
5583,29,26,2781,5560
5584,11,29,5448,10894
5585,11,32,2364,4726
5586,17,26,4440,8878
5587,23,29,4719,9436
5588,17,29,2001,4000
5589,11,35,2045,4088
5590,17,29,5090,10178
5591,11,32,1858,3714
5592,5,35,4396,8790
5593,23,32,1098,2194
5594,23,35,4781,9560
5595,17,26,4820,9638
5596,11,23,3999,7996
5597,23,29,2092,4182
5598,29,26,4953,9904
5599,17,29,1406,2810
5600,17,35,4961,9920
5601,23,23,5185,10368
5602,17,29,3515,7028
5603,23,35,5369,10736
5604,23,38,1876,3750
5605,17,20,2759,5516
5606,11,32,778,1554
5607,11,35,1197,2392
5608,17,38,5258,10514
5609,23,29,3872,7742
5610,23,35,678,1354
5611,23,35,3426,6850
5612,23,26,4177,8352
5613,17,32,4634,9266
5614,17,29,3131,6260
5615,17,32,1045,2088
5616,11,32,2118,4234
5617,23,32,5521,11040
5618,11,35,3510,7018
5619,23,32,3657,7312
5620,17,35,1609,3216
5621,17,35,2444,4886
5622,41,35,3136,6270
5623,23,38,2564,5126
5624,11,32,5513,11024
5625,35,35,3295,6588
5626,23,38,3623,7244
5627,23,35,5014,10026
5628,23,38,2621,5240
5629,23,35,5244,10486
5630,23,32,1009,2016
5631,17,32,4264,8526
5632,29,32,2308,4614
5633,17,35,1588,3174
5634,35,32,4433,8864
5635,17,17,4316,8630
5636,17,29,5003,10004
5637,29,32,3048,6094
5638,23,32,888,1774
5639,17,35,2265,4528
5640,23,29,3266,6530
5641,17,26,3449,6896
5642,17,35,2136,4270
5643,29,23,3594,7186
5644,23,35,4504,9006
5645,17,32,4154,8306
5646,23,23,418,834
5647,23,38,2718,5434
5648,5,17,2557,5112
5649,17,32,1531,3060
5650,17,20,1808,3614
5651,17,35,4974,9946
5652,23,38,758,1514
5653,17,29,1374,2746
5654,5,38,3151,6300
5655,11,32,4681,9360
5656,5,32,626,1250
5657,11,32,255,508
5658,23,38,504,1006
5659,11,35,4740,9478
5660,17,32,4972,9942
5661,23,29,137,272
5662,17,26,1736,3470
5663,17,35,4235,8468
5664,17,35,2183,4364
5665,35,26,2444,4886
5666,29,32,1872,3742
5667,23,32,2692,5382
5668,11,32,1142,2282
5669,23,35,2085,4168
5670,17,26,100,198
5671,17,23,3300,6598
5672,11,35,3986,7970
5673,29,32,5382,10762
5674,17,32,1249,2496
5675,5,35,3498,6994
5676,17,29,271,540
5677,11,32,1198,2394
5678,17,29,3398,6794
5679,11,26,56,110
5680,11,29,3397,6792
5681,17,35,5558,11114
5682,11,35,2928,5854
5683,17,14,4796,9590
5684,17,35,868,1734
5685,29,29,3791,7580
5686,11,35,3402,6802
5687,23,26,4655,9308
5688,11,35,1706,3410
5689,23,38,5100,10198
5690,11,29,827,1652
5691,41,20,845,1688
5692,11,26,4459,8916
5693,17,35,3479,6956
5694,17,32,2453,4904
5695,11,32,1053,2104
5696,17,32,664,1326
5697,17,35,1912,3822
5698,11,29,3088,6174
5699,17,29,2687,5372
5700,17,32,287,572
5701,23,29,1341,2680
5702,17,32,553,1104
5703,17,35,3054,6106
5704,29,35,3867,7732
5705,23,35,4492,8982
5706,23,38,3897,7792
5707,17,35,4591,9180
5708,17,35,801,1600
5709,11,32,2629,5256
5710,11,32,2817,5632
5711,29,35,4762,9522
5712,11,32,4029,8056
5713,23,32,4939,9876
5714,11,38,4134,8266
5715,11,32,3718,7434
5716,11,29,639,1276
5717,5,29,2941,5880
5718,11,29,4615,9228
5719,23,38,141,280
5720,29,26,2401,4800
5721,29,32,516,1030
5722,5,32,701,1400
5723,11,35,162,322
5724,17,29,3112,6222
5725,35,32,789,1576
5726,11,35,5684,11366
5727,17,35,4196,8390
5728,17,20,672,1342
5729,11,29,2780,5558
5730,23,38,3496,6990
5731,11,32,4610,9218
5732,17,32,673,1344
5733,17,17,3669,7336
5734,17,35,76,150
5735,11,20,4616,9230
5736,35,23,4681,9360
5737,23,32,4250,8498
5738,41,32,1627,3252
5739,23,38,960,1918
5740,23,29,5275,10548
5741,11,29,2851,5700
5742,11,32,5565,11128
5743,17,32,1863,3724
5744,17,32,1326,2650
5745,17,38,4264,8526
5746,23,35,576,1150
5747,11,29,4676,9350
5748,11,29,5189,10376
5749,23,35,4203,8404
5750,23,32,4371,8740
5751,17,17,2965,5928
5752,11,29,5432,10862
5753,17,35,2344,4686
5754,11,29,1881,3760
5755,23,35,3134,6266
5756,17,23,5689,11376
5757,17,29,3368,6734
5758,11,32,4056,8110
5759,29,32,1015,2028
5760,17,23,2543,5084
5761,17,32,3104,6206
5762,11,26,3904,7806
5763,17,26,597,1192
5764,17,32,5126,10250
5765,17,29,2246,4490
5766,29,32,1561,3120
5767,11,23,23,44
5768,17,32,5264,10526
5769,17,23,2407,4812
5770,11,32,2040,4078
5771,29,32,2884,5766
5772,11,29,4504,9006
5773,29,29,2304,4606
5774,5,29,4660,9318
5775,29,17,2979,5956
5776,17,29,3455,6908
5777,17,35,3719,7436
5778,23,32,4855,9708
5779,41,29,3132,6262
5780,17,32,2136,4270
5781,5,32,5022,10042
5782,23,32,3728,7454
5783,17,32,2748,5494
5784,11,14,1627,3252
5785,29,32,3771,7540
5786,17,32,2336,4670
5787,5,29,478,954
5788,41,35,3332,6662
5789,23,35,1714,3426
5790,29,29,3578,7154
5791,5,32,5596,11190
5792,11,35,3997,7992
5793,11,32,1128,2254
5794,11,35,1070,2138
5795,11,26,3428,6854
5796,17,23,4959,9916
5797,17,35,976,1950
5798,23,38,4518,9034
5799,11,32,3599,7196
5800,23,26,5584,11166
5801,11,32,3617,7232
5802,17,23,1699,3396
5803,17,38,98,194
5804,11,32,5774,11546
5805,11,29,1751,3500
5806,35,38,2003,4004
5807,11,17,2813,5624
5808,23,35,514,1026
5809,29,35,2673,5344
5810,17,32,1869,3736
5811,17,38,5621,11240
5812,23,23,3610,7218
5813,17,32,3516,7030
5814,11,29,569,1136
5815,17,35,119,236
5816,5,32,5295,10588
5817,35,32,932,1862
5818,17,29,5653,11304
5819,11,32,1332,2662
5820,23,38,3728,7454
5821,23,29,5304,10606
5822,5,29,5703,11404
5823,11,35,10,18
5824,17,38,4046,8090
5825,17,29,1574,3146
5826,23,32,1054,2106
5827,17,29,142,282
5828,17,32,2032,4062
5829,35,32,3781,7560
5830,23,38,400,798
5831,23,38,565,1128
5832,11,32,5675,11348
5833,23,29,3355,6708
5834,35,32,430,858
5835,17,32,1706,3410
5836,29,35,736,1470
5837,11,29,1464,2926
5838,17,29,3071,6140
5839,11,32,566,1130
5840,5,32,5444,10886
5841,11,17,4837,9672
5842,29,35,2225,4448
5843,17,35,1010,2018
5844,23,26,5397,10792
5845,23,32,2445,4888
5846,17,38,1131,2260
5847,17,35,733,1464
5848,17,32,4349,8696
5849,11,32,2779,5556
5850,11,35,2097,4192
5851,23,8,3658,7314
5852,11,35,2109,4216
5853,23,38,3006,6010
5854,17,38,5754,11506
5855,17,29,932,1862
5856,5,14,1646,3290
5857,11,32,3794,7586
5858,23,35,5041,10080
5859,23,38,5246,10490
5860,23,32,3515,7028
5861,23,35,1706,3410
5862,23,29,3681,7360
5863,17,32,3448,6894
5864,23,35,614,1226
5865,17,32,1761,3520
5866,23,17,4492,8982
5867,41,38,1297,2592
5868,17,29,922,1842
5869,17,32,1159,2316
5870,23,32,4699,9396
5871,11,32,4699,9396
5872,17,35,2040,4078
5873,23,20,5369,10736
5874,17,26,310,618
5875,11,38,5531,11060
5876,11,29,4640,9278
5877,35,29,2865,5728
5878,17,32,5733,11464
5879,23,32,3860,7718
5880,17,32,484,966
5881,5,14,550,1098
5882,17,29,2268,4534
5883,17,32,4828,9654
5884,23,20,1426,2850
5885,17,26,5070,10138
5886,17,32,1468,2934
5887,35,29,4089,8176
5888,17,26,3186,6370
5889,5,26,1391,2780
5890,11,29,4503,9004
5891,29,23,990,1978
5892,23,38,4456,8910
5893,11,35,4447,8892
5894,17,32,1775,3548
5895,11,38,3511,7020
5896,17,23,2465,4928
5897,17,32,1158,2314
5898,29,35,4301,8600
5899,23,38,846,1690
5900,23,26,3859,7716
5901,17,35,3484,6966
5902,11,32,1956,3910
5903,11,32,4648,9294
5904,29,26,888,1774
5905,17,32,232,462
5906,17,23,4175,8348
5907,23,35,4195,8388
5908,11,32,5323,10644
5909,17,29,5060,10118
5910,23,26,3705,7408
5911,17,26,5299,10596
5912,23,8,740,1478
5913,17,26,5833,11664
5914,17,32,3070,6138
5915,17,38,5762,11522
5916,29,38,221,440
5917,23,32,631,1260
5918,29,35,3339,6676
5919,17,32,2991,5980
5920,23,38,3728,7454
5921,11,38,2052,4102
5922,29,29,4540,9078
5923,17,35,3087,6172
5924,29,32,4972,9942
5925,17,32,5517,11032
5926,23,38,5084,10166
5927,11,32,5801,11600
5928,29,29,3386,6770
5929,23,35,3808,7614
5930,11,29,1511,3020
5931,23,32,2036,4070
5932,29,35,2179,4356
5933,17,35,1559,3116
5934,11,26,5854,11706
5935,23,26,3627,7252
5936,17,35,224,446
5937,17,32,1300,2598
5938,23,23,580,1158
5939,23,29,2511,5020
5940,17,32,5305,10608
5941,23,32,3687,7372
5942,17,38,3942,7882
5943,11,26,3400,6798
5944,17,35,4673,9344
5945,23,35,5869,11736
5946,29,32,605,1208
5947,17,32,2610,5218
5948,5,32,5834,11666
5949,11,26,4774,9546
5950,17,35,3191,6380
5951,17,26,3523,7044
5952,17,32,4432,8862
5953,47,35,359,716
5954,23,17,4001,8000
5955,11,32,5724,11446
5956,17,32,4777,9552
5957,17,32,3465,6928
5958,17,35,4561,9120
5959,17,32,2442,4882
5960,23,35,1738,3474
5961,17,32,4851,9700
5962,17,35,3212,6422
5963,17,35,5257,10512
5964,17,26,5207,10412
5965,17,23,1095,2188
5966,17,38,1548,3094
5967,11,23,3659,7316
5968,11,20,3403,6804
5969,17,35,1473,2944
5970,23,32,1600,3198
5971,23,38,995,1988
5972,23,32,1717,3432
5973,17,23,723,1444
5974,11,26,407,812
5975,17,38,1207,2412
5976,17,26,362,722
5977,29,35,27,52
5978,29,32,3903,7804
5979,17,23,3760,7518
5980,29,35,3402,6802
5981,11,23,3668,7334
5982,17,32,1878,3754
5983,23,32,3970,7938
5984,17,26,1928,3854
5985,17,35,4972,9942
5986,23,29,4600,9198
5987,17,38,3934,7866
5988,23,35,5352,10702
5989,23,20,1260,2518
5990,29,29,4718,9434
5991,29,35,3541,7080
5992,29,35,4178,8354
5993,41,32,3829,7656
5994,11,29,5965,11928
5995,17,23,4146,8290
5996,17,32,5760,11518
5997,29,23,4986,9970
5998,17,38,4917,9832
5999,5,32,5998,11994
6000,11,32,553,1104
6001,11,29,1998,3994
6002,17,29,3953,7904
6003,11,32,4922,9842
6004,11,32,5762,11522
6005,23,38,653,1304
6006,11,32,1920,3838
6007,23,32,1910,3818
6008,17,23,5798,11594
6009,23,29,2047,4092
6010,23,26,5929,11856
6011,11,35,5914,11826
6012,23,32,1758,3514
6013,23,38,145,288
6014,23,32,3574,7146
6015,11,32,5685,11368
6016,11,32,648,1294
6017,17,32,2630,5258
6018,11,35,2522,5042
6019,11,32,2460,4918
6020,23,32,1519,3036
6021,17,26,5163,10324
6022,17,35,2609,5216
6023,11,32,421,840
6024,23,35,2651,5300
6025,11,20,5697,11392
6026,17,35,3091,6180
6027,11,29,1724,3446
6028,23,38,5872,11742
6029,23,35,5354,10706
6030,11,32,4096,8190
6031,5,32,928,1854
6032,23,29,5072,10142
6033,11,26,2910,5818
6034,11,38,5907,11812
6035,17,23,5540,11078
6036,23,35,564,1126
6037,17,32,3912,7822
6038,11,32,26,50
6039,23,26,2890,5778
6040,17,32,3982,7962
6041,17,26,3835,7668
6042,17,35,1461,2920
6043,17,29,382,762
6044,11,29,5271,10540
6045,41,29,937,1872
6046,23,29,5012,10022
6047,23,29,27,52
6048,17,38,105,208
6049,11,35,353,704
6050,17,32,2821,5640
6051,17,32,3836,7670
6052,11,38,3518,7034
6053,23,26,3063,6124
6054,11,26,2944,5886
6055,17,38,2190,4378
6056,23,32,2670,5338
6057,17,35,3947,7892
6058,23,35,4852,9702
6059,23,26,4083,8164
6060,29,29,3403,6804
6061,11,35,3872,7742
6062,29,32,369,736
6063,5,32,5013,10024
6064,23,29,4957,9912
6065,17,38,535,1068
6066,11,29,1794,3586
6067,11,35,1082,2162
6068,17,29,2707,5412
6069,11,23,6047,12092
6070,23,26,2762,5522
6071,11,29,4642,9282
6072,23,29,5769,11536
6073,17,23,5623,11244
6074,17,23,3440,6878
6075,17,35,1402,2802
6076,11,32,5225,10448
6077,17,29,5644,11286
6078,29,32,5838,11674
6079,23,32,4837,9672
6080,11,32,2782,5562
6081,29,35,4390,8778
6082,29,38,3910,7818
6083,17,29,4235,8468
6084,17,32,425,848
6085,23,32,2939,5876
6086,11,32,4377,8752
6087,17,38,5309,10616
6088,23,23,4494,8986
6089,23,26,5031,10060
6090,17,32,2761,5520
6091,11,14,4759,9516
6092,17,35,524,1046
6093,29,35,4770,9538
6094,11,32,5860,11718
6095,17,32,1378,2754
6096,41,26,4036,8070
6097,11,32,5355,10708
6098,29,32,615,1228
6099,5,35,861,1720
6100,23,32,5705,11408
6101,23,32,1278,2554
6102,11,32,5217,10432
6103,23,29,4917,9832
6104,29,29,5694,11386
6105,17,35,3895,7788
6106,11,32,1273,2544
6107,11,32,1243,2484
6108,29,38,4276,8550
6109,11,29,3095,6188
6110,23,32,1607,3212
6111,23,38,1554,3106
6112,23,23,3128,6254
6113,17,35,5613,11224
6114,11,29,3875,7748
6115,23,38,2633,5264
6116,11,32,3293,6584
6117,23,38,3885,7768
6118,29,38,2628,5254
6119,11,35,4869,9736
6120,11,32,2925,5848
6121,11,35,886,1770
6122,17,32,3279,6556
6123,23,29,4144,8286
6124,17,32,4531,9060
6125,11,32,4424,8846
6126,5,26,3697,7392
6127,17,35,714,1426
6128,23,29,3860,7718
6129,17,29,5487,10972
6130,29,35,3108,6214
6131,5,26,5881,11760
6132,23,29,2257,4512
6133,17,35,226,450
6134,11,26,4396,8790
6135,11,29,4908,9814
6136,11,32,5888,11774
6137,17,26,6079,12156
6138,23,35,1589,3176
6139,17,32,3373,6744
6140,29,32,4051,8100
6141,29,32,5180,10358
6142,17,38,5189,10376
6143,17,20,3119,6236
6144,23,29,4411,8820
6145,23,35,806,1610
6146,35,38,1701,3400
6147,11,32,1948,3894
6148,17,35,1833,3664
6149,11,20,4179,8356
6150,17,29,5086,10170
6151,17,35,485,968
6152,23,29,5414,10826
6153,11,29,2482,4962
6154,17,35,5573,11144
6155,11,32,1752,3502
6156,29,26,3042,6082
6157,17,32,3760,7518
6158,17,26,5978,11954
6159,23,38,4373,8744
6160,23,26,2273,4544
6161,5,26,4729,9456
6162,17,26,3960,7918
6163,11,29,860,1718
6164,17,35,5049,10096
6165,23,35,714,1426
6166,23,29,1366,2730
6167,29,35,2950,5898
6168,17,38,1942,3882
6169,17,26,1313,2624
6170,17,38,2313,4624
6171,23,26,2592,5182
6172,11,35,4763,9524
6173,41,38,2514,5026
6174,23,38,1524,3046
6175,17,35,5390,10778
6176,17,35,3877,7752
6177,17,29,6037,12072
6178,17,29,1525,3048
6179,29,26,2643,5284
6180,29,29,1041,2080
6181,11,35,1401,2800
6182,17,32,4713,9424
6183,11,35,1656,3310
6184,35,26,4988,9974
6185,41,20,3527,7052
6186,29,35,5795,11588
6187,11,26,4677,9352
6188,35,26,3107,6212
6189,23,35,3960,7918
6190,23,26,1801,3600
6191,23,23,846,1690
6192,11,35,3929,7856
6193,17,32,1150,2298
6194,17,29,151,300
6195,17,35,1220,2438
6196,17,32,3428,6854
6197,23,38,3473,6944
6198,11,32,1539,3076
6199,17,35,116,230
6200,17,32,5348,10694
6201,17,20,2276,4550
6202,23,38,2609,5216
6203,5,29,6150,12298
6204,29,29,902,1802
6205,11,26,2290,4578
6206,11,29,4769,9536
6207,11,29,6079,12156
6208,11,32,4757,9512
6209,5,35,2,2
6210,11,38,4359,8716
6211,5,35,6015,12028
6212,17,35,5206,10410
6213,11,32,1173,2344
6214,17,29,4533,9064
6215,17,38,5156,10310
6216,11,32,4458,8914
6217,29,26,448,894
6218,5,32,5997,11992
6219,11,29,1342,2682
6220,11,35,1033,2064
6221,17,29,5291,10580
6222,17,5,4668,9334
6223,17,35,326,650
6224,11,38,2829,5656
6225,5,35,2983,5964
6226,11,35,3500,6998
6227,11,32,6061,12120
6228,17,32,2144,4286
6229,23,32,3269,6536
6230,23,17,3601,7200
6231,11,32,3307,6612
6232,11,32,3095,6188
6233,17,32,4465,8928
6234,11,32,3629,7256
6235,17,35,5025,10048
6236,17,38,3909,7816
6237,23,35,2846,5690
6238,29,26,5764,11526
6239,17,29,2249,4496
6240,17,20,4827,9652
6241,17,29,2309,4616
6242,11,32,5763,11524
6243,17,38,5417,10832
6244,17,29,3201,6400
6245,23,17,2245,4488
6246,23,23,1683,3364
6247,17,35,4824,9646
6248,23,29,6071,12140
6249,23,32,4751,9500
6250,23,32,2542,5082
6251,29,32,229,456
6252,23,35,4192,8382
6253,11,32,4100,8198
6254,23,38,1269,2536
6255,17,35,291,580
6256,11,32,5086,10170
6257,29,32,3949,7896
6258,17,32,2153,4304
6259,17,32,325,648
6260,11,38,6254,12506
6261,11,32,2625,5248
6262,23,35,5882,11762
6263,17,32,5306,10610
6264,17,32,2706,5410
6265,23,32,254,506
6266,29,38,5878,11754
6267,29,32,3502,7002
6268,23,29,505,1008
6269,29,32,5385,10768
6270,17,35,2524,5046
6271,17,26,5426,10850
6272,17,38,3304,6606
6273,23,32,2196,4390
6274,11,35,185,368
6275,23,38,955,1908
6276,11,32,5219,10436
6277,23,29,1440,2878
6278,17,32,169,336
6279,17,32,3205,6408
6280,17,35,534,1066
6281,17,32,2027,4052
6282,17,38,4582,9162
6283,23,32,4974,9946
6284,23,38,5449,10896
6285,17,35,5145,10288
6286,17,29,3100,6198
6287,17,20,2308,4614
6288,35,29,1873,3744
6289,29,32,3209,6416
6290,17,29,5791,11580
6291,11,29,2363,4724
6292,17,32,5632,11262
6293,23,32,1273,2544
6294,17,29,5366,10730
6295,17,35,5082,10162
6296,17,32,6079,12156
6297,23,29,2256,4510
6298,17,26,110,218
6299,5,17,5808,11614
6300,5,32,667,1332
6301,29,29,3034,6066
6302,23,29,3601,7200
6303,17,35,2900,5798
6304,5,29,6262,12522
6305,17,32,3987,7972
6306,17,35,5914,11826
6307,17,35,5521,11040
6308,23,35,5354,10706
6309,17,38,6281,12560
6310,11,35,6278,12554
6311,17,32,5624,11246
6312,23,35,5064,10126
6313,5,32,126,250
6314,29,35,3789,7576
6315,11,35,1623,3244
6316,17,29,4422,8842
6317,17,35,5347,10692
6318,23,38,6012,12022
6319,23,32,1230,2458
6320,5,32,3453,6904
6321,17,38,3543,7084
6322,23,29,2264,4526
6323,11,32,3943,7884
6324,23,32,1393,2784
6325,29,26,2136,4270
6326,17,32,4358,8714
6327,23,23,3535,7068
6328,17,35,4009,8016
6329,29,26,2287,4572
6330,23,38,5662,11322
6331,11,29,6164,12326
6332,29,38,2599,5196
6333,17,35,3687,7372
6334,29,32,5569,11136
6335,17,35,2207,4412
6336,11,32,1148,2294
6337,17,8,793,1584
6338,17,38,1651,3300
6339,23,26,3356,6710
6340,17,29,2779,5556
6341,17,32,3762,7522
6342,17,29,4030,8058
6343,17,35,1200,2398
6344,29,32,480,958
6345,17,32,2686,5370
6346,17,26,3728,7454
6347,23,32,784,1566
6348,23,35,4209,8416
6349,17,32,4627,9252
6350,23,29,800,1598
6351,17,32,3992,7982
6352,23,32,3303,6604
6353,17,29,3913,7824
6354,23,32,1368,2734
6355,17,32,3256,6510
6356,17,32,5670,11338
6357,23,32,2845,5688
6358,35,38,2498,4994
6359,17,35,576,1150
6360,23,26,1304,2606
6361,23,20,3927,7852
6362,41,35,3840,7678
6363,29,23,371,740
6364,17,35,3524,7046
6365,23,14,2985,5968
6366,11,38,3305,6608
6367,11,35,1664,3326
6368,17,26,3346,6690
6369,17,29,365,728
6370,29,29,765,1528
6371,23,35,1158,2314
6372,11,29,1411,2820
6373,29,32,1290,2578
6374,35,29,3728,7454
6375,17,35,1289,2576
6376,29,35,1798,3594
6377,17,29,3008,6014
6378,11,29,5299,10596
6379,29,35,599,1196
6380,11,32,6147,12292
6381,35,38,781,1560
6382,23,35,4337,8672
6383,41,29,1726,3450
6384,23,38,6131,12260
6385,17,29,3921,7840
6386,23,35,4285,8568
6387,23,35,1017,2032
6388,17,29,3126,6250
6389,29,35,316,630
6390,5,35,4145,8288
6391,11,35,713,1424
6392,17,29,3425,6848
6393,23,35,182,362
6394,35,35,1927,3852
6395,17,35,5973,11944
6396,17,29,6241,12480
6397,11,35,3637,7272
6398,29,35,4323,8644
6399,17,32,2096,4190
6400,17,32,5596,11190
6401,11,32,1622,3242
6402,23,32,4473,8944
6403,17,38,559,1116
6404,17,32,5537,11072
6405,17,35,199,396
6406,23,35,5964,11926
6407,17,35,2764,5526
6408,23,29,407,812
6409,17,20,1451,2900
6410,23,32,4803,9604
6411,29,35,4781,9560
6412,17,38,2174,4346
6413,23,26,1136,2270
6414,17,32,2609,5216
6415,23,35,2178,4354
6416,11,29,4979,9956
6417,11,35,3558,7114
6418,11,32,4578,9154
6419,11,29,4958,9914
6420,17,32,5421,10840
6421,23,26,6233,12464
6422,23,32,2336,4670
6423,17,38,1909,3816
6424,23,29,4221,8440
6425,17,35,2724,5446
6426,23,35,4470,8938
6427,29,38,3783,7564
6428,35,32,5030,10058
6429,23,26,262,522
6430,17,35,1049,2096
6431,23,26,3405,6808
6432,29,38,4657,9312
6433,11,35,3718,7434
6434,23,32,1662,3322
6435,17,23,1935,3868
6436,17,35,6061,12120
6437,11,32,2901,5800
6438,23,35,3990,7978
6439,29,35,4869,9736
6440,17,29,1665,3328
6441,11,29,6319,12636
6442,11,29,2345,4688
6443,17,35,2373,4744
6444,17,32,4364,8726
6445,17,38,4254,8506
6446,5,32,5700,11398
6447,23,35,2966,5930
6448,17,29,5636,11270
6449,17,35,3642,7282
6450,23,38,918,1834
6451,17,35,1570,3138
6452,11,38,879,1756
6453,29,32,1717,3432
6454,17,29,5917,11832
6455,17,32,5216,10430
6456,23,35,2255,4508
6457,17,38,5393,10784
6458,23,32,2668,5334
6459,17,35,366,730
6460,17,32,1580,3158
6461,11,35,1490,2978
6462,29,20,6413,12824
6463,17,35,2053,4104
6464,35,29,3263,6524
6465,35,32,6378,12754
6466,23,38,472,942
6467,11,26,4257,8512
6468,23,29,5185,10368
6469,17,17,4549,9096
6470,23,29,6236,12470
6471,17,35,1059,2116
6472,29,32,2499,4996
6473,17,23,3969,7936
6474,23,35,3188,6374
6475,23,32,5225,10448
6476,29,35,2492,4982
6477,17,23,75,148
6478,23,32,4052,8102
6479,17,32,2274,4546
6480,23,32,1648,3294
6481,29,35,5783,11564
6482,35,32,2716,5430
6483,17,29,2019,4036
6484,17,35,2498,4994
6485,17,38,641,1280
6486,11,35,716,1430
6487,5,32,1871,3740
6488,29,32,815,1628
6489,17,35,3534,7066
6490,17,32,2372,4742
6491,11,14,203,404
6492,29,35,1867,3732
6493,23,38,910,1818
6494,29,35,1770,3538
6495,23,23,4440,8878
6496,17,32,4393,8784
6497,17,14,2640,5278
6498,17,38,525,1048
6499,17,32,5955,11908
6500,23,29,1389,2776
6501,17,32,5921,11840
6502,23,23,685,1368
6503,23,35,3348,6694
6504,11,32,3367,6732
6505,11,38,2552,5102
6506,23,29,958,1914
6507,23,32,97,192
6508,11,29,69,136
6509,23,20,2696,5390
6510,17,29,679,1356
6511,23,23,5876,11750
6512,23,35,1269,2536
6513,23,35,5630,11258
6514,11,32,3048,6094
6515,17,32,3999,7996
6516,17,35,5359,10716
6517,11,32,4144,8286
6518,17,29,1673,3344
6519,17,35,6244,12486
6520,23,32,2110,4218
6521,29,35,1306,2610
6522,11,32,4206,8410
6523,17,35,3890,7778
6524,17,35,2339,4676
6525,23,35,5265,10528
6526,11,20,1173,2344
6527,23,32,2515,5028
6528,23,32,4517,9032
6529,17,38,3679,7356
6530,17,35,311,620
6531,17,35,1995,3988
6532,23,29,2657,5312
6533,23,38,1964,3926
6534,17,38,1395,2788
6535,23,38,23,44
6536,11,29,5726,11450
6537,11,35,3621,7240
6538,17,35,796,1590
6539,23,35,5321,10640
6540,29,35,3884,7766
6541,11,35,356,710
6542,29,32,2986,5970
6543,23,29,1526,3050
6544,17,35,538,1074
6545,17,38,5627,11252
6546,17,35,2212,4422
6547,29,26,5971,11940
6548,17,35,6323,12644
6549,11,35,3911,7820
6550,17,29,5713,11424
6551,5,29,3575,7148
6552,17,38,5866,11730
6553,17,38,5698,11394
6554,17,38,5489,10976
6555,17,35,1857,3712
6556,11,35,2293,4584
6557,17,38,1967,3932
6558,11,32,5362,10722
6559,29,38,1059,2116
6560,11,32,3949,7896
6561,23,26,5293,10584
6562,11,35,3980,7958
6563,17,35,5520,11038
6564,17,32,5862,11722
6565,23,29,3341,6680
6566,29,35,4646,9290
6567,17,32,6030,12058
6568,23,32,5415,10828
6569,17,32,4289,8576
6570,11,29,3073,6144
6571,11,32,328,654
6572,17,32,6248,12494
6573,29,17,2156,4310
6574,17,26,3454,6906
6575,23,35,3028,6054
6576,11,35,2255,4508
6577,35,35,1371,2740
6578,17,29,3819,7636
6579,17,32,5214,10426
6580,17,32,2187,4372
6581,17,20,4266,8530
6582,17,35,4339,8676
6583,17,35,5906,11810
6584,11,35,3559,7116
6585,17,38,4241,8480
6586,11,35,6534,13066
6587,17,32,2653,5304
6588,17,26,2069,4136
6589,23,20,2214,4426
6590,29,35,6113,12224
6591,23,32,5596,11190
6592,23,35,3661,7320
6593,17,38,1583,3164
6594,29,29,3908,7814
6595,17,23,2704,5406
6596,11,26,503,1004
6597,17,32,4538,9074
6598,17,35,1453,2904
6599,17,17,721,1440
6600,17,35,6305,12608
6601,17,26,2178,4354
6602,47,35,4872,9742
6603,17,35,205,408
6604,17,20,1187,2372
6605,17,29,3681,7360
6606,11,32,4971,9940
6607,23,32,2959,5916
6608,11,32,2146,4290
6609,29,35,3826,7650
6610,23,35,4750,9498
6611,23,32,6310,12618
6612,23,29,6193,12384
6613,11,29,4641,9280
6614,17,29,5690,11378
6615,17,38,6492,12982
6616,23,26,5828,11654
6617,23,32,4053,8104
6618,17,38,9,16
6619,17,38,6431,12860
6620,23,32,345,688
6621,29,29,1984,3966
6622,23,29,1608,3214
6623,17,32,2933,5864
6624,11,23,4115,8228
6625,11,35,4980,9958
6626,23,35,6054,12106
6627,29,32,656,1310
6628,17,32,4003,8004
6629,23,26,2965,5928
6630,11,32,145,288
6631,11,26,2837,5672
6632,35,35,4657,9312
6633,17,26,5686,11370
6634,11,35,766,1530
6635,17,38,5721,11440
6636,29,26,6080,12158
6637,23,38,4264,8526
6638,17,38,1334,2666
6639,23,29,1667,3332
6640,35,32,3089,6176
6641,5,26,817,1632
6642,11,29,3211,6420
6643,17,35,757,1512
6644,17,32,4849,9696
6645,23,23,5009,10016
6646,29,29,3498,6994
6647,17,35,514,1026
6648,11,35,2640,5278
6649,17,32,3510,7018
6650,23,32,321,640
6651,23,32,6136,12270
6652,41,32,3633,7264
6653,17,38,1240,2478
6654,11,35,1915,3828
6655,17,29,3683,7364
6656,17,32,1973,3944
6657,23,35,753,1504
6658,23,35,4530,9058
6659,17,29,72,142
6660,5,32,4697,9392
6661,41,23,3928,7854
6662,17,32,2148,4294
6663,29,32,257,512
6664,17,32,5229,10456
6665,17,35,6566,13130
6666,17,32,4769,9536
6667,11,38,1269,2536
6668,23,26,5379,10756
6669,17,32,3252,6502
6670,17,23,4196,8390
6671,17,32,1443,2884
6672,5,35,624,1246
6673,23,23,182,362
6674,17,29,5909,11816
6675,17,38,6339,12676
6676,5,35,5700,11398
6677,5,14,2712,5422
6678,17,23,1118,2234
6679,17,26,2126,4250
6680,17,35,1283,2564
6681,11,29,1818,3634
6682,17,35,1694,3386
6683,23,32,492,982
6684,17,38,5311,10620
6685,17,29,1376,2750
6686,17,35,2927,5852
6687,23,32,3732,7462
6688,23,35,2264,4526
6689,35,32,4424,8846
6690,17,29,1404,2806
6691,23,35,1530,3058
6692,29,35,2651,5300
6693,23,26,1529,3056
6694,29,35,2577,5152
6695,17,32,6503,13004
6696,11,29,934,1866
6697,17,29,5539,11076
6698,29,35,200,398
6699,17,29,3029,6056
6700,23,29,3461,6920
6701,11,32,6062,12122
6702,29,35,2664,5326
6703,23,35,4053,8104
6704,29,26,2187,4372
6705,17,29,3948,7894
6706,23,38,5664,11326
6707,23,32,1064,2126
6708,17,29,3005,6008
6709,17,20,5399,10796
6710,35,35,5680,11358
6711,23,38,1345,2688
6712,11,26,3708,7414
6713,29,26,1429,2856
6714,11,35,4224,8446
6715,35,29,2643,5284
6716,23,32,960,1918
6717,17,35,3098,6194
6718,23,38,1071,2140
6719,17,32,4190,8378
6720,17,35,937,1872
6721,17,35,3569,7136
6722,23,29,3760,7518
6723,17,35,1127,2252
6724,5,29,6652,13302
6725,35,32,4738,9474
6726,17,35,4632,9262
6727,5,38,4003,8004
6728,17,35,2856,5710
6729,11,26,3378,6754
6730,23,32,4315,8628
6731,23,32,2303,4604
6732,35,35,4869,9736
6733,23,35,4722,9442
6734,23,29,3004,6006
6735,23,32,1509,3016
6736,11,32,3365,6728
6737,17,38,3084,6166
6738,23,29,2650,5298
6739,29,32,3148,6294
6740,23,38,4043,8084
6741,17,29,6538,13074
6742,23,29,1216,2430
6743,17,26,1909,3816
6744,17,35,5256,10510
6745,29,35,5767,11532
6746,29,38,3596,7190
6747,17,35,3497,6992
6748,17,23,394,786
6749,17,35,5116,10230
6750,29,35,5721,11440
6751,23,38,5749,11496
6752,23,32,2720,5438
6753,17,29,2086,4170
6754,17,32,5748,11494
6755,17,26,1913,3824
6756,5,35,5407,10812
6757,11,38,3566,7130
6758,17,26,2547,5092
6759,17,29,6474,12946
6760,17,35,4839,9676
6761,17,29,5682,11362
6762,23,26,5296,10590
6763,17,35,380,758
6764,35,35,3429,6856
6765,29,35,2739,5476
6766,23,38,3091,6180
6767,23,29,1618,3234
6768,17,26,5168,10334
6769,29,35,3331,6660
6770,11,32,2302,4602
6771,17,23,2512,5022
6772,29,32,656,1310
6773,23,20,1110,2218
6774,17,32,862,1722
6775,23,35,4745,9488
6776,23,23,1932,3862
6777,17,29,2495,4988
6778,17,32,3040,6078
6779,17,38,2071,4140
6780,11,26,3615,7228
6781,17,29,1344,2686
6782,17,26,2370,4738
6783,23,23,27,52
6784,11,20,583,1164
6785,17,32,4050,8098
6786,17,29,4538,9074
6787,11,35,6159,12316
6788,17,29,5653,11304
6789,17,32,5438,10874
6790,23,35,4978,9954
6791,23,29,5761,11520
6792,17,29,1583,3164
6793,23,32,5211,10420
6794,23,32,5376,10750
6795,17,38,1163,2324
6796,41,35,3322,6642
6797,23,38,2936,5870
6798,17,32,4086,8170
6799,17,29,405,808
6800,17,38,254,506
6801,11,32,2155,4308
6802,11,29,615,1228
6803,29,32,2255,4508
6804,17,38,6238,12474
6805,17,35,5687,11372
6806,5,32,5919,11836
6807,17,32,561,1120
6808,29,23,5448,10894
6809,17,38,2685,5368
6810,35,32,5982,11962
6811,11,32,6709,13416
6812,11,38,2263,4524
6813,23,35,1748,3494
6814,23,32,1505,3008
6815,29,35,2338,4674
6816,11,32,3849,7696
6817,23,35,2837,5672
6818,17,35,1329,2656
6819,17,38,4776,9550
6820,23,26,4941,9880
6821,29,29,3470,6938
6822,11,35,1999,3996
6823,17,23,2317,4632
6824,29,26,2731,5460
6825,17,35,2337,4672
6826,17,35,560,1118
6827,11,29,4348,8694
6828,17,32,4489,8976
6829,17,32,5459,10916
6830,23,29,5209,10416
6831,17,29,1527,3052
6832,17,38,1330,2658
6833,17,32,6744,13486
6834,17,26,5406,10810
6835,23,38,6586,13170
6836,23,29,3691,7380
6837,17,29,4452,8902
6838,17,29,6562,13122
6839,35,32,1518,3034
6840,23,32,1085,2168
6841,35,35,839,1676
6842,17,29,1088,2174
6843,23,38,4114,8226
6844,17,32,5624,11246
6845,11,35,3177,6352
6846,11,35,6677,13352
6847,23,29,1116,2230
6848,17,32,1961,3920
6849,5,35,4850,9698
6850,11,32,2277,4552
6851,29,38,3827,7652
6852,17,38,6493,12984
6853,17,32,2459,4916
6854,35,35,6050,12098
6855,35,32,1180,2358
6856,11,32,6089,12176
6857,35,38,2647,5292
6858,35,29,608,1214
6859,17,26,1058,2114
6860,29,35,3515,7028
6861,23,32,793,1584
6862,11,26,6634,13266
6863,29,32,3850,7698
6864,17,32,4923,9844
6865,11,29,2688,5374
6866,17,35,6156,12310
6867,23,38,5329,10656
6868,17,29,2005,4008
6869,29,38,4751,9500
6870,11,35,4767,9532
6871,17,29,5186,10370
6872,17,35,4685,9368
6873,23,35,1179,2356
6874,17,29,691,1380
6875,35,35,3888,7774
6876,17,35,3429,6856
6877,29,35,2943,5884
6878,23,35,4432,8862
6879,17,35,3781,7560
6880,11,17,5268,10534
6881,23,32,1689,3376
6882,17,38,5762,11522
6883,17,29,2736,5470
6884,35,35,5006,10010
6885,17,29,920,1838
6886,23,26,3133,6264
6887,35,32,2268,4534
6888,11,23,5677,11352
6889,23,35,3785,7568
6890,23,38,5080,10158
6891,11,38,5570,11138
6892,17,35,4574,9146
6893,17,29,531,1060
6894,35,32,3718,7434
6895,29,35,6450,12898
6896,23,35,6233,12464
6897,11,32,1328,2654
6898,17,32,3869,7736
6899,17,35,5877,11752
6900,35,29,127,252
6901,23,38,6159,12316
6902,17,35,5745,11488
6903,5,29,4969,9936
6904,11,35,862,1722
6905,11,23,3910,7818
6906,29,29,5307,10612
6907,11,35,4254,8506
6908,5,32,17,32
6909,17,38,899,1796
6910,11,32,453,904
6911,23,32,1339,2676
6912,11,35,2918,5834
6913,23,23,2782,5562
6914,11,32,4526,9050
6915,5,32,96,190
6916,35,29,1451,2900
6917,35,29,4354,8706
6918,53,26,2364,4726
6919,23,35,2008,4014
6920,11,20,1893,3784
6921,17,29,6454,12906
6922,17,38,2679,5356
6923,11,26,3097,6192
6924,23,32,1685,3368
6925,17,35,4942,9882
6926,41,32,1360,2718
6927,11,29,6772,13542
6928,11,29,4026,8050
6929,11,29,440,878
6930,17,38,3990,7978
6931,23,32,1580,3158
6932,17,32,5634,11266
6933,11,35,4127,8252
6934,17,32,5346,10690
6935,11,32,5794,11586
6936,17,35,2491,4980
6937,11,38,444,886
6938,5,26,1829,3656
6939,23,32,5985,11968
6940,23,38,3587,7172
6941,23,32,591,1180
6942,5,35,1149,2296
6943,23,38,144,286
6944,23,32,2370,4738
6945,17,23,4586,9170
6946,17,35,1649,3296
6947,11,38,117,232
6948,11,32,3651,7300
6949,23,35,883,1764
6950,23,32,851,1700
6951,17,38,2881,5760
6952,23,35,5710,11418
6953,17,32,3878,7754
6954,17,32,6468,12934
6955,11,32,1640,3278
6956,17,35,2711,5420
6957,17,23,2745,5488
6958,5,23,5247,10492
6959,23,38,6370,12738
6960,23,26,3303,6604
6961,17,26,6374,12746
6962,17,32,1838,3674
6963,17,29,3176,6350
6964,17,35,3676,7350
6965,11,35,1439,2876
6966,17,38,2448,4894
6967,17,35,4097,8192
6968,11,35,3240,6478
6969,35,38,6852,13702
6970,23,38,2912,5822
6971,17,29,5222,10442
6972,29,38,5225,10448
6973,11,32,4230,8458
6974,35,35,154,306
6975,29,35,6596,13190
6976,17,35,6388,12774
6977,23,38,3342,6682
6978,5,35,6847,13692
6979,23,32,3418,6834
6980,23,23,4117,8232
6981,23,35,3922,7842
6982,17,32,2878,5754
6983,23,32,3958,7914
6984,23,32,296,590
6985,17,35,199,396
6986,17,35,4950,9898
6987,17,38,3400,6798
6988,17,29,552,1102
6989,29,38,3642,7282
6990,17,26,6348,12694
6991,11,23,5926,11850
6992,11,32,132,262
6993,23,26,6432,12862
6994,17,32,2624,5246
6995,23,29,6905,13808
6996,29,38,1067,2132
6997,23,32,4403,8804
6998,23,35,2663,5324
6999,23,32,4275,8548
7000,17,35,1238,2474
7001,17,32,6497,12992
7002,23,38,2631,5260
7003,17,35,5148,10294
7004,35,35,2555,5108
7005,11,35,664,1326
7006,23,29,1265,2528
7007,23,35,2810,5618
7008,23,38,3209,6416
7009,23,29,4429,8856
7010,29,35,932,1862
7011,23,17,6025,12048
7012,17,32,4598,9194
7013,35,32,4304,8606
7014,11,20,3999,7996
7015,11,35,3916,7830
7016,17,35,5053,10104
7017,23,38,5420,10838
7018,29,29,1802,3602
7019,17,38,5288,10574
7020,23,32,3841,7680
7021,17,38,3716,7430
7022,23,38,5797,11592
7023,5,26,6543,13084
7024,29,35,834,1666
7025,17,38,499,996
7026,17,23,5571,11140
7027,17,32,6625,13248
7028,23,32,3957,7912
7029,29,38,6544,13086
7030,11,32,1230,2458
7031,11,35,334,666
7032,35,35,179,356
7033,17,35,2429,4856
7034,29,35,5113,10224
7035,17,23,3985,7968
7036,17,35,3327,6652
7037,11,32,5520,11038
7038,17,32,5255,10508
7039,11,38,5367,10732
7040,29,8,880,1758
7041,29,38,1120,2238
7042,11,26,1087,2172
7043,29,26,5352,10702
7044,23,35,3334,6666
7045,11,35,1150,2298
7046,23,29,6655,13308
7047,11,32,5190,10378
7048,29,32,3230,6458
7049,17,35,3092,6182
7050,11,29,3612,7222
7051,17,38,486,970
7052,17,26,6654,13306
7053,17,35,6114,12226
7054,17,32,4942,9882
7055,17,32,2910,5818
7056,41,26,6518,13034
7057,17,38,3050,6098
7058,23,35,2741,5480
7059,17,32,2684,5366
7060,11,32,6725,13448
7061,23,38,5914,11826
7062,17,17,1654,3306
7063,23,32,3280,6558
7064,5,32,5880,11758
7065,17,38,4261,8520
7066,23,20,7012,14022
7067,5,35,4608,9214
7068,17,38,5713,11424
7069,23,38,5474,10946
7070,29,26,2140,4278
7071,11,17,993,1984
7072,11,32,4299,8596
7073,17,32,1584,3166
7074,23,35,4005,8008
7075,5,32,265,528
7076,17,32,514,1026
7077,11,29,3352,6702
7078,17,32,4558,9114
7079,29,38,4878,9754
7080,11,38,1347,2692
7081,23,38,1181,2360
7082,11,38,6215,12428
7083,11,38,2731,5460
7084,23,35,264,526
7085,5,35,685,1368
7086,17,38,4812,9622
7087,23,32,4341,8680
7088,5,32,258,514
7089,23,29,4812,9622
7090,11,35,3723,7444
7091,17,35,4832,9662
7092,11,35,6184,12366
7093,41,35,2934,5866
7094,29,38,3413,6824
7095,11,32,4589,9176
7096,29,38,5513,11024
7097,17,29,3348,6694
7098,23,35,1238,2474
7099,23,32,5009,10016
7100,17,32,2651,5300
7101,23,32,3809,7616
7102,17,26,234,466
7103,11,35,401,800
7104,23,32,4610,9218
7105,17,23,4192,8382
7106,11,32,5507,11012
7107,17,35,7009,14016
7108,17,35,2885,5768
7109,17,32,5655,11308
7110,11,32,5357,10712
7111,29,38,902,1802
7112,11,29,5729,11456
7113,35,35,4255,8508
7114,23,32,4880,9758
7115,17,35,908,1814
7116,5,29,4300,8598
7117,23,32,2241,4480
7118,17,32,975,1948
7119,29,38,422,842
7120,17,35,6735,13468
7121,17,38,1548,3094
7122,11,32,6130,12258
7123,23,32,4128,8254
7124,17,38,5339,10676
7125,17,35,3685,7368
7126,11,32,1631,3260
7127,23,29,6285,12568
7128,17,29,6745,13488
7129,11,35,6456,12910
7130,17,32,2579,5156
7131,17,29,2208,4414
7132,11,32,448,894
7133,11,35,1481,2960
7134,17,29,4689,9376
7135,17,32,6491,12980
7136,11,32,1982,3962
7137,29,32,5976,11950
7138,23,35,4051,8100
7139,17,26,572,1142
7140,11,32,2825,5648
7141,23,35,2798,5594
7142,29,35,1828,3654
7143,17,35,4010,8018
7144,11,32,2354,4706
7145,17,35,1477,2952
7146,17,32,2787,5572
7147,17,20,2401,4800
7148,23,35,2559,5116
7149,29,38,2387,4772
7150,23,38,3787,7572
7151,29,20,277,552
7152,23,38,6582,13162
7153,23,32,3761,7520
7154,17,38,2661,5320
7155,11,32,1093,2184
7156,23,35,3552,7102
7157,23,29,2566,5130
7158,23,11,2236,4470
7159,11,32,975,1948
7160,17,29,4846,9690
7161,17,23,1313,2624
7162,11,29,6821,13640
7163,29,35,5969,11936
7164,17,23,84,166
7165,23,38,6914,13826
7166,17,35,5422,10842
7167,23,32,5610,11218
7168,23,32,3013,6024
7169,17,29,6659,13316
7170,11,32,1865,3728
7171,29,35,5500,10998
7172,11,38,4678,9354
7173,11,35,2822,5642
7174,17,32,5756,11510
7175,11,29,3411,6820
7176,17,32,6325,12648
7177,11,26,2789,5576
7178,11,35,4165,8328
7179,23,38,3674,7346
7180,17,32,1672,3342
7181,41,35,4101,8200
7182,29,32,3658,7314
7183,17,32,157,312
7184,17,38,3854,7706
7185,17,38,4890,9778
7186,23,35,4867,9732
7187,11,29,2841,5680
7188,23,26,6332,12662
7189,23,38,1956,3910
7190,23,38,2853,5704
7191,23,29,850,1698
7192,17,35,5374,10746
7193,23,32,5040,10078
7194,17,35,4083,8164
7195,23,29,5123,10244
7196,35,35,5722,11442
7197,23,29,3366,6730
7198,29,35,2004,4006
7199,17,35,4045,8088
7200,23,35,2796,5590
7201,17,32,1901,3800
7202,11,29,6167,12332
7203,11,38,2661,5320
7204,29,26,5502,11002
7205,5,29,624,1246
7206,17,35,6114,12226
7207,17,35,5734,11466
7208,11,35,1081,2160
7209,17,35,4158,8314
7210,11,35,2926,5850
7211,11,26,379,756
7212,11,20,2420,4838
7213,17,32,116,230
7214,11,23,2056,4110
7215,17,35,1791,3580
7216,23,38,3448,6894
7217,11,32,1947,3892
7218,11,20,5019,10036
7219,11,35,5322,10642
7220,35,32,1526,3050
7221,23,32,4932,9862
7222,11,35,2752,5502
7223,23,38,6338,12674
7224,11,35,5127,10252
7225,17,35,718,1434
7226,23,32,2042,4082
7227,29,38,4070,8138
7228,17,32,681,1360
7229,17,17,4631,9260
7230,17,38,2502,5002
7231,17,29,5092,10182
7232,29,23,6244,12486
7233,17,29,7155,14308
7234,11,35,6625,13248
7235,29,23,197,392
7236,17,32,441,880
7237,17,35,3921,7840
7238,11,32,2179,4356
7239,11,35,967,1932
7240,11,32,1530,3058
7241,17,23,1950,3898
7242,11,38,5217,10432
7243,17,38,1888,3774
7244,41,29,5086,10170
7245,17,32,2196,4390
7246,23,20,5605,11208
7247,17,29,1451,2900
7248,17,38,1420,2838
7249,23,29,3460,6918
7250,11,35,2893,5784
7251,41,32,2397,4792
7252,23,23,5581,11160
7253,17,29,3931,7860
7254,11,32,1169,2336
7255,23,38,1570,3138
7256,17,32,3326,6650
7257,17,32,2311,4620
7258,17,35,4839,9676
7259,11,29,4799,9596
7260,11,29,6699,13396
7261,17,35,5849,11696
7262,17,26,1005,2008
7263,17,35,1779,3556
7264,11,26,270,538
7265,17,38,7036,14070
7266,11,29,1224,2446
7267,11,35,2460,4918
7268,23,35,3916,7830
7269,41,38,2435,4868
7270,23,32,1607,3212
7271,17,35,858,1714
7272,17,32,6246,12490
7273,17,35,5971,11940
7274,11,29,106,210
7275,23,35,2363,4724
7276,23,35,2612,5222
7277,17,38,3127,6252
7278,23,32,1324,2646
7279,23,35,2575,5148
7280,35,38,1327,2652
7281,23,26,4394,8786
7282,11,29,178,354
7283,23,29,6167,12332
7284,23,32,2592,5182
7285,17,35,6775,13548
7286,11,29,135,268
7287,17,26,5565,11128
7288,17,35,4304,8606
7289,17,32,1277,2552
7290,23,35,4804,9606
7291,11,26,2634,5266
7292,29,35,3655,7308
7293,23,38,4988,9974
7294,17,35,2534,5066
7295,35,38,2785,5568
7296,17,35,1202,2402
7297,11,35,949,1896
7298,23,26,3064,6126
7299,23,32,616,1230
7300,23,26,2609,5216
7301,17,32,4338,8674
7302,23,32,5495,10988
7303,29,35,1713,3424
7304,17,35,2041,4080
7305,23,11,4110,8218
7306,11,38,4963,9924
7307,17,23,4652,9302
7308,11,29,50,98
7309,11,38,5748,11494
7310,17,35,2178,4354
7311,11,23,3570,7138
7312,11,38,2484,4966
7313,17,17,1939,3876
7314,23,32,6888,13774
7315,23,32,6561,13120
7316,29,29,1049,2096
7317,23,35,2548,5094
7318,23,32,5847,11692
7319,29,35,4340,8678
7320,29,29,5867,11732
7321,11,35,3770,7538
7322,17,35,5700,11398
7323,23,32,5632,11262
7324,17,35,4808,9614
7325,29,38,1390,2778
7326,17,35,1844,3686
7327,29,35,2699,5396
7328,11,32,6657,13312
7329,11,29,7150,14298
7330,23,32,3016,6030
7331,17,26,3681,7360
7332,29,38,2481,4960
7333,17,26,4481,8960
7334,11,38,1543,3084
7335,17,38,3696,7390
7336,17,35,3651,7300
7337,23,26,958,1914
7338,11,32,1105,2208
7339,23,35,3825,7648
7340,17,35,3499,6996
7341,17,26,4687,9372
7342,23,35,5769,11536
7343,29,32,2893,5784
7344,17,32,677,1352
7345,5,29,3434,6866
7346,23,29,3795,7588
7347,23,35,2950,5898
7348,17,35,6478,12954
7349,17,26,4893,9784
7350,35,29,3754,7506
7351,11,38,325,648
7352,23,38,3991,7980
7353,11,32,6407,12812
7354,29,32,5626,11250
7355,11,38,2786,5570
7356,11,35,6004,12006
7357,11,32,6435,12868
7358,17,26,5935,11868
7359,23,32,326,650
7360,17,32,6839,13676
7361,11,29,6908,13814
7362,11,35,1967,3932
7363,17,35,760,1518
7364,17,38,5368,10734
7365,23,35,5057,10112
7366,23,38,3909,7816
7367,23,38,3653,7304
7368,23,29,4151,8300
7369,11,38,551,1100
7370,11,29,5002,10002
7371,17,29,3636,7270
7372,23,32,5849,11696
7373,35,38,1654,3306
7374,11,32,606,1210
7375,17,35,5058,10114
7376,11,29,1431,2860
7377,23,32,1292,2582
7378,17,35,2010,4018
7379,29,29,2297,4592
7380,11,26,6760,13518
7381,17,35,2192,4382
7382,29,38,1674,3346
7383,29,26,1832,3662
7384,23,26,3502,7002
7385,17,23,5221,10440
7386,17,32,7028,14054
7387,17,32,2354,4706
7388,5,32,579,1156
7389,17,35,6601,13200
7390,35,14,2541,5080
7391,17,38,1190,2378
7392,17,35,40,78
7393,29,32,6162,12322
7394,17,35,326,650
7395,17,26,3828,7654
7396,29,35,6499,12996
7397,11,29,5035,10068
7398,17,32,4815,9628
7399,23,32,6009,12016
7400,11,32,6724,13446
7401,23,23,2050,4098
7402,11,26,2210,4418
7403,17,35,6725,13448
7404,29,35,3888,7774
7405,17,35,3635,7268
7406,11,35,972,1942
7407,11,35,309,616
7408,29,35,706,1410
7409,23,26,6236,12470
7410,11,32,4641,9280
7411,11,14,7181,14360
7412,11,32,7097,14192
7413,23,38,4780,9558
7414,23,23,5301,10600
7415,17,29,5743,11484
7416,11,35,4744,9486
7417,23,32,3812,7622
7418,17,32,4914,9826
7419,23,35,5183,10364
7420,5,35,7391,14780
7421,11,38,1350,2698
7422,23,29,2153,4304
7423,17,32,2445,4888
7424,17,23,6757,13512
7425,23,23,4439,8876
7426,23,35,4704,9406
7427,11,29,7348,14694
7428,23,35,2334,4666
7429,17,38,6765,13528
7430,11,29,4114,8226
7431,11,38,6957,13912
7432,17,35,6538,13074
7433,5,32,5375,10748
7434,29,26,4515,9028
7435,11,35,5916,11830
7436,11,29,2054,4106
7437,29,32,4898,9794
7438,23,32,4514,9026
7439,11,32,7305,14608
7440,11,35,644,1286
7441,23,35,6878,13754
7442,29,32,6189,12376
7443,17,35,5668,11334
7444,23,38,3430,6858
7445,17,35,96,190
7446,17,32,1195,2388
7447,23,38,6982,13962
7448,5,32,7399,14796
7449,29,35,2197,4392
7450,17,38,6893,13784
7451,17,38,1128,2254
7452,17,32,5017,10032
7453,23,32,5040,10078
7454,23,38,2297,4592
7455,35,35,1003,2004
7456,17,38,7365,14728
7457,17,38,4474,8946
7458,29,32,6158,12314
7459,17,32,6456,12910
7460,5,29,7219,14436
7461,17,32,622,1242
7462,23,32,5723,11444
7463,29,38,3730,7458
7464,23,38,3294,6586
7465,23,32,4594,9186
7466,29,35,5153,10304
7467,5,20,57,112
7468,29,38,6087,12172
7469,23,35,2535,5068
7470,17,35,1258,2514
7471,17,32,1650,3298
7472,17,26,887,1772
7473,17,35,5154,10306
7474,11,35,3361,6720
7475,17,35,1194,2386
7476,23,38,3030,6058
7477,11,29,5804,11606
7478,23,32,3990,7978
7479,23,23,3300,6598
7480,23,35,6646,13290
7481,11,32,1112,2222
7482,23,32,7083,14164
7483,17,38,5966,11930
7484,29,35,5988,11974
7485,29,32,3584,7166
7486,23,38,3237,6472
7487,17,35,730,1458
7488,23,35,6173,12344
7489,11,26,4195,8388
7490,11,32,5209,10416
7491,17,32,3763,7524
7492,23,35,3886,7770
7493,17,26,1886,3770
7494,23,32,260,518
7495,17,38,3282,6562
7496,17,29,2467,4932
7497,23,35,85,168
7498,5,32,7273,14544
7499,23,35,3290,6578
7500,11,35,637,1272
7501,29,32,3395,6788
7502,17,38,989,1976
7503,23,32,1606,3210
7504,17,23,5538,11074
7505,17,32,6291,12580
7506,5,26,3415,6828
7507,17,35,5130,10258
7508,23,35,3792,7582
7509,17,26,4587,9172
7510,5,35,6606,13210
7511,23,35,2701,5400
7512,23,35,423,844
7513,29,29,3983,7964
7514,17,35,3047,6092
7515,5,38,7506,15010
7516,11,23,4962,9922
7517,11,35,3720,7438
7518,23,32,4019,8036
7519,47,35,2609,5216
7520,23,35,6948,13894
7521,17,38,1160,2318
7522,11,20,7111,14220
7523,17,32,1957,3912
7524,5,29,3839,7676
7525,23,29,7224,14446
7526,17,35,4004,8006
7527,5,32,2996,5990
7528,23,32,452,902
7529,17,32,2907,5812
7530,23,35,2042,4082
7531,23,29,815,1628
7532,11,29,2256,4510
7533,29,35,1008,2014
7534,17,38,2682,5362
7535,17,29,3921,7840
7536,35,26,4872,9742
7537,17,32,5942,11882
7538,23,35,3148,6294
7539,23,38,3485,6968
7540,17,20,6304,12606
7541,11,32,2911,5820
7542,17,38,5273,10544
7543,23,32,6383,12764
7544,23,35,1099,2196
7545,17,35,1320,2638
7546,23,29,6874,13746
7547,17,35,369,736
7548,23,38,6426,12850
7549,17,29,2233,4464
7550,17,38,3813,7624
7551,17,38,230,458
7552,17,26,723,1444
7553,53,35,1734,3466
7554,17,35,6091,12180
7555,11,32,3597,7192
7556,17,29,2295,4588
7557,23,26,4207,8412
7558,35,35,2499,4996
7559,29,38,6300,12598
7560,17,23,2391,4780
7561,35,26,3294,6586
7562,29,32,4183,8364
7563,23,38,5434,10866
7564,17,29,5517,11032
7565,35,26,2172,4342
7566,29,35,6143,12284
7567,29,29,1618,3234
7568,17,29,1972,3942
7569,11,32,2464,4926
7570,11,20,7393,14784
7571,11,23,6241,12480
7572,11,32,4912,9822
7573,29,38,3899,7796
7574,17,35,2730,5458
7575,11,35,2357,4712
7576,17,35,3863,7724
7577,23,26,7474,14946
7578,23,32,4154,8306
7579,17,29,3856,7710
7580,23,32,4260,8518
7581,17,32,6458,12914
7582,11,26,1170,2338
7583,17,35,6167,12332
7584,5,38,4982,9962
7585,11,23,5482,10962
7586,17,38,4990,9978
7587,11,35,5177,10352
7588,17,38,1251,2500
7589,17,35,7558,15114
7590,23,29,2585,5168
7591,5,32,1567,3132
7592,23,35,899,1796
7593,29,38,1912,3822
7594,23,32,4406,8810
7595,17,35,1841,3680
7596,11,35,7335,14668
7597,17,35,5495,10988
7598,5,23,859,1716
7599,11,35,6187,12372
7600,11,38,1014,2026
7601,17,29,6227,12452
7602,17,35,1170,2338
7603,23,32,2764,5526
7604,11,32,1451,2900
7605,35,35,1382,2762
7606,23,38,2093,4184
7607,17,29,2176,4350
7608,23,23,6568,13134
7609,23,32,6230,12458
7610,35,23,3120,6238
7611,23,29,2712,5422
7612,29,32,171,340
7613,23,38,621,1240
7614,17,17,6307,12612
7615,17,29,6790,13578
7616,11,17,6783,13564
7617,23,35,5394,10786
7618,23,35,3639,7276
7619,17,35,3130,6258
7620,11,5,1904,3806
7621,11,29,6706,13410
7622,11,35,3584,7166
7623,17,23,7594,15186
7624,29,35,3781,7560
7625,35,29,5041,10080
7626,11,32,233,464
7627,29,32,3265,6528
7628,17,35,2847,5692
7629,23,26,5558,11114
7630,35,35,4633,9264
7631,23,29,5732,11462
7632,17,38,4018,8034
7633,17,26,551,1100
7634,41,35,7229,14456
7635,17,32,1666,3330
7636,17,35,2432,4862
7637,11,29,407,812
7638,17,29,2393,4784
7639,23,38,6755,13508
7640,11,29,1052,2102
7641,17,32,4704,9406
7642,29,26,3417,6832
7643,11,32,2421,4840
7644,17,32,1608,3214
7645,11,35,7372,14742
7646,11,32,973,1944
7647,23,38,3849,7696
7648,35,32,3437,6872
7649,11,32,4373,8744
7650,23,38,1323,2644
7651,29,32,5271,10540
7652,17,32,1638,3274
7653,29,35,5394,10786
7654,17,11,2391,4780
7655,11,32,1961,3920
7656,23,32,2993,5984
7657,5,29,140,278
7658,11,29,1816,3630
7659,17,32,17,32
7660,23,32,4992,9982
7661,23,23,2244,4486
7662,11,35,640,1278
7663,35,32,3401,6800
7664,17,35,1862,3722
7665,23,35,2928,5854
7666,23,32,3873,7744
7667,23,38,6908,13814
7668,29,32,1679,3356
7669,23,35,4360,8718
7670,17,32,975,1948
7671,17,32,2724,5446
7672,11,29,5310,10618
7673,23,32,5331,10660
7674,17,35,1808,3614
7675,23,32,6975,13948
7676,17,20,780,1558
7677,17,26,2265,4528
7678,17,29,2376,4750
7679,23,38,3937,7872
7680,17,35,1348,2694
7681,35,38,5712,11422
7682,11,32,4893,9784
7683,17,26,45,88
7684,17,35,1187,2372
7685,17,29,4691,9380
7686,17,35,7166,14330
7687,11,35,7460,14918
7688,17,35,4101,8200
7689,11,35,4398,8794
7690,17,35,5863,11724
7691,17,38,5219,10436
7692,23,32,6809,13616
7693,23,35,3897,7792
7694,11,32,327,652
7695,23,38,7139,14276
7696,11,35,745,1488
7697,17,29,1976,3950
7698,23,26,406,810
7699,23,38,2112,4222
7700,29,35,2129,4256
7701,11,29,6942,13882
7702,23,32,2214,4426
7703,17,35,2963,5924
7704,23,35,362,722
7705,29,23,1353,2704
7706,23,32,568,1134
7707,17,32,4518,9034
7708,17,32,199,396
7709,11,32,1916,3830
7710,23,32,6487,12972
7711,29,35,4107,8212
7712,17,29,2266,4530
7713,11,32,4770,9538
7714,17,29,3246,6490
7715,17,35,2270,4538
7716,35,32,4336,8670
7717,17,38,129,256
7718,17,35,3084,6166
7719,17,38,4000,7998
7720,17,35,216,430
7721,23,32,5712,11422
7722,17,35,3220,6438
7723,23,29,912,1822
7724,17,32,4716,9430
7725,23,35,3982,7962
7726,17,26,5356,10710
7727,29,35,3216,6430
7728,23,35,3967,7932
7729,17,32,1163,2324
7730,23,35,1141,2280
7731,11,32,5892,11782
7732,17,35,7501,15000
7733,29,29,3723,7444
7734,11,32,3735,7468
7735,23,26,5242,10482
7736,17,23,4924,9846
7737,23,17,4716,9430
7738,11,32,3056,6110
7739,29,35,5788,11574
7740,35,35,6105,12208
7741,17,32,2794,5586
7742,29,35,3369,6736
7743,35,32,3452,6902
7744,11,35,5107,10212
7745,11,35,7618,15234
7746,5,29,446,890
7747,11,35,7080,14158
7748,23,38,2318,4634
7749,29,35,5283,10564
7750,11,23,3421,6840
7751,23,26,2163,4324
7752,29,35,7300,14598
7753,17,26,1650,3298
7754,17,38,2145,4288
7755,23,32,7387,14772
7756,11,32,1532,3062
7757,17,38,20,38
7758,11,14,1212,2422
7759,17,35,1646,3290
7760,17,35,3214,6426
7761,23,38,2468,4934
7762,23,35,4689,9376
7763,17,38,2952,5902
7764,11,38,5357,10712
7765,23,35,7369,14736
7766,23,32,1595,3188
7767,29,29,1507,3012
7768,17,38,7439,14876
7769,23,17,6920,13838
7770,11,32,685,1368
7771,11,29,978,1954
7772,5,35,6176,12350
7773,17,32,4748,9494
7774,17,38,5435,10868
7775,17,35,1092,2182
7776,17,38,2744,5486
7777,17,35,7468,14934
7778,35,32,300,598
7779,5,35,2,2
7780,17,32,1051,2100
7781,11,32,72,142
7782,23,32,5878,11754
7783,23,32,4382,8762
7784,17,32,2898,5794
7785,23,26,3725,7448
7786,29,38,1625,3248
7787,17,20,5777,11552
7788,23,35,4475,8948
7789,11,26,7317,14632
7790,17,38,2941,5880
7791,17,29,1727,3452
7792,17,35,1561,3120
7793,17,32,2910,5818
7794,23,23,2466,4930
7795,17,26,5405,10808
7796,11,32,72,142
7797,17,29,6981,13960
7798,11,26,6839,13676
7799,17,38,313,624
7800,11,23,7222,14442
7801,23,38,1399,2796
7802,29,38,3698,7394
7803,17,29,692,1382
7804,5,29,7705,15408
7805,23,32,7008,14014
7806,17,35,454,906
7807,17,32,1442,2882
7808,29,32,2283,4564
7809,23,38,2987,5972
7810,29,32,5533,11064
7811,17,32,6638,13274
7812,5,23,823,1644
7813,17,35,4912,9822
7814,17,32,7398,14794
7815,29,38,270,538
7816,17,38,1504,3006
7817,11,5,1953,3904
7818,17,35,5165,10328
7819,11,35,627,1252
7820,29,17,4276,8550
7821,17,35,3427,6852
7822,5,29,5003,10004
7823,17,32,7718,15434
7824,17,32,2768,5534
7825,17,32,1218,2434
7826,23,35,6513,13024
7827,23,32,5124,10246
7828,11,23,7615,15228
7829,17,32,148,294
7830,11,35,861,1720
7831,17,35,2513,5024
7832,17,35,5159,10316
7833,11,26,5400,10798
7834,11,35,2632,5262
7835,11,29,6204,12406
7836,53,35,4183,8364
7837,17,35,3525,7048
7838,17,32,7315,14628
7839,17,35,301,600
7840,23,35,7586,15170
7841,17,32,371,740
7842,17,23,3399,6796
7843,23,32,3587,7172
7844,17,32,4941,9880
7845,23,32,1457,2912
7846,17,26,2558,5114
7847,17,26,6542,13082
7848,17,38,1634,3266
7849,11,32,7521,15040
7850,17,35,7604,15206
7851,23,32,3115,6228
7852,17,35,4724,9446
7853,17,35,5653,11304
7854,11,32,6116,12230
7855,23,32,2572,5142
7856,23,35,1183,2364
7857,29,38,3392,6782
7858,23,29,7188,14374
7859,11,35,2227,4452
7860,11,23,4881,9760
7861,11,32,6868,13734
7862,23,23,3286,6570
7863,17,38,4833,9664
7864,23,32,1170,2338
7865,23,32,5780,11558
7866,17,26,6190,12378
7867,11,35,3925,7848
7868,23,32,4906,9810
7869,23,29,7615,15228
7870,23,35,3257,6512
7871,17,29,4249,8496
7872,11,17,4794,9586
7873,53,32,7255,14508
7874,11,35,2569,5136
7875,23,35,3000,5998
7876,5,38,5,8
7877,23,29,4960,9918
7878,29,32,2227,4452
7879,17,35,6927,13852
7880,23,35,7136,14270
7881,11,35,6073,12144
7882,17,29,7043,14084
7883,17,35,1648,3294
7884,17,38,6866,13730
7885,23,35,3397,6792
7886,11,20,7698,15394
7887,17,26,5654,11306
7888,17,38,2424,4846
7889,29,38,5660,11318
7890,17,35,3534,7066
7891,17,38,4956,9910
7892,23,29,5493,10984
7893,11,35,1215,2428
7894,17,29,2658,5314
7895,11,32,4677,9352
7896,29,17,7280,14558
7897,23,38,7608,15214
7898,23,35,5274,10546
7899,23,35,6770,13538
7900,23,26,4798,9594
7901,17,35,1501,3000
7902,17,38,3331,6660
7903,17,32,6834,13666
7904,23,38,397,792
7905,23,35,5509,11016
7906,23,38,4311,8620
7907,23,29,3590,7178
7908,11,35,4522,9042
7909,17,35,732,1462
7910,23,38,4789,9576
7911,23,35,4510,9018
7912,11,35,32,62
7913,23,35,1099,2196
7914,17,29,5279,10556
7915,17,29,2944,5886
7916,17,32,4787,9572
7917,11,26,4437,8872
7918,5,38,7696,15390
7919,17,32,723,1444
7920,11,35,292,582
7921,23,26,1501,3000
7922,23,26,5987,11972
7923,17,32,5992,11982
7924,17,26,4843,9684
7925,11,38,2053,4104
7926,17,32,6420,12838
7927,17,38,6320,12638
7928,23,29,5536,11070
7929,23,29,4590,9178
7930,41,38,5471,10940
7931,35,35,7132,14262
7932,11,32,6557,13112
7933,17,32,7481,14960
7934,17,38,3223,6444
7935,11,32,7334,14666
7936,11,29,4780,9558
7937,17,35,5749,11496
7938,35,32,5708,11414
7939,11,29,7668,15334
7940,17,20,3906,7810
7941,29,32,570,1138
7942,11,35,475,948
7943,23,32,2624,5246
7944,23,32,1329,2656
7945,17,35,4014,8026
7946,23,38,7686,15370
7947,5,35,134,266
7948,17,35,5877,11752
7949,17,29,2724,5446
7950,11,32,6045,12088
7951,17,35,7898,15794
7952,17,29,5909,11816
7953,29,35,2060,4118
7954,23,32,1596,3190
7955,17,35,3222,6442
7956,17,32,2148,4294
7957,17,35,5177,10352
7958,29,32,6181,12360
7959,17,26,3031,6060
7960,11,35,5388,10774
7961,17,23,3079,6156
7962,23,32,6761,13520
7963,17,35,1358,2714
7964,17,35,6500,12998
7965,11,35,5808,11614
7966,23,35,3296,6590
7967,17,23,1526,3050
7968,11,35,6002,12002
7969,23,32,3919,7836
7970,23,32,5826,11650
7971,23,35,2598,5194
7972,17,35,4696,9390
7973,17,35,185,368
7974,23,35,674,1346
7975,23,32,4855,9708
7976,35,32,2239,4476
7977,23,35,7823,15644
7978,17,35,6651,13300
7979,11,26,4440,8878
7980,23,35,4622,9242
7981,17,35,4479,8956
7982,17,23,3586,7170
7983,17,35,5826,11650
7984,23,32,6967,13932
7985,11,26,1513,3024
7986,23,32,7186,14370
7987,17,35,1039,2076
7988,11,26,3729,7456
7989,23,35,5741,11480
7990,17,38,1149,2296
7991,23,38,965,1928
7992,11,29,5798,11594
7993,17,32,3680,7358
7994,23,38,6187,12372
7995,5,29,4849,9696
7996,17,32,2337,4672
7997,17,35,414,826
7998,23,35,7286,14570
7999,17,35,4749,9496
8000,23,35,6580,13158
8001,17,35,1295,2588
8002,23,38,2931,5860
8003,11,35,7138,14274
8004,17,35,5206,10410
8005,17,35,7295,14588
8006,35,29,7232,14462
8007,35,35,7373,14744
8008,35,14,7759,15516
8009,23,26,2017,4032
8010,17,38,2794,5586
8011,17,32,2131,4260
8012,23,32,1090,2178
8013,17,35,5831,11660
8014,17,38,3613,7224
8015,23,29,5660,11318
8016,47,32,5083,10164
8017,23,38,2903,5804
8018,17,29,3625,7248
8019,5,29,2091,4180
8020,23,35,4802,9602
8021,11,29,5130,10258
8022,17,35,1662,3322
8023,17,32,5142,10282
8024,17,29,5477,10952
8025,17,38,2037,4072
8026,29,38,7895,15788
8027,23,32,4604,9206
8028,11,35,5681,11360
8029,17,35,1828,3654
8030,17,23,7684,15366
8031,17,38,6364,12726
8032,11,32,3910,7818
8033,29,35,868,1734
8034,23,35,5521,11040
8035,11,35,4859,9716
8036,23,38,5912,11822
8037,17,29,4464,8926
8038,17,38,3533,7064
8039,17,32,3803,7604
8040,11,26,2057,4112
8041,23,35,5372,10742
8042,11,38,2423,4844
8043,23,26,3252,6502
8044,17,35,626,1250
8045,23,29,2695,5388
8046,17,23,2922,5842
8047,23,32,6228,12454
8048,17,32,1827,3652
8049,17,38,3259,6516
8050,17,38,6992,13982
8051,11,32,7403,14804
8052,23,38,5111,10220
8053,11,32,5130,10258
8054,23,32,5841,11680
8055,11,35,3810,7618
8056,23,35,5343,10684
8057,11,32,2946,5890
8058,17,35,3983,7964
8059,23,38,5629,11256
8060,23,35,6284,12566
8061,23,29,7220,14438
8062,35,35,1906,3810
8063,17,29,7095,14188
8064,17,35,1309,2616
8065,23,29,2653,5304
8066,11,35,6226,12450
8067,11,35,3605,7208
8068,29,35,4438,8874
8069,17,38,3256,6510
8070,17,29,6786,13570
8071,29,29,3398,6794
8072,11,32,3874,7746
8073,17,29,3824,7646
8074,11,35,6748,13494
8075,17,32,4247,8492
8076,23,35,5052,10102
8077,17,38,4344,8686
8078,17,29,3384,6766
8079,23,32,824,1646
8080,35,35,4729,9456
8081,17,35,6205,12408
8082,29,20,5367,10732
8083,29,32,2057,4112
8084,23,35,7305,14608
8085,11,38,350,698
8086,29,32,3666,7330
8087,29,29,5142,10282
8088,23,38,7159,14316
8089,16,38,5580,11158
8090,23,32,6041,12080
8091,17,32,6934,13866
8092,17,29,6266,12530
8093,23,35,2796,5590
8094,17,32,7908,15814
8095,29,35,370,738
8096,17,29,624,1246
8097,11,35,5632,11262
8098,23,29,5701,11400
8099,29,32,3752,7502
8100,11,35,2078,4154
8101,17,35,6391,12780
8102,17,38,2564,5126
8103,17,38,4405,8808
8104,35,35,8088,16174
8105,17,35,7169,14336
8106,11,32,4880,9758
8107,17,26,2834,5666
8108,17,38,4243,8484
8109,17,38,929,1856
8110,11,38,4789,9576
8111,17,35,354,706
8112,23,35,1353,2704
8113,17,32,3735,7468
8114,11,35,3431,6860
8115,29,17,3170,6338
8116,23,32,757,1512
8117,11,35,5280,10558
8118,23,35,1468,2934
8119,35,35,4272,8542
8120,17,38,3548,7094
8121,17,35,3666,7330
8122,23,35,1488,2974
8123,17,38,6439,12876
8124,11,35,3414,6826
8125,17,35,4378,8754
8126,23,35,7153,14304
8127,5,38,4486,8970
8128,29,35,1467,2932
8129,35,32,3311,6620
8130,23,38,869,1736
8131,17,38,3517,7032
8132,29,32,409,816
8133,23,29,3170,6338
8134,23,35,5018,10034
8135,11,29,6237,12472
8136,23,35,7976,15950
8137,17,32,1180,2358
8138,29,38,5741,11480
8139,17,35,7068,14134
8140,11,38,841,1680
8141,11,35,1751,3500
8142,17,35,3040,6078
8143,17,32,4124,8246
8144,23,32,6120,12238
8145,17,32,2230,4458
8146,23,38,6690,13378
8147,23,35,6959,13916
8148,17,35,2660,5318
8149,11,29,5005,10008
8150,17,38,739,1476
8151,23,35,6143,12284
8152,17,20,1591,3180
8153,17,32,3427,6852
8154,23,38,1619,3236
8155,17,35,3450,6898
8156,23,29,4086,8170
8157,11,38,105,208
8158,11,32,7972,15942
8159,5,32,8059,16116
8160,35,38,2968,5934
8161,17,38,4889,9776
8162,23,38,3933,7864
8163,11,32,5433,10864
8164,11,17,4208,8414
8165,17,32,809,1616
8166,41,32,5482,10962
8167,17,32,6226,12450
8168,17,29,2321,4640
8169,17,35,5758,11514
8170,29,32,4839,9676
8171,17,35,1478,2954
8172,17,35,141,280
8173,11,29,934,1866
8174,17,32,6350,12698
8175,23,32,3580,7158
8176,17,38,5481,10960
8177,17,29,1442,2882
8178,17,32,5209,10416
8179,11,26,3082,6162
8180,23,32,7234,14466
8181,17,32,1433,2864
8182,17,35,7942,15882
8183,17,32,1834,3666
8184,11,20,6457,12912
8185,29,29,3430,6858
8186,17,32,3169,6336
8187,11,32,5319,10636
8188,11,32,7338,14674
8189,29,32,1796,3590
8190,11,29,3496,6990
8191,29,26,2097,4192
8192,35,32,4612,9222
8193,17,35,659,1316
8194,17,20,6339,12676
8195,11,35,2567,5132
8196,11,29,1065,2128
8197,29,35,2795,5588
8198,23,32,6312,12622
8199,23,29,5294,10586
8200,23,35,5468,10934
8201,23,26,1042,2082
8202,11,23,5223,10444
8203,17,32,3663,7324
8204,11,26,305,608
8205,29,38,2728,5454
8206,11,35,510,1018
8207,23,29,4962,9922
8208,29,38,1470,2938
8209,23,26,5307,10612
8210,11,32,2201,4400
8211,17,38,4833,9664
8212,23,35,7540,15078
8213,35,35,2387,4772
8214,23,35,5204,10406
8215,17,32,5507,11012
8216,17,32,4963,9924
8217,17,38,7352,14702
8218,17,23,1444,2886
8219,17,38,1619,3236
8220,17,29,4905,9808
8221,17,35,7486,14970
8222,17,32,276,550
8223,17,29,2158,4314
8224,11,29,6851,13700
8225,11,35,4966,9930
8226,23,35,7782,15562
8227,29,35,6198,12394
8228,17,38,7892,15782
8229,17,38,1809,3616
8230,23,26,7893,15784
8231,17,26,2171,4340
8232,23,35,6396,12790
8233,23,35,500,998
8234,11,35,3221,6440
8235,17,29,7858,15714
8236,11,35,1555,3108
8237,23,32,6399,12796
8238,23,38,188,374
8239,23,32,3503,7004
8240,17,32,7936,15870
8241,17,38,816,1630
8242,23,32,107,212
8243,29,35,3633,7264
8244,17,35,6425,12848
8245,11,35,7020,14038
8246,23,35,7418,14834
8247,17,38,1197,2392
8248,23,35,7764,15526
8249,17,23,482,962
8250,11,35,8132,16262
8251,11,17,1676,3350
8252,11,32,333,664
8253,17,35,602,1202
8254,23,32,7106,14210
8255,23,35,301,600
8256,23,35,6734,13466
8257,29,38,1350,2698
8258,35,32,1254,2506
8259,11,23,6163,12324
8260,17,26,7857,15712
8261,17,29,5153,10304
8262,5,35,8233,16464
8263,17,29,89,176
8264,23,32,4474,8946
8265,29,26,4085,8168
8266,29,29,7498,14994
8267,29,35,2117,4232
8268,29,29,3964,7926
8269,23,32,4009,8016
8270,5,38,6752,13502
8271,17,35,1883,3764
8272,23,35,3241,6480
8273,17,35,483,964
8274,17,32,3139,6276
8275,11,35,1832,3662
8276,17,14,776,1550
8277,17,38,2306,4610
8278,17,35,7552,15102
8279,17,35,8181,16360
8280,23,38,1713,3424
8281,23,35,6972,13942
8282,23,35,5636,11270
8283,11,35,3347,6692
8284,23,38,52,102
8285,17,29,5444,10886
8286,23,35,7941,15880
8287,11,26,2183,4364
8288,17,32,7862,15722
8289,17,35,5657,11312
8290,17,32,2724,5446
8291,23,38,6998,13994
8292,29,26,6817,13632
8293,23,23,4892,9782
8294,23,38,3126,6250
8295,17,32,1129,2256
8296,35,38,2668,5334
8297,11,23,3792,7582
8298,17,29,6524,13046
8299,17,32,5643,11284
8300,11,35,1911,3820
8301,5,29,70,138
8302,23,38,2441,4880
8303,29,32,7870,15738
8304,17,35,5800,11598
8305,23,35,3400,6798
8306,23,23,227,452
8307,23,32,4392,8782
8308,17,38,3280,6558
8309,17,32,5627,11252
8310,17,32,4030,8058
8311,23,35,3362,6722
8312,23,38,4993,9984
8313,11,35,39,76
8314,23,35,6977,13952
8315,17,35,2755,5508
8316,17,38,2315,4628
8317,17,35,6070,12138
8318,29,35,1350,2698
8319,29,35,3711,7420
8320,23,35,4065,8128
8321,29,26,698,1394
8322,17,26,7461,14920
8323,17,29,5031,10060
8324,11,32,7117,14232
8325,5,32,273,544
8326,23,32,7225,14448
8327,11,23,291,580
8328,29,23,683,1364
8329,23,35,6089,12176
8330,5,38,1636,3270
8331,23,35,5201,10400
8332,17,32,5371,10740
8333,29,32,1452,2902
8334,23,32,3544,7086
8335,17,38,7503,15004
8336,17,35,1121,2240
8337,11,29,578,1154
8338,23,32,565,1128
8339,23,32,2788,5574
8340,23,26,926,1850
8341,23,32,2528,5054
8342,17,29,3836,7670
8343,17,23,1400,2798
8344,23,38,2108,4214
8345,11,35,3204,6406
8346,29,38,2528,5054
8347,5,38,115,228
8348,23,35,2830,5658
8349,23,35,6264,12526
8350,17,32,8297,16592
8351,17,38,5936,11870
8352,23,32,7442,14882
8353,23,35,7474,14946
8354,23,35,1650,3298
8355,17,35,7015,14028
8356,17,32,2036,4070
8357,11,32,3944,7886
8358,17,20,3069,6136
8359,29,26,828,1654
8360,17,32,3082,6162
8361,17,38,3014,6026
8362,11,29,1736,3470
8363,17,32,3834,7666
8364,17,35,7881,15760
8365,17,35,3049,6096
8366,29,26,5407,10812
8367,17,38,6780,13558
8368,17,35,8100,16198
8369,17,32,3844,7686
8370,35,26,5117,10232
8371,17,38,6200,12398
8372,23,38,927,1852
8373,29,32,7722,15442
8374,29,32,6686,13370
8375,23,38,7019,14036
8376,11,32,5130,10258
8377,17,35,1302,2602
8378,17,29,4408,8814
8379,17,38,4636,9270
8380,11,35,7429,14856
8381,17,32,5709,11416
8382,17,35,1122,2242
8383,23,38,5352,10702
8384,11,29,1038,2074
8385,17,29,1236,2470
8386,23,35,5387,10772
8387,29,35,3458,6914
8388,17,32,7122,14242
8389,11,38,1354,2706
8390,17,32,6321,12640
8391,17,35,4132,8262
8392,17,38,91,180
8393,17,32,3701,7400
8394,23,35,4871,9740
8395,17,32,790,1578
8396,23,35,5560,11118
8397,17,32,1037,2072
8398,23,32,2497,4992
8399,17,38,7406,14810
8400,5,29,4340,8678
8401,11,38,6534,13066
8402,17,32,4032,8062
8403,11,35,3669,7336
8404,17,38,1617,3232
8405,23,35,7020,14038
8406,17,38,6613,13224
8407,17,38,7340,14678
8408,11,35,625,1248
8409,11,20,5979,11956
8410,35,26,3070,6138
8411,11,32,6821,13640
8412,11,35,601,1200
8413,35,38,5559,11116
8414,17,38,38,74
8415,11,29,4561,9120
8416,17,35,2370,4738
8417,11,32,2994,5986
8418,17,35,3750,7498
8419,11,38,8294,16586
8420,11,32,4203,8404
8421,17,29,6718,13434
8422,23,35,261,520
8423,23,29,2229,4456
8424,11,32,6395,12788
8425,17,35,4925,9848
8426,29,35,7967,15932
8427,23,38,2558,5114
8428,11,20,2829,5656
8429,17,35,5126,10250
8430,17,32,4523,9044
8431,11,38,5175,10348
8432,23,35,6708,13414
8433,11,32,6164,12326
8434,29,35,8087,16172
8435,11,35,3061,6120
8436,11,26,6606,13210
8437,17,29,3386,6770
8438,11,32,367,732
8439,11,29,8267,16532
8440,17,29,2117,4232
8441,17,35,6031,12060
8442,23,32,5601,11200
8443,11,29,8254,16506
8444,29,32,4902,9802
8445,11,38,7257,14512
8446,17,35,7380,14758
8447,23,38,1804,3606
8448,11,32,269,536
8449,11,35,2571,5140
8450,17,32,8394,16786
8451,11,38,8407,16812
8452,23,35,1433,2864
8453,5,32,86,170
8454,23,38,7231,14460
8455,17,38,7873,15744
8456,23,35,6195,12388
8457,17,35,6902,13802
8458,23,29,3955,7908
8459,29,38,6226,12450
8460,17,26,4112,8222
8461,17,23,3471,6940
8462,23,32,5657,11312
8463,23,32,4583,9164
8464,23,38,5955,11908
8465,17,29,3642,7282
8466,23,32,4808,9614
8467,17,35,7535,15068
8468,5,35,659,1316
8469,23,32,343,684
8470,17,29,4490,8978
8471,23,35,2405,4808
8472,11,32,6680,13358
8473,23,32,4032,8062
8474,23,38,5283,10564
8475,17,32,8323,16644
8476,29,32,633,1264
8477,17,35,3127,6252
8478,17,26,2997,5992
8479,23,32,8169,16336
8480,11,32,8433,16864
8481,17,29,2724,5446
8482,35,38,2144,4286
8483,29,29,3387,6772
8484,23,35,2334,4666
8485,23,35,7174,14346
8486,17,38,2853,5704
8487,29,41,4077,8152
8488,35,35,7438,14874
8489,17,38,823,1644
8490,17,35,3198,6394
8491,17,14,7694,15386
8492,23,35,7362,14722
8493,11,35,3,4
8494,23,17,1459,2916
8495,17,35,1661,3320
8496,17,38,1667,3332
8497,17,38,6745,13488
8498,29,32,6162,12322
8499,17,32,6404,12806
8500,23,38,4485,8968
8501,17,35,860,1718
8502,17,38,6158,12314
8503,11,35,6292,12582
8504,11,35,4580,9158
8505,11,35,7050,14098
8506,17,32,6491,12980
8507,11,26,680,1358
8508,17,32,7083,14164
8509,23,26,1545,3088
8510,17,41,2226,4450
8511,29,32,6646,13290
8512,17,23,3957,7912
8513,5,35,1959,3916
8514,23,32,4552,9102
8515,17,38,3400,6798
8516,11,32,7238,14474
8517,23,32,427,852
8518,17,35,5080,10158
8519,11,35,6242,12482
8520,17,32,5304,10606
8521,41,35,3938,7874
8522,11,26,5876,11750
8523,17,29,5985,11968
8524,11,26,7176,14350
8525,17,38,3167,6332
8526,17,26,8477,16952
8527,17,32,1620,3238
8528,23,35,6077,12152
8529,11,35,6602,13202
8530,17,35,2783,5564
8531,17,32,5660,11318
8532,17,26,3012,6022
8533,17,35,6806,13610
8534,23,26,6083,12164
8535,5,26,8151,16300
8536,11,29,355,708
8537,11,35,4661,9320
8538,11,32,4697,9392
8539,29,32,4640,9278
8540,23,26,6789,13576
8541,23,35,5853,11704
8542,11,32,4457,8912
8543,11,26,215,428
8544,17,35,5266,10530
8545,23,32,4118,8234
8546,29,35,1646,3290
8547,17,35,990,1978
8548,41,17,668,1334
8549,23,35,3858,7714
8550,23,29,6705,13408
8551,11,32,2241,4480
8552,23,41,4375,8748
8553,17,26,4993,9984
8554,17,23,2104,4206
8555,5,38,2666,5330
8556,11,35,7579,15156
8557,23,26,718,1434
8558,17,35,3947,7892
8559,17,32,2293,4584
8560,17,32,5610,11218
8561,11,32,2403,4804
8562,23,38,1915,3828
8563,17,35,282,562
8564,5,35,757,1512
8565,29,35,6212,12422
8566,11,29,2133,4264
8567,23,26,4568,9134
8568,5,26,5638,11274
8569,17,38,8354,16706
8570,11,32,5064,10126
8571,17,32,1065,2128
8572,17,32,5645,11288
8573,17,32,1292,2582
8574,5,35,1818,3634
8575,5,35,6011,12020
8576,17,32,5924,11846
8577,17,32,4049,8096
8578,29,38,7417,14832
8579,11,32,783,1564
8580,23,38,4731,9460
8581,17,29,578,1154
8582,23,32,2777,5552
8583,23,26,2398,4794
8584,23,26,5617,11232
8585,11,38,2282,4562
8586,23,38,7816,15630
8587,11,35,4313,8624
8588,17,35,6782,13562
8589,17,32,4717,9432
8590,17,35,8194,16386
8591,17,17,5773,11544
8592,17,32,8278,16554
8593,17,35,3374,6746
8594,23,32,1732,3462
8595,17,26,1157,2312
8596,17,29,1768,3534
8597,17,20,7856,15710
8598,17,32,2536,5070
8599,11,32,4260,8518
8600,17,35,880,1758
8601,17,38,5898,11794
8602,11,23,6148,12294
8603,23,32,667,1332
8604,23,38,6353,12704
8605,17,32,1323,2644
8606,11,32,105,208
8607,17,32,8005,16008
8608,29,38,419,836
8609,17,26,4759,9516
8610,23,38,6322,12642
8611,35,29,8014,16026
8612,11,38,3320,6638
8613,29,35,1419,2836
8614,11,29,6553,13104
8615,17,38,5792,11582
8616,23,35,2026,4050
8617,17,20,4780,9558
8618,17,29,1707,3412
8619,29,35,4594,9186
8620,17,23,8250,16498
8621,17,38,4293,8584
8622,23,38,2432,4862
8623,23,35,4672,9342
8624,11,23,506,1010
8625,5,32,1334,2666
8626,11,35,6342,12682
8627,17,26,8409,16816
8628,11,32,2775,5548
8629,17,35,4557,9112
8630,23,35,6702,13402
8631,41,32,1554,3106
8632,23,32,7867,15732
8633,11,29,7089,14176
8634,17,38,8016,16030
8635,11,32,2651,5300
8636,23,32,3586,7170
8637,35,38,6814,13626
8638,23,32,4965,9928
8639,17,32,2965,5928
8640,23,35,4571,9140
8641,35,23,7527,15052
8642,23,35,4120,8238
8643,17,32,3760,7518
8644,23,38,4909,9816
8645,11,35,7093,14184
8646,29,32,7959,15916
8647,11,32,4345,8688
8648,29,29,5092,10182
8649,23,32,526,1050
8650,17,35,2401,4800
8651,17,35,960,1918
8652,17,29,1984,3966
8653,23,41,6320,12638
8654,29,38,7678,15354
8655,29,38,6761,13520
8656,23,38,4989,9976
8657,17,32,8044,16086
8658,17,35,5560,11118
8659,17,26,286,570
8660,11,35,1739,3476
8661,23,38,3763,7524
8662,17,38,4335,8668
8663,23,35,5463,10924
8664,17,38,6233,12464
8665,11,32,341,680
8666,23,38,5953,11904
8667,23,35,1936,3870
8668,11,32,3524,7046
8669,17,29,7036,14070
8670,17,20,6164,12326
8671,17,20,7114,14226
8672,17,11,3795,7588
8673,17,38,1899,3796
8674,29,35,1649,3296
8675,23,35,1759,3516
8676,29,29,1753,3504
8677,17,29,7126,14250
8678,17,32,7901,15800
8679,17,32,1005,2008
8680,5,38,7995,15988
8681,17,35,3189,6376
8682,17,32,5887,11772
8683,23,35,7312,14622
8684,29,29,6369,12736
8685,35,38,7395,14788
8686,11,17,7191,14380
8687,17,35,3146,6290
8688,11,38,8127,16252
8689,11,38,8645,17288
8690,11,29,2961,5920
8691,17,38,6760,13518
8692,11,29,1553,3104
8693,23,26,4636,9270
8694,17,38,6876,13750
8695,23,38,1447,2892
8696,11,32,5472,10942
8697,11,35,7341,14680
8698,29,32,6044,12086
8699,29,23,34,66
8700,17,29,8234,16466
8701,11,20,5370,10738
8702,11,38,4406,8810
8703,17,35,5613,11224
8704,5,38,7156,14310
8705,5,35,7050,14098
8706,29,35,3678,7354
8707,17,20,5917,11832
8708,11,29,1148,2294
8709,17,23,4866,9730
8710,17,35,7896,15790
8711,11,38,1798,3594
8712,23,38,3257,6512
8713,17,35,6174,12346
8714,29,20,3197,6392
8715,11,35,1605,3208
8716,17,38,956,1910
8717,17,35,2011,4020
8718,11,35,5970,11938
8719,17,32,1333,2664
8720,23,38,6988,13974
8721,23,26,2094,4186
8722,29,35,1909,3816
8723,11,29,2802,5602
8724,11,38,5961,11920
8725,11,32,5891,11780
8726,17,38,5942,11882
8727,17,32,8570,17138
8728,23,32,4000,7998
8729,11,35,8706,17410
8730,23,35,6316,12630
8731,23,35,6972,13942
8732,5,32,6917,13832
8733,17,29,8,14
8734,23,38,5959,11916
8735,11,35,5483,10964
8736,23,26,3191,6380
8737,17,35,1435,2868
8738,17,29,2756,5510
8739,23,29,3642,7282
8740,17,35,2382,4762
8741,5,32,8172,16342
8742,23,35,4872,9742
8743,17,32,2301,4600
8744,11,35,7049,14096
8745,11,35,1031,2060
8746,23,32,3556,7110
8747,17,35,3414,6826
8748,11,35,6870,13738
8749,17,41,5416,10830
8750,29,35,6833,13664
8751,23,38,8101,16200
8752,11,35,7108,14214
8753,17,35,1988,3974
8754,17,35,3990,7978
8755,23,38,1278,2554
8756,35,29,6523,13044
8757,23,35,5539,11076
8758,11,32,8633,17264
8759,23,35,2148,4294
8760,23,35,982,1962
8761,23,29,4834,9666
8762,11,29,3721,7440
8763,11,32,6413,12824
8764,17,41,6847,13692
8765,29,29,760,1518
8766,17,32,4627,9252
8767,29,35,4620,9238
8768,17,32,7462,14922
8769,17,35,8159,16316
8770,29,35,7312,14622
8771,11,32,7704,15406
8772,17,38,7456,14910
8773,11,26,7522,15042
8774,23,32,1811,3620
8775,17,29,7103,14204
8776,17,26,908,1814
8777,11,32,381,760
8778,23,32,7735,15468
8779,23,35,7988,15974
8780,23,35,3830,7658
8781,11,38,577,1152
8782,17,38,7978,15954
8783,35,38,7026,14050
8784,41,35,6868,13734
8785,5,32,8489,16976
8786,23,35,6600,13198
8787,17,35,2983,5964
8788,29,41,3697,7392
8789,35,32,6121,12240
8790,11,41,5905,11808
8791,11,26,600,1198
8792,23,32,4692,9382
8793,17,35,8091,16180
8794,17,32,768,1534
8795,29,20,2405,4808
8796,11,35,5025,10048
8797,17,38,3117,6232
8798,11,29,7416,14830
8799,11,38,3716,7430
8800,17,29,3326,6650
8801,35,35,5042,10082
8802,11,35,87,172
8803,17,32,8653,17304
8804,23,38,4676,9350
8805,29,38,6413,12824
8806,23,32,2643,5284
8807,29,32,5543,11084
8808,17,35,7950,15898
8809,23,32,5406,10810
8810,5,26,4354,8706
8811,23,35,2515,5028
8812,5,32,6551,13100
8813,23,35,2627,5252
8814,11,35,5841,11680
8815,11,38,1189,2376
8816,17,38,1441,2880
8817,23,35,8250,16498
8818,23,32,8599,17196
8819,11,32,219,436
8820,23,38,7515,15028
8821,11,17,7030,14058
8822,17,26,7805,15608
8823,47,35,3542,7082
8824,29,29,6196,12390
8825,11,32,831,1660
8826,17,29,4782,9562
8827,35,29,2765,5528
8828,23,41,6258,12514
8829,17,35,5460,10918
8830,17,35,7828,15654
8831,23,29,8306,16610
8832,29,20,6832,13662
8833,17,32,3435,6868
8834,17,32,7674,15346
8835,17,35,4116,8230
8836,29,38,6969,13936
8837,29,38,5615,11228
8838,23,29,750,1498
8839,23,35,4137,8272
8840,17,35,5582,11162
8841,29,32,3205,6408
8842,35,35,4883,9764
8843,29,35,4009,8016
8844,23,38,8608,17214
8845,29,32,3874,7746
8846,23,32,3690,7378
8847,17,38,4961,9920
8848,17,41,2903,5804
8849,17,29,3982,7962
8850,17,11,3872,7742
8851,17,29,353,704
8852,17,38,7048,14094
8853,17,26,156,310
8854,11,35,6010,12018
8855,17,35,8454,16906
8856,17,35,7118,14234
8857,29,23,5363,10724
8858,35,29,2361,4720
8859,17,38,1069,2136
8860,17,35,1143,2284
8861,35,38,4983,9964
8862,41,38,3549,7096
8863,23,38,564,1126
8864,11,35,2957,5912
8865,17,35,6477,12952
8866,23,35,2931,5860
8867,17,38,3358,6714
8868,29,35,6570,13138
8869,5,38,1290,2578
8870,11,20,2978,5954
8871,17,38,2608,5214
8872,29,38,2220,4438
8873,11,29,1897,3792
8874,17,26,3274,6546
8875,23,20,6865,13728
8876,23,35,7812,15622
8877,17,26,1820,3638
8878,23,35,5666,11330
8879,11,32,1071,2140
8880,11,35,6055,12108
8881,23,41,7172,14342
8882,17,26,2721,5440
8883,29,29,6306,12610
8884,17,35,7811,15620
8885,17,35,6735,13468
8886,5,29,424,846
8887,17,29,3949,7896
8888,17,35,8782,17562
8889,5,32,73,144
8890,23,29,2195,4388
8891,11,26,7448,14894
8892,35,35,2230,4458
8893,17,35,6972,13942
8894,29,32,8280,16558
8895,23,35,7225,14448
8896,17,38,8309,16616
8897,29,23,2535,5068
8898,17,23,3580,7158
8899,17,38,187,372
8900,17,17,7093,14184
8901,23,32,6993,13984
8902,17,29,4248,8494
8903,23,32,8212,16422
8904,17,32,5177,10352
8905,11,35,6002,12002
8906,23,38,5268,10534
8907,23,26,1722,3442
8908,23,26,3915,7828
8909,17,29,5698,11394
8910,17,38,5245,10488
8911,11,38,1685,3368
8912,29,35,2290,4578
8913,11,35,466,930
8914,17,32,1222,2442
8915,23,38,7787,15572
8916,17,29,4327,8652
8917,17,35,4421,8840
8918,17,32,8426,16850
8919,17,29,949,1896
8920,17,41,7735,15468
8921,29,38,6611,13220
8922,29,35,3504,7006
8923,17,38,1073,2144
8924,35,38,8625,17248
8925,17,38,1863,3724
8926,5,32,4998,9994
8927,11,32,2202,4402
8928,17,38,2305,4608
8929,29,35,8429,16856
8930,17,35,468,934
8931,23,35,3996,7990
8932,29,35,5366,10730
8933,17,32,1058,2114
8934,17,29,1541,3080
8935,17,38,3672,7342
8936,11,35,28,54
8937,17,35,6979,13956
8938,23,32,6394,12786
8939,23,32,7363,14724
8940,17,29,303,604
8941,11,32,4964,9926
8942,35,38,5129,10256
8943,23,35,1159,2316
8944,35,14,3074,6146
8945,23,38,7400,14798
8946,29,38,6432,12862
8947,17,35,2191,4380
8948,17,38,8607,17212
8949,23,38,6724,13446
8950,23,35,6849,13696
8951,17,38,7633,15264
8952,29,38,2121,4240
8953,11,38,5449,10896
8954,29,35,4802,9602
8955,11,35,1177,2352
8956,23,35,4663,9324
8957,23,35,6505,13008
8958,11,35,6752,13502
8959,11,35,4490,8978
8960,23,35,3314,6626
8961,11,23,1644,3286
8962,11,35,7840,15678
8963,23,35,3119,6236
8964,17,32,958,1914
8965,11,26,4080,8158
8966,17,35,3066,6130
8967,29,35,212,422
8968,23,23,8513,17024
8969,23,35,6751,13500
8970,23,29,3511,7020
8971,23,20,3014,6026
8972,41,26,1735,3468
8973,11,29,8964,17926
8974,23,41,7344,14686
8975,11,29,517,1032
8976,5,41,5837,11672
8977,17,29,7161,14320
8978,23,35,8673,17344
8979,23,26,789,1576
8980,23,26,6644,13286
8981,11,35,620,1238
8982,17,35,3251,6500
8983,23,38,3753,7504
8984,17,35,3572,7142
8985,11,35,4962,9922
8986,5,14,1964,3926
8987,11,29,1185,2368
8988,17,35,8015,16028
8989,23,20,3301,6600
8990,11,38,5503,11004
8991,23,26,3671,7340
8992,17,32,3111,6220
8993,11,32,4255,8508
8994,17,32,8982,17962
8995,17,35,2992,5982
8996,17,32,5178,10354
8997,29,32,6198,12394
8998,11,38,6744,13486
8999,23,38,4628,9254
9000,17,38,7797,15592
9001,11,32,4074,8146
9002,17,35,5869,11736
9003,11,29,4105,8208
9004,17,38,332,662
9005,23,29,7132,14262
9006,17,38,3903,7804
9007,11,35,600,1198
9008,29,32,7683,15364
9009,23,35,7854,15706
9010,23,29,3370,6738
9011,23,41,1231,2460
9012,23,35,6562,13122
9013,11,29,7613,15224
9014,23,29,5519,11036
9015,23,32,1219,2436
9016,23,35,4493,8984
9017,11,17,8032,16062
9018,23,32,8988,17974
9019,23,32,2373,4744
9020,23,38,7641,15280
9021,23,26,650,1298
9022,29,23,8071,16140
9023,11,20,5147,10292
9024,11,35,7259,14516
9025,11,26,3014,6026
9026,23,35,8751,17500
9027,29,38,4850,9698
9028,23,32,2887,5772
9029,11,32,8399,16796
9030,29,35,508,1014
9031,23,35,1290,2578
9032,17,32,7164,14326
9033,17,38,5702,11402
9034,17,32,3337,6672
9035,17,38,7450,14898
9036,23,29,5549,11096
9037,23,38,5871,11740
9038,23,32,7152,14302
9039,11,38,1956,3910
9040,17,35,5029,10056
9041,17,35,4849,9696
9042,23,38,7363,14724
9043,23,29,5767,11532
9044,17,38,2098,4194
9045,11,32,2857,5712
9046,11,29,678,1354
9047,35,11,1697,3392
9048,17,35,6195,12388
9049,23,32,1841,3680
9050,11,32,3899,7796
9051,23,38,6191,12380
9052,23,35,7993,15984
9053,17,38,6614,13226
9054,5,32,7307,14612
9055,17,32,1258,2514
9056,5,32,8571,17140
9057,11,29,7171,14340
9058,11,35,7423,14844
9059,17,32,4286,8570
9060,35,35,6977,13952
9061,17,38,8184,16366
9062,23,35,1819,3636
9063,17,29,4876,9750
9064,17,29,3408,6814
9065,23,38,1139,2276
9066,29,32,3971,7940
9067,17,35,997,1992
9068,5,35,1608,3214
9069,17,32,2546,5090
9070,17,32,5768,11534
9071,23,32,6117,12232
9072,23,32,6224,12446
9073,29,32,4115,8228
9074,23,41,425,848
9075,17,35,502,1002
9076,23,35,616,1230
9077,17,32,1491,2980
9078,29,38,834,1666
9079,35,35,7215,14428
9080,5,35,1388,2774
9081,17,35,8750,17498
9082,11,35,1421,2840
9083,23,35,3558,7114
9084,17,20,7736,15470
9085,29,38,2403,4804
9086,29,35,7722,15442
9087,17,35,4537,9072
9088,11,35,482,962
9089,23,29,8901,17800
9090,17,35,535,1068
9091,17,38,4054,8106
9092,17,35,3690,7378
9093,11,32,4371,8740
9094,5,38,4221,8440
9095,29,32,6933,13864
9096,23,35,1699,3396
9097,23,35,6865,13728
9098,29,32,431,860
9099,11,32,6809,13616
9100,23,35,1450,2898
9101,17,29,2284,4566
9102,17,32,1371,2740
9103,29,35,1597,3192
9104,23,35,4398,8794
9105,11,35,8974,17946
9106,23,35,5906,11810
9107,17,35,868,1734
9108,17,35,3946,7890
9109,17,38,7566,15130
9110,29,32,7174,14346
9111,23,23,2740,5478
9112,29,35,1243,2484
9113,17,35,2390,4778
9114,11,26,2936,5870
9115,17,32,7614,15226
9116,23,35,8130,16258
9117,29,38,539,1076
9118,23,29,6295,12588
9119,11,35,1836,3670
9120,17,32,7788,15574
9121,17,35,7239,14476
9122,23,29,5924,11846
9123,17,38,1415,2828
9124,11,32,3228,6454
9125,11,35,8129,16256
9126,23,38,2970,5938
9127,17,41,2379,4756
9128,29,35,3178,6354
9129,17,35,3907,7812
9130,29,35,7014,14026
9131,17,29,169,336
9132,17,35,8002,16002
9133,17,32,2002,4002
9134,23,38,275,548
9135,35,35,4548,9094
9136,17,29,1703,3404
9137,29,26,4801,9600
9138,23,35,2803,5604
9139,35,35,2617,5232
9140,29,38,2719,5436
9141,23,38,7781,15560
9142,23,38,6722,13442
9143,17,32,6817,13632
9144,23,32,914,1826
9145,11,29,187,372
9146,17,38,172,342
9147,35,38,3543,7084
9148,23,38,4880,9758
9149,23,29,4620,9238
9150,23,38,7573,15144
9151,11,35,1610,3218
9152,11,32,2077,4152
9153,23,29,3117,6232
9154,11,35,7328,14654
9155,29,38,6443,12884
9156,23,38,2135,4268
9157,23,41,8173,16344
9158,17,20,3505,7008
9159,35,35,5620,11238
9160,23,35,2685,5368
9161,17,23,6120,12238
9162,23,41,3676,7350
9163,17,32,7996,15990
9164,11,38,6910,13818
9165,17,32,7290,14578
9166,17,23,5049,10096
9167,17,35,3432,6862
9168,23,38,2582,5162
9169,5,29,1996,3990
9170,29,32,6542,13082
9171,29,29,8070,16138
9172,23,32,6740,13478
9173,17,29,2731,5460
9174,17,38,500,998
9175,23,35,1123,2244
9176,23,38,823,1644
9177,17,32,1384,2766
9178,23,35,6478,12954
9179,17,32,2557,5112
9180,17,35,3309,6616
9181,41,29,5656,11310
9182,11,35,3849,7696
9183,17,38,2970,5938
9184,11,38,8968,17934
9185,11,35,3809,7616
9186,11,32,7779,15556
9187,17,32,2795,5588
9188,23,41,6639,13276
9189,23,26,3751,7500
9190,23,35,4691,9380
9191,11,26,8563,17124
9192,23,32,2868,5734
9193,23,35,4917,9832
9194,17,35,5928,11854
9195,23,26,628,1254
9196,29,38,6570,13138
9197,17,38,5906,11810
9198,29,35,7646,15290
9199,17,35,783,1564
9200,17,32,5943,11884
9201,17,29,3692,7382
9202,17,35,3011,6020
9203,23,32,7840,15678
9204,11,35,8438,16874
9205,17,32,2386,4770
9206,17,38,7909,15816
9207,23,35,2219,4436
9208,17,38,1806,3610
9209,11,29,8878,17754
9210,17,32,3449,6896
9211,11,32,1840,3678
9212,11,38,7295,14588
9213,5,29,4347,8692
9214,5,35,4398,8794
9215,23,32,7349,14696
9216,17,38,5037,10072
9217,17,35,4954,9906
9218,29,35,5183,10364
9219,29,35,4462,8922
9220,17,35,543,1084
9221,17,35,6765,13528
9222,11,35,8230,16458
9223,11,32,4869,9736
9224,17,32,3112,6222
9225,11,35,5016,10030
9226,11,32,4752,9502
9227,29,35,5274,10546
9228,11,23,4505,9008
9229,23,38,8285,16568
9230,17,38,440,878
9231,29,17,6202,12402
9232,29,26,4598,9194
9233,17,26,5824,11646
9234,23,29,226,450
9235,17,26,7197,14392
9236,29,38,9055,18108
9237,17,35,4703,9404
9238,17,35,5112,10222
9239,17,32,8983,17964
9240,23,41,9024,18046
9241,23,32,4634,9266
9242,17,35,7164,14326
9243,17,38,4404,8806
9244,17,38,537,1072
9245,23,35,3514,7026
9246,17,26,2619,5236
9247,17,29,4830,9658
9248,11,26,2511,5020
9249,17,35,653,1304
9250,23,38,3521,7040
9251,17,32,6925,13848
9252,11,23,9000,17998
9253,11,29,5700,11398
9254,23,32,3365,6728
9255,23,38,1201,2400
9256,17,35,4924,9846
9257,11,32,8058,16114
9258,11,26,1031,2060
9259,23,38,1431,2860
9260,11,38,834,1666
9261,17,29,7063,14124
9262,17,20,8033,16064
9263,17,26,3311,6620
9264,11,35,8193,16384
9265,17,38,8590,17178
9266,17,29,8154,16306
9267,23,23,4598,9194
9268,17,35,2911,5820
9269,47,32,3225,6448
9270,17,35,7353,14704
9271,23,32,7220,14438
9272,17,35,3913,7824
9273,17,32,1226,2450
9274,11,38,8869,17736
9275,11,35,7883,15764
9276,23,32,3011,6020
9277,29,38,1788,3574
9278,11,35,5764,11526
9279,11,32,2651,5300
9280,23,29,7404,14806
9281,17,35,302,602
9282,11,35,772,1542
9283,11,26,1104,2206
9284,17,29,5048,10094
9285,17,38,7126,14250
9286,11,20,8779,17556
9287,23,32,8684,17366
9288,17,35,613,1224
9289,17,35,4787,9572
9290,23,26,5714,11426
9291,17,32,1592,3182
9292,17,35,4697,9392
9293,23,35,7348,14694
9294,35,41,1460,2918
9295,23,38,5191,10380
9296,11,38,1830,3658
9297,23,32,5316,10630
9298,23,32,7142,14282
9299,35,35,6531,13060
9300,17,23,7883,15764
9301,23,32,8814,17626
9302,11,35,8045,16088
9303,29,35,3894,7786
9304,23,29,6295,12588
9305,29,35,4912,9822
9306,11,26,6889,13776
9307,23,32,5267,10532
9308,17,38,3792,7582
9309,17,29,5917,11832
9310,23,38,8807,17612
9311,29,41,3664,7326
9312,17,35,8540,17078
9313,29,35,6254,12506
9314,23,29,6502,13002
9315,29,29,7796,15590
9316,17,35,2444,4886
9317,17,38,4475,8948
9318,17,23,691,1380
9319,41,14,9029,18056
9320,5,35,6860,13718
9321,17,29,3468,6934
9322,23,35,4767,9532
9323,29,38,4576,9150
9324,17,35,675,1348
9325,29,38,5384,10766
9326,23,29,425,848
9327,23,32,1571,3140
9328,29,35,7476,14950
9329,17,35,3786,7570
9330,23,35,494,986
9331,23,35,9207,18412
9332,17,26,200,398
9333,11,35,4900,9798
9334,17,38,2712,5422
9335,11,26,9282,18562
9336,29,35,7509,15016
9337,17,35,6184,12366
9338,11,35,3143,6284
9339,11,32,4182,8362
9340,23,35,1269,2536
9341,29,29,1633,3264
9342,23,38,892,1782
9343,11,32,5652,11302
9344,17,38,7356,14710
9345,17,38,9006,18010
9346,23,35,7180,14358
9347,23,41,2820,5638
9348,17,32,168,334
9349,23,35,1494,2986
9350,11,26,7688,15374
9351,5,38,9044,18086
9352,23,41,1433,2864
9353,23,38,6479,12956
9354,17,35,3174,6346
9355,17,38,1902,3802
9356,23,35,5976,11950
9357,17,35,7710,15418
9358,17,35,6527,13052
9359,23,26,9268,18534
9360,11,32,6494,12986
9361,23,26,7550,15098
9362,17,35,5346,10690
9363,17,32,7373,14744
9364,17,35,6131,12260
9365,5,32,6632,13262
9366,11,32,8967,17932
9367,29,35,3065,6128
9368,23,38,7486,14970
9369,23,23,988,1974
9370,23,35,2897,5792
9371,11,26,8729,17456
9372,17,20,3881,7760
9373,35,26,5144,10286
9374,29,38,3224,6446
9375,17,35,5665,11328
9376,17,32,5709,11416
9377,17,35,8541,17080
9378,23,41,6602,13202
9379,17,32,3941,7880
9380,23,35,4081,8160
9381,23,29,3746,7490
9382,11,38,3289,6576
9383,23,29,4609,9216
9384,23,29,3177,6352
9385,17,35,1815,3628
9386,11,35,4135,8268
9387,17,29,209,416
9388,11,32,7430,14858
9389,17,29,7472,14942
9390,23,38,6913,13824
9391,11,32,1361,2720
9392,11,26,2989,5976
9393,23,26,8713,17424
9394,29,32,3792,7582
9395,17,29,1201,2400
9396,17,32,1571,3140
9397,17,32,9292,18582
9398,23,32,2719,5436
9399,29,29,964,1926
9400,17,35,6161,12320
9401,17,35,6965,13928
9402,23,35,4068,8134
9403,29,38,7097,14192
9404,17,35,180,358
9405,11,35,9367,18732
9406,17,26,5603,11204
9407,29,41,3729,7456
9408,17,35,7296,14590
9409,17,38,3398,6794
9410,17,32,2669,5336
9411,29,38,6532,13062
9412,11,26,9025,18048
9413,11,35,447,892
9414,29,38,3776,7550
9415,17,35,273,544
9416,23,29,2987,5972
9417,23,35,3315,6628
9418,5,29,156,310
9419,17,32,7739,15476
9420,17,26,3072,6142
9421,29,38,8275,16548
9422,17,35,4041,8080
9423,17,32,7568,15134
9424,23,38,5734,11466
9425,23,35,7926,15850
9426,11,35,4033,8064
9427,11,29,5808,11614
9428,17,38,1839,3676
9429,17,38,2829,5656
9430,23,38,4875,9748
9431,17,35,8742,17482
9432,5,35,1415,2828
9433,23,14,9140,18278
9434,17,29,2788,5574
9435,23,29,7952,15902
9436,17,32,8472,16942
9437,17,38,3427,6852
9438,11,38,3554,7106
9439,29,29,9191,18380
9440,29,35,6289,12576
9441,11,32,7766,15530
9442,11,32,4356,8710
9443,11,32,4772,9542
9444,17,35,9406,18810
9445,23,38,4532,9062
9446,29,38,8048,16094
9447,17,38,5746,11490
9448,23,38,5472,10942
9449,35,32,2006,4010
9450,23,32,2014,4026
9451,17,38,5443,10884
9452,23,23,996,1990
9453,11,32,4030,8058
9454,35,38,4014,8026
9455,17,35,3820,7638
9456,11,32,1509,3016
9457,17,29,8117,16232
9458,17,38,6985,13968
9459,11,41,2323,4644
9460,11,35,9287,18572
9461,17,26,3345,6688
9462,23,32,2682,5362
9463,17,38,673,1344
9464,11,35,3231,6460
9465,17,35,7470,14938
9466,23,35,5789,11576
9467,17,38,4492,8982
9468,17,26,4642,9282
9469,23,29,9147,18292
9470,11,35,1578,3154
9471,23,35,3009,6016
9472,17,29,2489,4976
9473,17,35,3235,6468
9474,17,35,3476,6950
9475,23,26,8199,16396
9476,17,20,4663,9324
9477,23,38,1081,2160
9478,17,35,5472,10942
9479,17,32,2643,5284
9480,17,20,7924,15846
9481,23,35,4691,9380
9482,29,32,4095,8188
9483,11,32,7460,14918
9484,23,38,8246,16490
9485,17,32,1811,3620
9486,11,35,8223,16444
9487,17,35,1443,2884
9488,23,26,3092,6182
9489,17,35,7882,15762
9490,29,32,1495,2988
9491,17,29,47,92
9492,17,32,4314,8626
9493,11,35,1432,2862
9494,17,38,3315,6628
9495,17,35,8324,16646
9496,17,32,5021,10040
9497,11,41,9,16
9498,29,32,6098,12194
9499,17,35,8235,16468
9500,17,29,2866,5730
9501,23,32,7796,15590
9502,17,32,2408,4814
9503,17,35,7752,15502
9504,17,41,324,646
9505,17,32,3798,7594
9506,11,29,956,1910
9507,41,26,8411,16820
9508,23,26,7073,14144
9509,23,35,2356,4710
9510,35,41,6379,12756
9511,11,38,1099,2196
9512,29,38,6338,12674
9513,23,35,1214,2426
9514,17,26,8713,17424
9515,23,35,884,1766
9516,5,35,265,528
9517,17,38,373,744
9518,23,35,5961,11920
9519,29,38,7280,14558
9520,11,35,2865,5728
9521,17,32,2663,5324
9522,11,29,286,570
9523,11,32,5985,11968
9524,11,32,3370,6738
9525,29,35,4751,9500
9526,17,35,6979,13956
9527,29,26,2511,5020
9528,11,35,5966,11930
9529,11,29,5886,11770
9530,23,38,2985,5968
9531,23,38,8900,17798
9532,17,32,7182,14362
9533,29,35,8031,16060
9534,11,29,5316,10630
9535,23,35,1701,3400
9536,11,32,7089,14176
9537,23,38,6061,12120
9538,17,35,4075,8148
9539,11,35,458,914
9540,17,32,3414,6826
9541,29,41,8217,16432
9542,29,32,2929,5856
9543,11,32,9314,18626
9544,23,38,1639,3276
9545,11,32,3164,6326
9546,11,29,1145,2288
9547,29,32,8292,16582
9548,23,26,2440,4878
9549,29,32,2744,5486
9550,17,35,4791,9580
9551,23,29,1556,3110
9552,17,35,2101,4200
9553,5,35,7553,15104
9554,17,38,2837,5672
9555,17,26,950,1898
9556,17,41,6241,12480
9557,11,35,9036,18070
9558,11,38,6015,12028
9559,11,35,8208,16414
9560,35,26,3006,6010
9561,17,35,5617,11232
9562,23,35,7648,15294
9563,23,29,8677,17352
9564,23,32,6401,12800
9565,23,35,4742,9482
9566,11,32,7992,15982
9567,17,35,7051,14100
9568,23,32,1106,2210
9569,23,38,1687,3372
9570,23,32,8162,16322
9571,23,23,4898,9794
9572,23,38,4120,8238
9573,29,26,9291,18580
9574,11,35,8081,16160
9575,11,32,8148,16294
9576,23,23,5348,10694
9577,23,26,4357,8712
9578,29,32,7346,14690
9579,17,38,7739,15476
9580,23,29,7120,14238
9581,23,35,7937,15872
9582,23,38,6993,13984
9583,29,38,3054,6106
9584,29,38,2395,4788
9585,17,32,6500,12998
9586,23,32,3663,7324
9587,23,32,9209,18416
9588,11,29,4764,9526
9589,17,35,9479,18956
9590,23,32,5315,10628
9591,23,32,9259,18516
9592,11,38,9362,18722
9593,11,35,1326,2650
9594,23,38,3055,6108
9595,41,35,2067,4132
9596,35,35,6495,12988
9597,23,35,8710,17418
9598,23,35,3114,6226
9599,17,32,6988,13974
9600,29,38,7862,15722
9601,11,38,1023,2044
9602,17,38,7424,14846
9603,23,38,8823,17644
9604,11,32,1803,3604
9605,17,35,16,30
9606,23,38,5765,11528
9607,17,38,4983,9964
9608,11,35,2271,4540
9609,17,32,7001,14000
9610,23,26,3284,6566
9611,11,32,2886,5770
9612,23,38,5055,10108
9613,17,41,6749,13496
9614,23,29,5455,10908
9615,11,38,9582,19162
9616,35,35,992,1982
9617,17,38,3114,6226
9618,17,35,1256,2510
9619,17,35,4286,8570
9620,17,38,731,1460
9621,29,41,5805,11608
9622,17,38,1759,3516
9623,17,38,2700,5398
9624,17,32,8669,17336
9625,17,32,2627,5252
9626,11,35,6365,12728
9627,23,32,7770,15538
9628,17,35,3165,6328
9629,17,29,8528,17054
9630,23,26,4157,8312
9631,17,35,3194,6386
9632,17,35,9418,18834
9633,17,35,3463,6924
9634,11,32,4282,8562
9635,23,35,6899,13796
9636,29,20,6398,12794
9637,23,32,6121,12240
9638,23,29,6371,12740
9639,29,29,7427,14852
9640,11,29,9160,18318
9641,17,35,7937,15872
9642,5,35,15,28
9643,17,35,8893,17784
9644,5,35,4996,9990
9645,29,38,6723,13444
9646,35,35,2239,4476
9647,17,35,2894,5786
9648,17,38,4519,9036
9649,23,35,7936,15870
9650,23,38,3588,7174
9651,17,32,616,1230
9652,29,32,4161,8320
9653,17,38,7379,14756
9654,29,29,2271,4540
9655,11,35,8399,16796
9656,17,41,1705,3408
9657,29,35,7560,15118
9658,29,38,4884,9766
9659,23,35,874,1746
9660,11,32,4134,8266
9661,29,38,1526,3050
9662,17,32,4022,8042
9663,17,29,8540,17078
9664,17,32,1599,3196
9665,17,38,1641,3280
9666,11,17,5891,11780
9667,11,35,9254,18506
9668,23,29,1520,3038
9669,29,35,2358,4714
9670,23,32,2156,4310
9671,11,35,9560,19118
9672,11,41,8027,16052
9673,11,14,907,1812
9674,17,35,4602,9202
9675,11,32,6164,12326
9676,29,38,6846,13690
9677,17,35,9495,18988
9678,17,35,2327,4652
9679,11,38,773,1544
9680,17,38,3005,6008
9681,17,35,5490,10978
9682,11,35,1108,2214
9683,5,35,2025,4048
9684,23,41,8431,16860
9685,23,38,3060,6118
9686,23,32,1894,3786
9687,17,35,399,796
9688,17,29,4077,8152
9689,17,38,1625,3248
9690,23,35,9248,18494
9691,23,38,4540,9078
9692,17,35,4861,9720
9693,17,35,2638,5274
9694,17,26,4829,9656
9695,11,35,8827,17652
9696,11,29,1733,3464
9697,17,35,9397,18792
9698,23,35,8501,17000
9699,17,35,3640,7278
9700,11,29,139,276
9701,17,38,6213,12424
9702,23,32,886,1770
9703,5,38,4175,8348
9704,23,38,7854,15706
9705,17,35,6006,12010
9706,11,35,627,1252
9707,11,35,9619,19236
9708,17,32,2905,5808
9709,17,26,1990,3978
9710,29,23,6714,13426
9711,11,35,8159,16316
9712,23,32,1513,3024
9713,23,38,3966,7930
9714,17,23,1404,2806
9715,29,26,1724,3446
9716,11,35,4096,8190
9717,23,26,778,1554
9718,11,29,7448,14894
9719,35,35,537,1072
9720,17,38,2436,4870
9721,17,32,2823,5644
9722,17,35,1800,3598
9723,17,29,6372,12742
9724,29,35,6308,12614
9725,17,29,122,242
9726,29,26,8683,17364
9727,17,32,8963,17924
9728,11,29,8313,16624
9729,23,35,5219,10436
9730,11,35,2937,5872
9731,23,8,8516,17030
9732,11,23,6196,12390
9733,23,35,5815,11628
9734,29,35,6747,13492
9735,23,38,7353,14704
9736,17,29,483,964
9737,29,35,7562,15122
9738,11,35,3967,7932
9739,23,35,6636,13270
9740,29,38,6608,13214
9741,29,38,1058,2114
9742,23,32,6901,13800
9743,29,35,3309,6616
9744,5,38,6355,12708
9745,17,35,7638,15274
9746,17,26,8700,17398
9747,17,32,4697,9392
9748,11,29,7777,15552
9749,11,38,9196,18390
9750,23,32,8165,16328
9751,23,32,719,1436
9752,23,38,2513,5024
9753,29,41,7157,14312
9754,23,38,1087,2172
9755,23,32,6578,13154
9756,17,35,7977,15952
9757,17,35,777,1552
9758,17,29,6164,12326
9759,41,35,3963,7924
9760,23,32,6162,12322
9761,17,29,9349,18696
9762,29,38,1271,2540
9763,17,35,1861,3720
9764,17,38,1042,2082
9765,17,38,1026,2050
9766,17,35,8410,16818
9767,23,32,2636,5270
9768,11,35,6039,12076
9769,11,32,1693,3384
9770,23,41,4612,9222
9771,17,23,5457,10912
9772,17,38,2732,5462
9773,35,29,8350,16698
9774,17,38,9091,18180
9775,29,29,4666,9330
9776,17,38,9099,18196
9777,17,35,6342,12682
9778,17,32,2180,4358
9779,11,38,5461,10920
9780,17,32,1549,3096
9781,11,35,9291,18580
9782,17,32,1778,3554
9783,11,38,3409,6816
9784,17,38,5084,10166
9785,23,35,8636,17270
9786,17,35,2877,5752
9787,17,35,4236,8470
9788,23,32,5575,11148
9789,17,38,1288,2574
9790,23,20,4052,8102
9791,5,35,986,1970
9792,23,32,4346,8690
9793,35,35,1919,3836
9794,35,38,3078,6154
9795,23,35,7181,14360
9796,17,29,3243,6484
9797,23,38,8744,17486
9798,11,32,5005,10008
9799,29,35,2146,4290
9800,23,32,990,1978
9801,23,35,2016,4030
9802,11,38,7283,14564
9803,23,32,8592,17182
9804,17,38,9222,18442
9805,23,38,5129,10256
9806,23,35,1015,2028
9807,23,41,3198,6394
9808,23,35,7741,15480
9809,29,26,247,492
9810,23,23,8392,16782
9811,23,32,1115,2228
9812,23,35,8770,17538
9813,11,35,327,652
9814,23,38,4920,9838
9815,11,29,6890,13778
9816,17,29,7218,14434
9817,17,32,6975,13948
9818,29,38,6389,12776
9819,11,35,3506,7010
9820,17,38,2251,4500
9821,23,35,2241,4480
9822,23,41,1298,2594
9823,29,35,2209,4416
9824,23,32,4445,8888
9825,11,32,271,540
9826,11,38,8337,16672
9827,17,32,704,1406
9828,29,41,800,1598
9829,23,38,2949,5896
9830,17,32,6360,12718
9831,11,35,5273,10544
9832,23,35,4822,9642
9833,11,38,2571,5140
9834,11,29,6961,13920
9835,17,35,2662,5322
9836,23,41,1017,2032
9837,17,23,5879,11756
9838,23,35,6727,13452
9839,17,32,1578,3154
9840,29,41,9066,18130
9841,11,32,9308,18614
9842,17,29,4007,8012
9843,17,38,1728,3454
9844,29,32,7444,14886
9845,17,29,2259,4516
9846,17,26,1402,2802
9847,17,38,4412,8822
9848,11,35,8639,17276
9849,17,38,2451,4900
9850,11,35,6163,12324
9851,11,38,174,346
9852,29,35,9634,19266
9853,23,38,3530,7058
9854,17,38,6469,12936
9855,35,38,249,496
9856,23,29,1259,2516
9857,17,35,8950,17898
9858,23,35,8532,17062
9859,17,29,9252,18502
9860,17,41,7750,15498
9861,23,35,2548,5094
9862,23,35,2718,5434
9863,17,35,9138,18274
9864,29,35,2464,4926
9865,17,32,3733,7464
9866,29,38,3557,7112
9867,29,38,2449,4896
9868,23,29,7062,14122
9869,17,38,8736,17470
9870,17,35,853,1704
9871,29,38,2290,4578
9872,17,35,9547,19092
9873,29,35,6491,12980
9874,5,32,5125,10248
9875,17,35,2157,4312
9876,11,23,9221,18440
9877,17,35,5644,11286
9878,23,35,8661,17320
9879,17,41,2869,5736
9880,11,38,8826,17650
9881,23,35,8633,17264
9882,17,32,8178,16354
9883,17,41,6809,13616
9884,17,38,6993,13984
9885,23,38,102,202
9886,17,29,1976,3950
9887,23,35,4149,8296
9888,35,38,5367,10732
9889,11,35,126,250
9890,29,38,2862,5722
9891,23,41,6297,12592
9892,11,32,1655,3308
9893,29,32,1038,2074
9894,23,32,9542,19082
9895,11,35,3993,7984
9896,11,38,3428,6854
9897,17,41,1347,2692
9898,11,35,6313,12624
9899,29,29,5055,10108
9900,17,32,1599,3196
9901,17,26,7133,14264
9902,17,38,713,1424
9903,11,38,1282,2562
9904,11,32,2817,5632
9905,23,32,1270,2538
9906,23,17,5108,10214
9907,17,23,4063,8124
9908,17,2,4954,9906
9909,29,35,9093,18184
9910,5,35,688,1374
9911,11,32,4603,9204
9912,17,41,3343,6684
9913,23,32,1099,2196
9914,17,38,9325,18648
9915,23,35,7056,14110
9916,11,38,104,206
9917,17,38,1940,3878
9918,23,35,8114,16226
9919,29,38,157,312
9920,17,38,6726,13450
9921,17,32,4673,9344
9922,17,35,3998,7994
9923,17,35,5696,11390
9924,17,35,9703,19404
9925,17,35,5923,11844
9926,11,35,8940,17878
9927,17,41,5636,11270
9928,29,32,7587,15172
9929,29,32,2339,4676
9930,17,35,6615,13228
9931,17,35,2765,5528
9932,11,35,114,226
9933,29,32,5947,11892
9934,23,14,9004,18006
9935,47,35,5819,11636
9936,23,32,7756,15510
9937,17,35,913,1824
9938,17,32,7059,14116
9939,23,23,1514,3026
9940,11,35,6777,13552
9941,23,32,7722,15442
9942,23,41,6286,12570
9943,17,38,9853,19704
9944,23,35,2677,5352
9945,17,38,5629,11256
9946,11,32,8532,17062
9947,11,38,3658,7314
9948,17,35,2071,4140
9949,17,32,5513,11024
9950,29,35,5585,11168
9951,11,35,634,1266
9952,11,41,7536,15070
9953,23,35,5499,10996
9954,17,38,4581,9160
9955,17,38,5291,10580
9956,35,26,7602,15202
9957,29,26,6747,13492
9958,17,32,7445,14888
9959,11,20,6770,13538
9960,11,29,1409,2816
9961,17,41,8900,17798
9962,17,35,5489,10976
9963,17,41,6645,13288
9964,29,41,5618,11234
9965,23,26,2004,4006
9966,17,35,3063,6124
9967,23,32,2955,5908
9968,23,29,1022,2042
9969,29,35,6890,13778
9970,17,38,938,1874
9971,23,38,5977,11952
9972,5,32,5195,10388
9973,17,35,1277,2552
9974,17,41,7354,14706
9975,41,32,4808,9614
9976,17,32,3735,7468
9977,11,38,8982,17962
9978,29,35,3972,7942
9979,35,14,8420,16838
9980,17,35,3525,7048
9981,23,38,1021,2040
9982,17,35,1055,2108
9983,29,35,782,1562
9984,17,29,8395,16788
9985,17,35,2338,4674
9986,11,35,9524,19046
9987,11,35,5655,11308
9988,23,35,1129,2256
9989,17,35,5924,11846
9990,11,26,7942,15882
9991,11,32,4552,9102
9992,11,32,6141,12280
9993,17,32,4397,8792
9994,17,38,2401,4800
9995,29,32,3851,7700
9996,23,35,1290,2578
9997,17,32,7580,15158
9998,11,35,7822,15642
9999,17,29,4794,9586
10000,35,35,1017,2032
10001,17,29,2861,5720
10002,23,38,2779,5556
10003,17,35,9262,18522
10004,11,32,2398,4794
10005,17,29,4915,9828
10006,17,35,832,1662
10007,23,41,1924,3846
10008,17,29,4682,9362
10009,29,26,6158,12314
10010,17,38,3922,7842
10011,23,38,8331,16660
10012,23,29,6794,13586
10013,17,38,5201,10400
10014,11,32,4591,9180
10015,23,38,8537,17072
10016,17,35,886,1770
10017,29,32,1482,2962
10018,11,35,2179,4356
10019,23,41,7495,14988
10020,17,35,358,714
10021,29,35,9039,18076
10022,17,41,6586,13170
10023,11,41,7483,14964
10024,17,35,84,166
10025,23,35,7384,14766
10026,5,26,5852,11702
10027,29,41,6570,13138
10028,23,35,4873,9744
10029,17,41,1590,3178
10030,23,32,8310,16618
10031,11,32,4010,8018
10032,23,35,3156,6310
10033,11,35,6101,12200
10034,29,38,6698,13394
10035,11,35,2887,5772
10036,17,32,2445,4888
10037,11,38,619,1236
10038,23,35,9241,18480
10039,29,32,7730,15458
10040,17,38,7153,14304
10041,11,26,2491,4980
10042,11,32,3790,7578
10043,17,35,3219,6436
10044,23,35,222,442
10045,23,35,9278,18554
10046,11,41,4173,8344
10047,17,26,6103,12204
10048,23,32,6450,12898
10049,11,32,9250,18498
10050,23,32,8917,17832
10051,35,38,7051,14100
10052,23,32,3538,7074
10053,5,32,7073,14144
10054,23,29,3151,6300
10055,11,38,9239,18476
10056,23,29,4094,8186
10057,11,17,6443,12884
10058,23,32,1957,3912
10059,5,41,2485,4968
10060,17,26,6738,13474
10061,17,35,7062,14122
10062,11,20,6053,12104
10063,17,41,1679,3356
10064,17,32,6736,13470
10065,11,35,4110,8218
10066,23,38,725,1448
10067,17,29,9468,18934
10068,29,38,6330,12658
10069,29,38,1800,3598
10070,17,38,3577,7152
10071,29,41,3909,7816
10072,23,38,2784,5566
10073,11,29,3491,6980
10074,11,32,978,1954
10075,17,35,1989,3976
10076,17,32,8458,16914
10077,29,38,5276,10550
10078,17,38,3263,6524
10079,23,32,8973,17944
10080,17,32,5251,10500
10081,11,35,159,316
10082,29,35,8907,17812
10083,53,32,3018,6034
10084,17,29,718,1434
10085,23,38,9685,19368
10086,17,41,6362,12722
10087,17,35,7725,15448
10088,29,35,4450,8898
10089,17,32,172,342
10090,11,38,8408,16814
10091,23,35,6076,12150
10092,5,35,2135,4268
10093,23,38,2767,5532
10094,23,35,5276,10550
10095,29,26,5186,10370
10096,23,41,295,588
10097,11,20,6704,13406
10098,11,35,8838,17674
10099,17,35,681,1360
10100,11,35,9768,19534
10101,11,35,6491,12980
10102,23,38,2028,4054
10103,23,35,2749,5496
10104,17,35,6144,12286
10105,17,35,3984,7966
10106,17,26,8586,17170
10107,23,26,571,1140
10108,17,32,6065,12128
10109,23,35,9095,18188
10110,23,32,4872,9742
10111,23,35,8529,17056
10112,17,32,9772,19542
10113,11,35,9844,19686
10114,17,35,7227,14452
10115,17,38,4530,9058
10116,17,29,8583,17164
10117,17,41,9968,19934
10118,17,29,1788,3574
10119,35,29,9023,18044
10120,41,35,2834,5666
10121,17,32,5006,10010
10122,17,26,810,1618
10123,17,32,9347,18692
10124,23,29,5842,11682
10125,17,35,2736,5470
10126,23,29,7724,15446
10127,23,38,3282,6562
10128,23,38,2874,5746
10129,17,35,9790,19578
10130,11,35,8520,17038
10131,23,38,4465,8928
10132,23,38,8146,16290
10133,17,38,4491,8980
10134,17,32,5576,11150
10135,17,32,1132,2262
10136,23,35,7885,15768
10137,23,35,6927,13852
10138,29,32,4725,9448
10139,35,32,8996,17990
10140,17,35,6919,13836
10141,17,32,935,1868
10142,23,35,5074,10146
10143,23,38,1871,3740
10144,17,38,5752,11502
10145,5,17,5866,11730
10146,11,32,8368,16734
10147,11,38,3207,6412
10148,17,38,48,94
10149,17,29,9922,19842
10150,17,35,502,1002
10151,17,35,2128,4254
10152,23,38,8633,17264
10153,17,41,5487,10972
10154,17,35,52,102
10155,17,38,3762,7522
10156,17,35,9712,19422
10157,29,32,5342,10682
10158,17,32,9678,19354
10159,29,38,934,1866
10160,17,38,9509,19016
10161,29,29,1102,2202
10162,17,41,9139,18276
10163,17,29,6082,12162
10164,17,29,9438,18874
10165,23,26,4865,9728
10166,11,32,5138,10274
10167,11,38,1631,3260
10168,29,35,542,1082
10169,23,29,8749,17496
10170,29,35,3955,7908
10171,23,32,2290,4578
10172,11,32,8071,16140
10173,23,38,1836,3670
10174,23,23,4094,8186
10175,17,35,9781,19560
10176,23,38,5502,11002
10177,17,38,9972,19942
10178,17,35,1164,2326
10179,17,32,5215,10428
10180,11,35,8796,17590
10181,17,29,3370,6738
10182,23,20,239,476
10183,29,26,3878,7754
10184,23,38,2330,4658
10185,17,41,8892,17782
10186,23,38,6676,13350
10187,17,35,2464,4926
10188,23,35,8285,16568
10189,17,32,8919,17836
10190,11,32,4301,8600
10191,17,41,1224,2446
10192,29,38,2106,4210
10193,17,32,5589,11176
10194,17,35,7772,15542
10195,17,38,5030,10058
10196,17,38,4045,8088
10197,11,35,8182,16362
10198,17,35,1106,2210
10199,17,38,1796,3590
10200,17,38,6811,13620
10201,23,35,3218,6434
10202,23,29,6028,12054
10203,17,29,8080,16158
10204,29,41,6975,13948
10205,29,38,7827,15652
10206,29,35,1856,3710
10207,11,35,5889,11776
10208,5,29,9959,19916
10209,41,32,8480,16958
10210,11,41,7293,14584
10211,11,17,479,956
10212,17,32,3654,7306
10213,17,35,8884,17766
10214,29,26,8319,16636
10215,23,23,2275,4548
10216,11,41,603,1204
10217,11,32,9024,18046
10218,17,41,7509,15016
10219,23,41,2789,5576
10220,11,38,8662,17322
10221,17,35,5018,10034
10222,23,35,2882,5762
10223,5,35,8254,16506
10224,17,35,2199,4396
10225,17,38,2982,5962
10226,17,35,6638,13274
10227,17,32,5277,10552
10228,23,29,2706,5410
10229,11,35,3842,7682
10230,23,32,4141,8280
10231,35,35,7996,15990
10232,23,38,3629,7256
10233,29,29,8284,16566
10234,17,32,5340,10678
10235,29,26,4779,9556
10236,35,29,3908,7814
10237,35,38,3103,6204
10238,11,17,7519,15036
10239,11,29,4030,8058
10240,17,38,3044,6086
10241,17,20,1041,2080
10242,17,41,7907,15812
10243,23,29,4691,9380
10244,35,41,3661,7320
10245,23,41,970,1938
10246,17,38,7133,14264
10247,23,35,1289,2576
10248,17,35,6402,12802
10249,11,14,2882,5762
10250,5,38,5779,11556
10251,17,35,7947,15892
10252,17,29,6918,13834
10253,23,38,897,1792
10254,11,29,9905,19808
10255,17,35,193,384
10256,17,38,1726,3450
10257,29,35,2742,5482
10258,23,41,9251,18500
10259,11,32,3722,7442
10260,23,35,4065,8128
10261,23,32,5928,11854
10262,23,23,1643,3284
10263,11,38,5406,10810
10264,29,38,4218,8434
10265,23,41,10000,19998
10266,23,23,2924,5846
10267,17,32,10263,20524
10268,11,32,2178,4354
10269,23,35,6726,13450
10270,23,35,8698,17394
10271,23,38,1017,2032
10272,35,32,8631,17260
10273,23,17,3050,6098
10274,17,32,7580,15158
10275,23,29,7194,14386
10276,17,26,6643,13284
10277,11,32,7934,15866
10278,17,35,1275,2548
10279,11,32,2403,4804
10280,11,38,5831,11660
10281,17,38,5268,10534
10282,11,35,9104,18206
10283,11,32,243,484
10284,17,38,4470,8938
10285,17,32,8993,17984
10286,29,38,5420,10838
10287,23,35,5810,11618
10288,11,41,8740,17478
10289,23,29,4571,9140
10290,23,29,8211,16420
10291,17,35,3318,6634
10292,35,35,7415,14828
10293,23,41,8544,17086
10294,23,35,1684,3366
10295,23,35,8578,17154
10296,17,32,367,732
10297,17,35,1479,2956
10298,23,35,248,494
10299,23,26,8025,16048
10300,23,26,744,1486
10301,11,35,6767,13532
10302,23,38,5633,11264
10303,23,35,3383,6764
10304,23,29,2587,5172
10305,17,26,3603,7204
10306,23,41,8368,16734
10307,17,38,10205,20408
10308,23,35,9385,18768
10309,23,35,8932,17862
10310,17,35,7719,15436
10311,23,35,10011,20020
10312,17,41,9753,19504
10313,5,38,527,1052
10314,23,35,9703,19404
10315,17,35,2007,4012
10316,5,32,1021,2040
10317,29,35,10108,20214
10318,23,38,1191,2380
10319,29,35,3105,6208
10320,17,38,1304,2606
10321,23,38,7669,15336
10322,11,35,8963,17924
10323,17,32,398,794
10324,17,35,8057,16112
10325,17,35,7317,14632
10326,11,35,1765,3528
10327,41,38,5623,11244
10328,23,38,6519,13036
10329,11,35,4239,8476
10330,23,23,5851,11700
10331,23,35,9390,18778
10332,23,29,8466,16930
10333,23,35,8494,16986
10334,29,35,3973,7944
10335,17,26,4502,9002
10336,23,29,3160,6318
10337,29,32,2982,5962
10338,17,35,8806,17610
10339,11,29,8653,17304
10340,23,35,5747,11492
10341,17,29,10292,20582
10342,17,32,580,1158
10343,17,35,10173,20344
10344,17,32,4965,9928
10345,23,17,7920,15838
10346,23,32,3671,7340
10347,29,35,8925,17848
10348,41,35,8602,17202
10349,17,32,4321,8640
10350,11,32,6281,12560
10351,23,20,2668,5334
10352,5,26,101,200
10353,11,35,7171,14340
10354,17,35,6927,13852
10355,11,26,1314,2626
10356,17,35,5715,11428
10357,23,38,5814,11626
10358,23,35,7169,14336
10359,23,35,7636,15270
10360,35,35,7185,14368
10361,23,35,8694,17386
10362,17,32,2575,5148
10363,17,38,4482,8962
10364,29,38,8131,16260
10365,29,32,8620,17238
10366,17,41,5572,11142
10367,11,26,8321,16640
10368,35,35,4716,9430
10369,41,38,3649,7296
10370,23,41,769,1536
10371,17,35,33,64
10372,17,38,5660,11318
10373,29,35,124,246
10374,23,38,7749,15496
10375,17,35,4166,8330
10376,23,38,1148,2294
10377,17,38,3585,7168
10378,17,35,9321,18640
10379,17,29,6374,12746
10380,23,32,9645,19288
10381,23,35,7894,15786
10382,17,38,2334,4666
10383,11,32,6048,12094
10384,17,23,2310,4618
10385,11,35,721,1440
10386,5,29,10009,20016
10387,23,35,920,1838
10388,17,35,10375,20748
10389,11,35,5607,11212
10390,29,32,1303,2604
10391,11,29,9163,18324
10392,23,35,7558,15114
10393,11,38,850,1698
10394,11,32,10306,20610
10395,5,32,10390,20778
10396,17,32,10025,20048
10397,29,41,912,1822
10398,17,38,6820,13638
10399,29,38,4624,9246
10400,11,32,1528,3054
10401,23,41,6460,12918
10402,29,32,6273,12544
10403,23,41,5384,10766
10404,23,29,395,788
10405,29,35,5032,10062
10406,17,35,3416,6830
10407,11,35,6710,13418
10408,23,41,3099,6196
10409,11,32,1610,3218
10410,23,35,4845,9688
10411,23,38,5372,10742
10412,17,32,8312,16622
10413,17,35,5981,11960
10414,17,26,3356,6710
10415,17,26,4578,9154
10416,29,35,2499,4996
10417,23,32,5466,10930
10418,29,38,8198,16394
10419,23,38,7121,14240
10420,17,35,404,806
10421,17,32,9144,18286
10422,23,41,7958,15914
10423,17,32,4820,9638
10424,17,29,8948,17894
10425,29,38,6858,13714
10426,23,38,9335,18668
10427,17,35,4945,9888
10428,17,35,4834,9666
10429,11,29,7180,14358
10430,23,29,3248,6494
10431,17,26,5359,10716
10432,23,38,5215,10428
10433,23,32,2011,4020
10434,17,35,8001,16000
10435,17,26,2793,5584
10436,23,23,1507,3012
10437,23,35,6847,13692
10438,17,32,1818,3634
10439,29,41,7786,15570
10440,23,35,7555,15108
10441,29,38,3625,7248
10442,23,29,5924,11846
10443,35,32,361,720
10444,29,35,7121,14240
10445,11,38,6151,12300
10446,23,35,5290,10578
10447,23,38,3135,6268
10448,29,38,501,1000
10449,17,20,3183,6364
10450,11,35,7793,15584
10451,17,32,321,640
10452,17,35,8361,16720
10453,17,35,1227,2452
10454,17,35,8618,17234
10455,11,35,997,1992
10456,29,26,8515,17028
10457,5,38,10022,20042
10458,41,38,5263,10524
10459,11,29,6752,13502
10460,23,32,2497,4992
10461,23,38,6820,13638
10462,17,35,3096,6190
10463,17,38,9060,18118
10464,11,29,3503,7004
10465,17,23,10344,20686
10466,23,23,4781,9560
10467,23,35,8467,16932
10468,23,41,3142,6282
10469,17,17,7689,15376
10470,11,29,8374,16746
10471,17,32,8891,17780
10472,11,35,1351,2700
10473,29,35,2005,4008
10474,17,29,2361,4720
10475,23,26,8409,16816
10476,29,32,1570,3138
10477,23,35,3475,6948
10478,23,32,9326,18650
10479,11,32,3105,6208
10480,17,38,9793,19584
10481,17,38,1042,2082
10482,17,32,445,888
10483,17,32,650,1298
10484,17,32,6413,12824
10485,29,26,2600,5198
10486,23,35,2629,5256
10487,35,32,630,1258
10488,23,29,9762,19522
10489,35,38,8234,16466
10490,17,32,1992,3982
10491,11,41,6418,12834
10492,11,32,5353,10704
10493,17,29,10217,20432
10494,29,29,10239,20476
10495,29,32,9178,18354
10496,23,35,3722,7442
10497,23,38,5412,10822
10498,11,35,2836,5670
10499,17,35,2237,4472
10500,17,41,7546,15090
10501,29,32,6924,13846
10502,29,38,4956,9910
10503,17,35,4982,9962
10504,23,26,2933,5864
10505,23,23,6688,13374
10506,17,35,2982,5962
10507,11,35,9688,19374
10508,17,35,9966,19930
10509,5,35,3880,7758
10510,11,35,3323,6644
10511,17,35,2343,4684
10512,17,41,625,1248
10513,17,32,5630,11258
10514,17,35,5120,10238
10515,17,32,5745,11488
10516,11,26,4990,9978
10517,23,32,8181,16360
10518,53,41,8296,16590
10519,17,35,812,1622
10520,17,35,5268,10534
10521,29,35,5304,10606
10522,11,29,9834,19666
10523,17,32,9634,19266
10524,41,32,5380,10758
10525,17,32,8321,16640
10526,17,38,10134,20266
10527,23,35,7527,15052
10528,17,32,8198,16394
10529,23,35,4824,9646
10530,23,35,9622,19242
10531,23,26,9851,19700
10532,41,32,7719,15436
10533,17,32,9037,18072
10534,17,35,9862,19722
10535,11,29,2416,4830
10536,23,35,3139,6276
10537,23,32,3173,6344
10538,17,35,8441,16880
10539,11,29,6698,13394
10540,17,38,8350,16698
10541,5,35,8128,16254
10542,17,35,8367,16732
10543,17,35,7755,15508
10544,29,29,8781,17560
10545,23,32,4565,9128
10546,35,32,7132,14262
10547,17,38,10345,20688
10548,11,32,766,1530
10549,17,35,6713,13424
10550,17,38,9961,19920
10551,17,26,4595,9188
10552,11,29,2668,5334
10553,23,38,3083,6164
10554,35,32,8910,17818
10555,17,35,10455,20908
10556,23,26,471,940
10557,17,41,10526,21050
10558,23,32,3635,7268
10559,11,38,5122,10242
10560,17,32,5316,10630
10561,17,32,4004,8006
10562,11,38,3927,7852
10563,17,29,2857,5712
10564,23,26,7118,14234
10565,17,32,4234,8466
10566,17,35,9603,19204
10567,29,41,4545,9088
10568,29,38,7379,14756
10569,11,35,9287,18572
10570,11,35,1068,2134
10571,17,35,4357,8712
10572,17,38,4189,8376
10573,23,35,9051,18100
10574,29,35,10515,21028
10575,17,41,3893,7784
10576,17,38,4893,9784
10577,11,35,9019,18036
10578,17,38,3241,6480
10579,17,29,8771,17540
10580,17,29,1929,3856
10581,23,41,4277,8552
10582,17,32,8903,17804
10583,17,23,4258,8514
10584,23,35,249,496
10585,29,32,148,294
10586,23,32,5443,10884
10587,5,35,172,342
10588,5,38,1978,3954
10589,5,38,5294,10586
10590,23,32,56,110
10591,17,35,2485,4968
10592,5,14,3640,7278
10593,23,41,9058,18114
10594,23,35,90,178
10595,17,35,9702,19402
10596,17,32,10414,20826
10597,35,35,4156,8310
10598,11,26,7843,15684
10599,17,35,8299,16596
10600,23,41,9109,18216
10601,23,29,238,474
10602,11,29,588,1174
10603,23,17,8117,16232
10604,35,38,2670,5338
10605,11,26,61,120
10606,29,29,6681,13360
10607,23,41,5785,11568
10608,23,23,2112,4222
10609,17,41,3822,7642
10610,11,29,6973,13944
10611,29,35,5759,11516
10612,23,32,2398,4794
10613,29,35,5831,11660
10614,23,29,8592,17182
10615,17,38,3469,6936
10616,11,38,970,1938
10617,11,32,2316,4630
10618,11,38,392,782
10619,11,35,10410,20818
10620,11,29,9988,19974
10621,11,23,3525,7048
10622,11,35,8789,17576
10623,41,38,7676,15350
10624,23,17,8467,16932
10625,17,32,6251,12500
10626,23,35,5922,11842
10627,11,35,9639,19276
10628,11,41,20,38
10629,17,38,1324,2646
10630,17,38,10403,20804
10631,17,41,9670,19338
10632,17,35,116,230
10633,11,32,5840,11678
10634,11,32,4044,8086
10635,17,38,10447,20892
10636,17,32,3234,6466
10637,23,38,3575,7148
10638,29,38,6074,12146
10639,23,17,2494,4986
10640,17,29,1901,3800
10641,17,41,3984,7966
10642,17,41,3511,7020
10643,23,41,675,1348
10644,17,32,2978,5954
10645,11,32,10192,20382
10646,35,38,9215,18428
10647,11,38,10224,20446
10648,23,32,8872,17742
10649,35,38,4806,9610
10650,23,38,611,1220
10651,17,41,6370,12738
10652,23,38,7269,14536
10653,29,35,4922,9842
10654,47,38,562,1122
10655,17,35,2567,5132
10656,17,38,2709,5416
10657,17,23,6869,13736
10658,23,32,9654,19306
10659,23,26,8266,16530
10660,23,32,6428,12854
10661,29,29,6921,13840
10662,17,29,8714,17426
10663,29,35,5506,11010
10664,11,38,10027,20052
10665,11,32,2619,5236
10666,23,29,3238,6474
10667,29,35,6315,12628
10668,23,14,3667,7332
10669,11,32,5174,10346
10670,11,38,3940,7878
10671,11,32,380,758
10672,29,35,4587,9172
10673,11,38,6643,13284
10674,23,26,10654,21306
10675,11,38,9266,18530
10676,23,35,4088,8174
10677,29,41,708,1414
10678,23,38,10411,20820
10679,17,38,7883,15764
10680,17,41,2246,4490
10681,23,29,5767,11532
10682,41,38,4405,8808
10683,29,32,4626,9250
10684,5,38,6377,12752
10685,11,35,607,1212
10686,17,35,8790,17578
10687,29,29,2953,5904
10688,5,35,7455,14908
10689,17,29,1656,3310
10690,11,29,5208,10414
10691,11,35,4725,9448
10692,23,32,3910,7818
10693,5,35,3349,6696
10694,35,41,10046,20090
10695,17,41,7391,14780
10696,11,29,7633,15264
10697,11,38,196,390
10698,17,32,6931,13860
10699,29,38,4572,9142
10700,29,41,3707,7412
10701,29,35,9983,19964
10702,29,32,9861,19720
10703,17,41,10520,21038
10704,23,26,9553,19104
10705,23,32,6874,13746
10706,23,35,5710,11418
10707,17,32,8287,16572
10708,23,32,4260,8518
10709,17,29,344,686
10710,11,38,641,1280
10711,23,35,1618,3234
10712,29,35,2935,5868
10713,17,32,6459,12916
10714,17,35,3334,6666
10715,23,26,6007,12012
10716,17,41,9999,19996
10717,29,35,39,76
10718,23,38,2311,4620
10719,23,35,3693,7384
10720,11,35,1944,3886
10721,23,38,5048,10094
10722,23,38,2938,5874
10723,17,35,6112,12222
10724,17,35,9381,18760
10725,29,38,4931,9860
10726,29,32,5180,10358
10727,5,32,8627,17252
10728,35,35,4124,8246
10729,23,26,2703,5404
10730,5,32,6292,12582
10731,5,35,3057,6112
10732,17,35,4336,8670
10733,11,38,7744,15486
10734,17,32,9870,19738
10735,11,35,9160,18318
10736,5,32,8580,17158
10737,17,29,9594,19186
10738,23,41,7051,14100
10739,11,23,7258,14514
10740,29,32,572,1142
10741,29,32,3288,6574
10742,29,41,6651,13300
10743,11,32,1181,2360
10744,23,38,10654,21306
10745,11,41,80,158
10746,17,35,6052,12102
10747,29,38,3525,7048
10748,35,41,2235,4468
10749,17,35,7177,14352
10750,29,38,8201,16400
10751,35,41,9828,19654
10752,29,29,5449,10896
10753,11,35,8261,16520
10754,11,23,9621,19240
10755,23,41,9909,19816
10756,17,41,8481,16960
10757,17,35,7513,15024
10758,17,38,4316,8630
10759,17,38,8691,17380
10760,17,35,1495,2988
10761,17,35,9045,18088
10762,23,23,967,1932
10763,11,38,3821,7640
10764,17,26,3507,7012
10765,11,29,6318,12634
10766,29,38,1643,3284
10767,29,38,5892,11782
10768,17,32,8375,16748
10769,11,35,6124,12246
10770,17,35,8473,16944
10771,11,32,8074,16146
10772,35,41,1892,3782
10773,23,35,5715,11428
10774,17,32,3821,7640
10775,17,35,7441,14880
10776,23,35,3606,7210
10777,17,38,1093,2184
10778,17,32,3507,7012
10779,11,35,6529,13056
10780,17,38,2935,5868
10781,5,35,5829,11656
10782,11,41,4558,9114
10783,17,32,8157,16312
10784,11,38,1713,3424
10785,29,38,5449,10896
10786,41,32,6176,12350
10787,23,35,4111,8220
10788,23,38,6590,13178
10789,29,35,8558,17114
10790,35,38,1996,3990
10791,17,26,5881,11760
10792,17,32,8340,16678
10793,17,38,7218,14434
10794,17,38,7002,14002
10795,5,35,8003,16004
10796,17,32,4201,8400
10797,17,38,6039,12076
10798,17,26,2635,5268
10799,17,41,1744,3486
10800,23,38,899,1796
10801,29,29,3593,7184
10802,23,41,2072,4142
10803,17,32,3748,7494
10804,11,32,6282,12562
10805,23,35,8379,16756
10806,23,32,4794,9586
10807,11,26,2724,5446
10808,17,32,6305,12608
10809,23,23,5194,10386
10810,17,38,7398,14794
10811,17,32,581,1160
10812,23,38,2152,4302
10813,29,20,4644,9286
10814,23,32,3098,6194
10815,23,35,5532,11062
10816,23,32,7703,15404
10817,11,38,6490,12978
10818,23,35,9727,19452
10819,17,35,9563,19124
10820,17,32,7220,14438
10821,17,35,5651,11300
10822,23,38,4515,9028
10823,17,35,10150,20298
10824,17,23,5707,11412
10825,17,35,1503,3004
10826,41,32,1779,3556
10827,29,35,4079,8156
10828,17,38,5015,10028
10829,11,17,8630,17258
10830,17,29,5381,10760
10831,35,41,2789,5576
10832,35,29,8451,16900
10833,17,38,3574,7146
10834,35,35,4635,9268
10835,11,29,5512,11022
10836,29,38,9184,18366
10837,17,29,7779,15556
10838,17,32,2301,4600
10839,17,17,504,1006
10840,29,38,10170,20338
10841,23,32,2100,4198
10842,29,23,296,590
10843,23,38,8226,16450
10844,17,35,2061,4120
10845,29,32,1519,3036
10846,47,38,3623,7244
10847,17,32,2749,5496
10848,23,41,4809,9616
10849,17,35,4759,9516
10850,23,35,5145,10288
10851,17,38,7434,14866
10852,23,38,3275,6548
10853,23,35,8067,16132
10854,29,38,4916,9830
10855,47,35,1999,3996
10856,23,35,2074,4146
10857,29,32,9324,18646
10858,11,38,5721,11440
10859,23,41,4930,9858
10860,17,38,10594,21186
10861,17,41,3114,6226
10862,17,17,1867,3732
10863,11,26,5920,11838
10864,11,26,3671,7340
10865,23,35,9816,19630
10866,17,38,1753,3504
10867,29,38,4689,9376
10868,17,35,7399,14796
10869,29,38,10011,20020
10870,29,35,6707,13412
10871,35,38,3289,6576
10872,17,35,10067,20132
10873,35,32,10250,20498
10874,17,32,37,72
10875,5,26,1126,2250
10876,17,38,1127,2252
10877,17,41,8635,17268
10878,11,35,10855,21708
10879,35,32,781,1560
10880,17,29,9871,19740
10881,17,35,8258,16514
10882,29,26,1934,3866
10883,11,35,803,1604
10884,5,29,755,1508
10885,23,32,5381,10760
10886,11,29,9280,18558
10887,11,35,3037,6072
10888,17,35,5254,10506
10889,17,20,256,510
10890,23,35,8383,16764
10891,23,35,3177,6352
10892,23,38,4480,8958
10893,11,38,6126,12250
10894,17,38,8972,17942
10895,23,38,8060,16118
10896,11,35,10638,21274
10897,17,38,4981,9960
10898,11,35,5296,10590
10899,11,35,5509,11016
10900,17,32,4071,8140
10901,17,32,2154,4306
10902,11,32,10640,21278
10903,17,32,9418,18834
10904,11,32,5136,10270
10905,11,35,5869,11736
10906,29,32,876,1750
10907,17,29,10661,21320
10908,23,35,7362,14722
10909,29,32,4405,8808
10910,11,29,1694,3386
10911,23,26,5946,11890
10912,5,29,3697,7392
10913,17,35,1381,2760
10914,23,38,8973,17944
10915,17,32,2734,5466
10916,17,35,827,1652
10917,11,35,2122,4242
10918,11,35,9385,18768
10919,5,35,10302,20602
10920,5,35,3344,6686
10921,35,35,1708,3414
10922,17,38,6369,12736
10923,11,32,9456,18910
10924,5,35,710,1418
10925,23,38,6724,13446
10926,23,26,6423,12844
10927,23,35,609,1216
10928,11,32,4561,9120
10929,29,32,7219,14436
10930,11,32,6685,13368
10931,11,38,3539,7076
10932,17,20,8114,16226
10933,23,38,8876,17750
10934,23,38,2360,4718
10935,11,32,4372,8742
10936,17,32,3612,7222
10937,17,35,7179,14356
10938,35,32,3657,7312
10939,17,29,201,400
10940,29,29,1911,3820
10941,11,38,1547,3092
10942,11,32,6748,13494
10943,11,35,8610,17218
10944,17,35,7864,15726
10945,11,32,6117,12232
10946,17,23,9536,19070
10947,11,26,5708,11414
10948,23,38,3168,6334
10949,11,35,8545,17088
10950,23,35,8872,17742
10951,11,29,10790,21578
10952,23,35,3530,7058
10953,17,38,2998,5994
10954,29,29,7670,15338
10955,29,35,4131,8260
10956,11,32,3801,7600
10957,11,32,8523,17044
10958,17,32,10385,20768
10959,17,29,10499,20996
10960,23,38,1151,2300
10961,17,38,412,822
10962,5,35,54,106
10963,23,41,9504,19006
10964,23,5,2740,5478
10965,23,35,9864,19726
10966,17,32,3205,6408
10967,17,38,5026,10050
10968,23,35,5860,11718
10969,17,23,1327,2652
10970,17,29,10767,21532
10971,11,26,9279,18556
10972,17,23,8614,17226
10973,17,38,7346,14690
10974,17,32,10455,20908
10975,29,32,606,1210
10976,11,35,7381,14760
10977,17,38,7001,14000
10978,11,20,9005,18008
10979,29,35,7325,14648
10980,23,26,5554,11106
10981,23,41,8653,17304
10982,17,35,9629,19256
10983,17,29,1234,2466
10984,23,32,306,610
10985,41,29,10954,21906
10986,23,32,8577,17152
10987,23,20,1974,3946
10988,11,23,10173,20344
10989,17,32,872,1742
10990,17,41,4107,8212
10991,29,38,10370,20738
10992,23,32,2849,5696
10993,23,38,9636,19270
10994,17,32,1390,2778
10995,23,32,5267,10532
10996,17,38,5297,10592
10997,17,35,3099,6196
10998,17,29,4822,9642
10999,23,26,10291,20580
11000,23,35,448,894
11001,17,38,7319,14636
11002,29,41,4286,8570
11003,29,35,7342,14682
11004,41,38,9681,19360
11005,23,38,10099,20196
11006,29,35,3188,6374
11007,23,32,6121,12240
11008,23,32,1296,2590
11009,17,38,9363,18724
11010,17,32,2907,5812
11011,11,32,10930,21858
11012,17,26,5829,11656
11013,11,32,7586,15170
11014,17,35,4878,9754
11015,23,38,7539,15076
11016,11,38,6372,12742
11017,23,5,2754,5506
11018,23,35,10197,20392
11019,17,29,7006,14010
11020,17,35,9763,19524
11021,35,32,6515,13028
11022,29,38,644,1286
11023,29,38,8621,17240
11024,17,38,3699,7396
11025,29,35,2516,5030
11026,11,17,6030,12058
11027,35,35,7856,15710
11028,17,32,5959,11916
11029,11,38,5919,11836
11030,29,35,6184,12366
11031,17,38,978,1954
11032,23,32,9916,19830
11033,11,32,10498,20994
11034,23,32,3775,7548
11035,11,35,4959,9916
11036,23,38,7471,14940
11037,17,29,1842,3682
11038,23,29,6456,12910
11039,23,38,9814,19626
11040,17,23,9358,18714
11041,29,35,395,788
11042,17,41,9715,19428
11043,23,38,871,1740
11044,23,23,3925,7848
11045,17,32,8300,16598
11046,17,41,350,698
11047,11,38,1217,2432
11048,23,35,7829,15656
11049,23,38,5204,10406
11050,11,20,3709,7416
11051,35,38,3850,7698
11052,23,35,9272,18542
11053,11,20,8546,17090
11054,17,38,909,1816
11055,35,38,3448,6894
11056,29,35,5124,10246
11057,17,29,5324,10646
11058,17,38,3440,6878
11059,29,35,2810,5618
11060,17,29,10748,21494
11061,17,29,7765,15528
11062,23,32,5687,11372
11063,23,35,2741,5480
11064,17,35,3161,6320
11065,11,32,5180,10358
11066,17,35,304,606
11067,17,38,2082,4162
11068,17,41,2690,5378
11069,17,35,3456,6910
11070,17,32,6490,12978
11071,17,32,10126,20250
11072,23,26,8153,16304
11073,29,38,6371,12740
11074,17,32,1973,3944
11075,17,35,569,1136
11076,17,32,3412,6822
11077,17,32,7651,15300
11078,29,32,3802,7602
11079,11,32,4182,8362
11080,17,38,8833,17664
11081,17,26,670,1338
11082,17,38,4115,8228
11083,29,35,7312,14622
11084,17,35,4852,9702
11085,17,35,596,1190
11086,17,29,6117,12232
11087,23,35,10516,21030
11088,11,41,9820,19638
11089,23,35,8725,17448
11090,11,38,6013,12024
11091,35,29,1114,2226
11092,17,17,3985,7968
11093,17,41,7706,15410
11094,23,26,5699,11396
11095,5,35,5603,11204
11096,17,38,5911,11820
11097,17,38,5168,10334
11098,29,38,10617,21232
11099,29,32,1846,3690
11100,29,32,3408,6814
11101,23,35,9174,18346
11102,17,35,7001,14000
11103,17,32,4472,8942
11104,11,35,2528,5054
11105,17,29,1638,3274
11106,35,32,3951,7900
11107,11,32,8889,17776
11108,17,41,5906,11810
11109,17,35,9216,18430
11110,17,38,3025,6048
11111,17,35,1906,3810
11112,5,26,1928,3854
11113,17,17,3299,6596
11114,17,38,2526,5050
11115,23,35,7107,14212
11116,11,32,9167,18332
11117,23,29,9674,19346
11118,17,35,7152,14302
11119,23,26,8145,16288
11120,17,35,7908,15814
11121,5,38,11017,22032
11122,17,32,2101,4200
11123,5,26,11058,22114
11124,17,41,6473,12944
11125,17,32,4872,9742
11126,17,32,7315,14628
11127,23,26,1804,3606
11128,17,26,4021,8040
11129,17,29,9923,19844
11130,17,29,2966,5930
11131,11,29,1532,3062
11132,17,35,1910,3818
11133,17,32,8289,16576
11134,5,32,2449,4896
11135,17,38,3612,7222
11136,23,38,10536,21070
11137,11,32,3277,6552
11138,5,32,136,270
11139,11,35,1884,3766
11140,23,35,965,1928
11141,17,32,6902,13802
11142,17,35,5024,10046
11143,17,26,1894,3786
11144,29,38,5869,11736
11145,17,32,5916,11830
11146,17,41,5798,11594
11147,11,38,3729,7456
11148,29,38,9239,18476
11149,23,41,8034,16066
11150,23,20,4966,9930
11151,17,35,6840,13678
11152,11,29,3951,7900
11153,11,38,9066,18130
11154,17,35,736,1470
11155,23,38,10649,21296
11156,17,41,11088,22174
11157,17,41,4466,8930
11158,29,23,6494,12986
11159,17,38,9769,19536
11160,23,20,10027,20052
11161,11,35,4241,8480
11162,23,29,7858,15714
11163,11,29,5528,11054
11164,17,41,9969,19936
11165,11,26,1547,3092
11166,35,41,3112,6222
11167,11,41,2570,5138
11168,29,35,10937,21872
11169,23,35,5926,11850
11170,29,41,6396,12790
11171,23,35,815,1628
11172,11,35,8255,16508
11173,11,32,2089,4176
11174,17,35,504,1006
11175,17,35,4569,9136
11176,47,38,6644,13286
11177,23,26,3601,7200
11178,23,29,3502,7002
11179,29,35,1027,2052
11180,5,32,1990,3978
11181,11,29,1320,2638
11182,29,20,9522,19042
11183,17,38,3564,7126
11184,11,35,8002,16002
11185,23,38,2120,4238
11186,11,38,844,1686
11187,23,38,10918,21834
11188,17,38,2713,5424
11189,23,32,2386,4770
11190,23,35,3870,7738
11191,17,38,5073,10144
11192,23,35,10337,20672
11193,17,32,1524,3046
11194,23,35,5234,10466
11195,17,41,2940,5878
11196,17,35,9164,18326
11197,23,29,4822,9642
11198,11,35,1386,2770
11199,17,32,10407,20812
11200,23,41,9020,18038
11201,29,35,6522,13042
11202,11,29,6881,13760
11203,29,38,4401,8800
11204,17,35,8543,17084
11205,11,38,6853,13704
11206,17,38,3667,7332
11207,11,29,9008,18014
11208,17,29,7562,15122
11209,11,35,762,1522
11210,17,35,7079,14156
11211,17,38,11098,22194
11212,29,35,4917,9832
11213,23,35,9972,19942
11214,23,38,5890,11778
11215,23,29,2552,5102
11216,17,26,371,740
11217,23,38,1551,3100
11218,29,35,3518,7034
11219,17,26,4535,9068
11220,11,35,1803,3604
11221,23,32,4640,9278
11222,17,35,9696,19390
11223,5,38,11198,22394
11224,23,32,2241,4480
11225,29,38,10958,21914
11226,5,32,287,572
11227,17,38,10952,21902
11228,11,41,3749,7496
11229,23,29,10474,20946
11230,17,32,2417,4832
11231,17,35,7489,14976
11232,11,35,9331,18660
11233,23,35,4506,9010
11234,11,38,9507,19012
11235,23,32,4612,9222
11236,17,41,8135,16268
11237,17,35,5496,10990
11238,5,38,4,6
11239,17,35,8367,16732
11240,11,35,1599,3196
11241,11,38,2622,5242
11242,29,35,595,1188
11243,29,41,589,1176
11244,11,29,2757,5512
11245,23,41,6610,13218
11246,23,32,2563,5124
11247,41,41,3449,6896
11248,23,29,3635,7268
11249,17,32,6004,12006
11250,29,32,9695,19388
11251,23,38,4753,9504
11252,5,32,8475,16948
11253,11,41,2477,4952
11254,23,38,7238,14474
11255,17,32,8063,16124
11256,23,23,10419,20836
11257,29,29,6212,12422
11258,11,26,4860,9718
11259,17,32,1919,3836
11260,11,29,8720,17438
11261,11,41,1616,3230
11262,23,38,3985,7968
11263,23,32,1280,2558
11264,23,35,3122,6242
11265,11,32,3042,6082
11266,23,41,1243,2484
11267,23,41,8329,16656
11268,29,41,2780,5558
11269,17,32,4232,8462
11270,17,35,6749,13496
11271,11,29,4104,8206
11272,35,38,5852,11702
11273,23,41,9687,19372
11274,17,41,2969,5936
11275,11,35,601,1200
11276,23,29,693,1384
11277,29,32,8838,17674
11278,17,35,1235,2468
11279,29,29,2719,5436
11280,29,35,7356,14710
11281,11,38,128,254
11282,17,38,704,1406
11283,11,32,9427,18852
11284,11,26,6941,13880
11285,23,35,8814,17626
11286,11,29,5367,10732
11287,23,38,10597,21192
11288,17,35,9559,19116
11289,23,41,4546,9090
11290,23,41,2819,5636
11291,23,38,3504,7006
11292,17,38,3427,6852
11293,17,38,8744,17486
11294,17,38,11043,22084
11295,23,35,1983,3964
11296,17,29,5351,10700
11297,17,41,3736,7470
11298,17,41,2291,4580
11299,17,32,3205,6408
11300,23,26,6026,12050
11301,23,41,5308,10614
11302,11,38,3910,7818
11303,23,35,9633,19264
11304,23,35,7044,14086
11305,17,35,3899,7796
11306,23,35,2435,4868
11307,11,38,4873,9744
11308,23,35,411,820
11309,23,29,4605,9208
11310,23,32,10245,20488
11311,17,32,10433,20864
11312,23,32,5915,11828
11313,23,32,6920,13838
11314,17,32,303,604
11315,29,17,1589,3176
11316,17,35,6091,12180
11317,11,29,9735,19468
11318,17,38,7208,14414
11319,17,35,4225,8448
11320,23,35,10721,21440
11321,35,41,2525,5048
11322,29,29,6180,12358
11323,11,32,11083,22164
11324,23,35,4065,8128
11325,23,38,8905,17808
11326,17,32,545,1088
11327,35,35,9698,19394
11328,17,29,1272,2542
11329,23,35,10386,20770
11330,17,35,7824,15646
11331,23,26,5998,11994
11332,17,20,4336,8670
11333,23,38,5211,10420
11334,11,35,3134,6266
11335,11,29,6697,13392
11336,17,41,7300,14598
11337,11,41,5252,10502
11338,11,32,10813,21624
11339,17,38,4209,8416
11340,11,35,1031,2060
11341,17,38,3339,6676
11342,17,35,3663,7324
11343,17,35,283,564
11344,17,32,8280,16558
11345,29,35,1951,3900
11346,11,17,10814,21626
11347,11,32,4116,8230
11348,17,32,692,1382
11349,11,38,8488,16974
11350,11,35,9152,18302
11351,11,32,10325,20648
11352,35,32,8042,16082
11353,11,26,4234,8466
11354,11,32,1190,2378
11355,23,32,10628,21254
11356,11,35,9857,19712
11357,17,32,9943,19884
11358,23,38,8362,16722
11359,11,38,136,270
11360,29,38,5959,11916
11361,23,35,8855,17708
11362,17,38,3926,7850
11363,17,35,4717,9432
11364,29,35,3997,7992
11365,23,32,1625,3248
11366,23,32,4378,8754
11367,29,38,5532,11062
11368,23,35,9178,18354
11369,17,32,1547,3092
11370,23,35,6719,13436
11371,29,38,7180,14358
11372,17,32,9166,18330
11373,17,32,10691,21380
11374,17,35,7188,14374
11375,17,35,2706,5410
11376,17,41,10806,21610
11377,5,38,10923,21844
11378,11,29,1721,3440
11379,11,35,5164,10326
11380,17,35,2424,4846
11381,23,41,865,1728
11382,17,41,1860,3718
11383,17,32,4974,9946
11384,35,35,4305,8608
11385,29,35,4777,9552
11386,29,38,4576,9150
11387,17,29,699,1396
11388,17,23,2888,5774
11389,17,29,10867,21732
11390,23,35,1993,3984
11391,11,29,9377,18752
11392,23,32,5190,10378
11393,29,38,10101,20200
11394,23,32,3986,7970
11395,23,32,3466,6930
11396,23,23,2181,4360
11397,29,17,534,1066
11398,11,38,5582,11162
11399,23,35,10256,20510
11400,17,38,254,506
11401,29,32,5850,11698
11402,29,29,3974,7946
11403,11,35,2191,4380
11404,17,35,7529,15056
11405,17,32,9629,19256
11406,29,35,5682,11362
11407,23,41,322,642
11408,35,38,493,984
11409,17,35,1266,2530
11410,23,32,9990,19978
11411,17,29,2707,5412
11412,17,26,5327,10652
11413,11,32,1788,3574
11414,17,38,7009,14016
11415,17,20,89,176
11416,23,32,708,1414
11417,35,41,10488,20974
11418,11,35,8922,17842
11419,23,32,9830,19658
11420,23,41,10458,20914
11421,23,38,8709,17416
11422,11,35,3778,7554
11423,23,38,6658,13314
11424,17,29,966,1930
11425,17,35,11339,22676
11426,23,26,4396,8790
11427,11,35,11179,22356
11428,23,32,10363,20724
11429,11,35,723,1444
11430,17,38,525,1048
11431,23,32,5676,11350
11432,23,35,2211,4420
11433,11,35,11029,22056
11434,17,32,5655,11308
11435,17,35,3397,6792
11436,29,35,2390,4778
11437,17,32,6449,12896
11438,5,38,4169,8336
11439,23,35,10441,20880
11440,23,38,6092,12182
11441,17,20,3128,6254
11442,11,23,7998,15994
11443,17,35,1499,2996
11444,11,38,1886,3770
11445,17,38,2576,5150
11446,29,38,6338,12674
11447,23,38,182,362
11448,17,38,7821,15640
11449,11,38,5656,11310
11450,23,35,5845,11688
11451,17,32,4533,9064
11452,23,41,10826,21650
11453,17,32,3930,7858
11454,5,29,2761,5520
11455,11,32,3808,7614
11456,11,35,444,886
11457,23,41,4888,9774
11458,23,38,658,1314
11459,17,38,3923,7844
11460,35,38,3420,6838
11461,11,32,8399,16796
11462,11,41,179,356
11463,23,32,6519,13036
11464,23,35,6158,12314
11465,17,32,11235,22468
11466,17,38,8917,17832
11467,23,38,1644,3286
11468,23,29,2901,5800
11469,35,35,6057,12112
11470,29,38,3977,7952
11471,23,32,1316,2630
11472,29,41,1911,3820
11473,11,41,7332,14662
11474,23,38,9336,18670
11475,23,38,4631,9260
11476,35,32,1125,2248
11477,23,41,11213,22424
11478,23,26,7465,14928
11479,29,41,1535,3068
11480,23,38,7503,15004
11481,23,35,2194,4386
11482,17,32,7022,14042
11483,11,38,4960,9918
11484,11,29,10305,20608
11485,17,41,5425,10848
11486,17,35,6778,13554
11487,11,35,10817,21632
11488,17,35,6957,13912
11489,23,38,10836,21670
11490,23,29,2320,4638
11491,23,26,6935,13868
11492,29,41,7960,15918
11493,23,35,6181,12360
11494,11,35,4340,8678
11495,23,20,9251,18500
11496,23,35,3459,6916
11497,17,35,5791,11580
11498,23,32,10819,21636
11499,11,35,3870,7738
11500,17,38,11106,22210
11501,17,41,7788,15574
11502,17,35,1085,2168
11503,17,38,9188,18374
11504,17,32,8634,17266
11505,23,38,5350,10698
11506,23,38,10881,21760
11507,17,32,3601,7200
11508,11,35,10503,21004
11509,41,35,11130,22258
11510,11,35,8309,16616
11511,11,35,3926,7850
11512,23,38,7041,14080
11513,23,41,9331,18660
11514,11,32,1185,2368
11515,11,35,514,1026
11516,23,38,7263,14524
11517,17,35,8955,17908
11518,11,38,2529,5056
11519,17,35,723,1444
11520,23,35,3080,6158
11521,29,41,2736,5470
11522,5,35,367,732
11523,17,38,8830,17658
11524,23,35,2242,4482
11525,29,41,3601,7200
11526,23,23,5267,10532
11527,23,35,8005,16008
11528,29,35,2147,4292
11529,11,29,2443,4884
11530,17,35,11111,22220
11531,29,35,5250,10498
11532,17,32,10964,21926
11533,35,26,5699,11396
11534,17,29,3525,7048
11535,11,26,8900,17798
11536,17,35,3979,7956
11537,23,38,11107,22212
11538,17,35,4678,9354
11539,17,35,6853,13704
11540,5,35,299,596
11541,29,35,9752,19502
11542,11,35,2622,5242
11543,23,41,8880,17758
11544,17,41,6560,13118
11545,17,29,3686,7370
11546,17,35,8302,16602
11547,17,35,4901,9800
11548,11,20,7308,14614
11549,23,38,8592,17182
11550,17,32,7065,14128
11551,23,38,7300,14598
11552,17,32,2306,4610
11553,11,29,5608,11214
11554,29,32,10025,20048
11555,23,29,3397,6792
11556,17,38,4080,8158
11557,17,38,9055,18108
11558,29,38,3217,6432
11559,23,26,4132,8262
11560,29,35,2236,4470
11561,29,32,2207,4412
11562,23,32,5289,10576
11563,17,29,913,1824
11564,5,35,2695,5388
11565,11,38,7008,14014
11566,29,35,8575,17148
11567,17,41,8601,17200
11568,23,38,10987,21972
11569,23,41,4548,9094
11570,17,41,11200,22398
11571,11,23,11436,22870
11572,23,41,9732,19462
11573,17,32,9081,18160
11574,23,26,7076,14150
11575,17,41,9695,19388
11576,11,26,1289,2576
11577,23,32,8879,17756
11578,23,38,6895,13788
11579,17,38,10852,21702
11580,5,35,11509,23016
11581,11,35,6533,13064
11582,11,32,6779,13556
11583,11,35,2655,5308
11584,17,38,2979,5956
11585,29,41,1959,3916
11586,17,35,9479,18956
11587,17,14,5431,10860
11588,11,38,329,656
11589,35,32,2924,5846
11590,17,35,7399,14796
11591,11,29,2137,4272
11592,11,26,7585,15168
11593,11,35,612,1222
11594,11,26,3100,6198
11595,23,38,9671,19340
11596,29,38,9156,18310
11597,11,26,7359,14716
11598,17,20,2444,4886
11599,11,17,182,362
11600,23,38,5988,11974
11601,17,35,9972,19942
11602,23,26,4373,8744
11603,11,35,6359,12716
11604,23,41,3769,7536
11605,11,38,4474,8946
11606,35,35,1004,2006
11607,23,29,848,1694
11608,23,32,4718,9434
11609,35,32,7543,15084
11610,17,23,2312,4622
11611,17,38,3275,6548
11612,17,32,7161,14320
11613,17,41,3483,6964
11614,23,35,284,566
11615,29,38,5207,10412
11616,11,35,2866,5730
11617,23,35,3968,7934
11618,23,35,1914,3826
11619,17,38,4525,9048
11620,11,29,9248,18494
11621,11,32,5248,10494
11622,35,32,5237,10472
11623,17,35,9498,18994
11624,29,38,3165,6328
11625,17,41,680,1358
11626,35,35,7173,14344
11627,23,23,5949,11896
11628,23,32,10167,20332
11629,11,38,9362,18722
11630,11,41,3030,6058
11631,17,38,401,800
11632,17,35,5715,11428
11633,23,41,9286,18570
11634,17,35,8712,17422
11635,23,41,405,808
11636,23,35,3190,6378
11637,17,29,828,1654
11638,17,38,934,1866
11639,29,29,10740,21478
11640,23,32,9712,19422
11641,23,32,2392,4782
11642,17,38,4819,9636
11643,29,35,87,172
11644,23,32,7794,15586
11645,17,38,10481,20960
11646,17,35,1833,3664
11647,47,38,7315,14628
11648,17,38,1193,2384
11649,23,35,2829,5656
11650,11,35,2577,5152
11651,29,38,2345,4688
11652,17,38,1335,2668
11653,23,38,3420,6838
11654,29,41,10048,20094
11655,11,41,4130,8258
11656,17,38,58,114
11657,23,35,1972,3942
11658,23,35,7709,15416
11659,23,38,10348,20694
11660,23,38,7336,14670
11661,23,29,831,1660
11662,11,23,2232,4462
11663,11,41,3567,7132
11664,11,38,10315,20628
11665,17,35,3665,7328
11666,23,41,5393,10784
11667,23,35,7540,15078
11668,23,35,2754,5506
11669,11,35,8430,16858
11670,23,29,1424,2846
11671,23,35,1017,2032
11672,11,29,8921,17840
11673,17,41,10635,21268
11674,23,26,10511,21020
11675,17,38,7361,14720
11676,35,41,2916,5830
11677,23,23,7983,15964
11678,23,32,3598,7194
11679,29,32,927,1852
11680,17,32,997,1992
11681,23,35,2221,4440
11682,23,38,5673,11344
11683,11,38,2816,5630
11684,23,38,4151,8300
11685,23,26,8238,16474
11686,11,35,2861,5720
11687,23,38,10818,21634
11688,11,32,5827,11652
11689,23,38,608,1214
11690,35,29,9099,18196
11691,17,35,184,366
11692,29,29,6359,12716
11693,5,29,7545,15088
11694,29,32,7062,14122
11695,17,35,2721,5440
11696,23,32,7212,14422
11697,5,35,1189,2376
11698,41,32,5226,10450
11699,11,38,11389,22776
11700,11,41,858,1714
11701,23,38,8700,17398
11702,17,35,7025,14048
11703,17,35,8648,17294
11704,17,35,2870,5738
11705,29,38,4548,9094
11706,17,41,1091,2180
11707,5,32,4783,9564
11708,23,35,4541,9080
11709,11,32,2029,4056
11710,23,38,4215,8428
11711,29,23,7549,15096
11712,10,41,11713,23424
11713,11,41,8396,16790
11714,35,32,10176,20350
11715,11,35,11202,22402
11716,29,38,3062,6122
11717,23,38,8374,16746
11718,23,38,4335,8668
11719,35,32,5488,10974
11720,17,38,118,234
11721,17,38,4410,8818
11722,17,38,8052,16102
11723,17,23,6274,12546
11724,35,23,1602,3202
11725,17,20,3756,7510
11726,17,38,11192,22382
11727,17,38,4748,9494
11728,23,41,7781,15560
11729,17,38,9534,19066
11730,5,29,237,472
11731,29,41,8609,17216
11732,35,35,9247,18492
11733,35,38,743,1484
11734,17,32,6972,13942
11735,17,35,2335,4668
11736,35,38,7682,15362
11737,11,35,10501,21000
11738,23,35,5568,11134
11739,11,35,3969,7936
11740,11,29,10421,20840
11741,23,35,11675,23348
11742,35,35,9309,18616
11743,29,38,873,1744
11744,35,32,3021,6040
11745,23,38,5688,11374
11746,17,32,9342,18682
11747,23,38,422,842
11748,17,41,11625,23248
11749,17,35,10358,20714
11750,17,38,4232,8462
11751,11,35,10307,20612
11752,23,35,2728,5454
11753,17,32,532,1062
11754,17,38,11489,22976
11755,17,38,8055,16108
11756,23,32,8833,17664
11757,11,23,8496,16990
11758,11,29,7888,15774
11759,23,38,8872,17742
11760,23,41,9864,19726
11761,17,38,9422,18842
11762,17,35,10209,20416
11763,17,14,6984,13966
11764,23,23,5193,10384
11765,17,35,10745,21488
11766,23,38,10194,20386
11767,23,32,9279,18556
11768,17,32,3465,6928
11769,17,26,11288,22574
11770,17,35,3646,7290
11771,35,35,9355,18708
11772,17,26,9037,18072
11773,17,35,8293,16584
11774,23,38,4103,8204
11775,17,26,2186,4370
11776,17,41,3516,7030
11777,17,35,10268,20534
11778,17,35,4867,9732
11779,23,38,605,1208
11780,17,38,7907,15812
11781,17,35,9804,19606
11782,29,35,352,702
11783,17,32,9143,18284
11784,17,32,2904,5806
11785,29,17,8287,16572
11786,23,38,3031,6060
11787,23,29,3212,6422
11788,17,32,10355,20708
11789,11,35,2945,5888
11790,17,35,848,1694
11791,23,38,10406,20810
11792,23,41,10410,20818
11793,23,29,6853,13704
11794,23,38,2325,4648
11795,11,32,904,1806
11796,23,35,7655,15308
11797,23,41,1548,3094
11798,17,35,5497,10992
11799,23,32,294,586
11800,11,35,5839,11676
11801,29,26,2374,4746
11802,17,38,1603,3204
11803,23,29,9371,18740
11804,17,29,3308,6614
11805,11,38,2793,5584
11806,17,38,6311,12620
11807,11,17,2399,4796
11808,11,38,5412,10822
11809,11,32,10996,21990
11810,11,35,6196,12390
11811,17,35,568,1134
11812,17,41,541,1080
11813,23,35,361,720
11814,11,26,3205,6408
11815,11,35,4548,9094
11816,23,32,6280,12558
11817,17,38,4619,9236
11818,17,32,4748,9494
11819,23,41,6342,12682
11820,17,35,66,130
11821,11,35,8297,16592
11822,23,38,4835,9668
11823,35,41,4566,9130
11824,29,32,3412,6822
11825,17,38,9014,18026
11826,23,41,3867,7732
11827,23,29,1394,2786
11828,23,35,5517,11032
11829,17,35,8233,16464
11830,23,38,102,202
11831,17,35,7507,15012
11832,29,35,6778,13554
11833,29,41,8255,16508
11834,11,35,11612,23222
11835,35,32,1623,3244
11836,5,26,10426,20850
11837,29,41,10372,20742
11838,11,41,8459,16916
11839,23,35,4651,9300
11840,23,38,724,1446
11841,23,32,8876,17750
11842,41,32,3394,6786
11843,11,38,7418,14834
11844,17,38,5286,10570
11845,23,32,10591,21180
11846,29,35,7996,15990
11847,23,35,8095,16188
11848,23,41,7988,15974
11849,23,32,7319,14636
11850,17,26,11038,22074
11851,17,41,2105,4208
11852,17,38,8444,16886
11853,17,41,2371,4740
11854,23,32,5317,10632
11855,23,41,6092,12182
11856,23,32,7056,14110
11857,17,38,3459,6916
11858,23,41,6947,13892
11859,11,38,8070,16138
11860,23,38,7916,15830
11861,17,23,9962,19922
11862,35,38,7707,15412
11863,17,32,480,958
11864,5,29,2302,4602
11865,11,35,118,234
11866,29,38,7567,15132
11867,17,38,2327,4652
11868,23,38,1803,3604
11869,23,35,3874,7746
11870,23,32,3540,7078
11871,29,23,1160,2318
11872,17,26,11106,22210
11873,23,35,8698,17394
11874,17,26,1041,2080
11875,35,35,6775,13548
11876,23,41,8250,16498
11877,23,38,4438,8874
11878,17,38,7201,14400
11879,17,35,5303,10604
11880,29,35,8865,17728
11881,29,32,3845,7688
11882,23,32,9195,18388
11883,11,38,10825,21648
11884,29,41,2543,5084
11885,29,38,6132,12262
11886,11,35,577,1152
11887,11,38,7289,14576
11888,23,38,727,1452
11889,23,38,10035,20068
11890,5,29,10950,21898
11891,17,38,1879,3756
11892,17,29,127,252
11893,23,23,5901,11800
11894,23,41,10587,21172
11895,17,41,774,1546
11896,23,32,8405,16808
11897,35,41,8106,16210
11898,17,38,6586,13170
11899,11,38,5425,10848
11900,23,35,4355,8708
11901,23,26,11275,22548
11902,29,23,8228,16454
11903,35,38,3629,7256
11904,23,38,3559,7116
11905,17,38,8378,16754
11906,11,35,11682,23362
11907,23,38,5953,11904
11908,11,38,3630,7258
11909,11,23,698,1394
11910,11,41,8824,17646
11911,17,38,1976,3950
11912,23,35,1492,2982
11913,23,35,3342,6682
11914,17,38,8157,16312
11915,23,38,7247,14492
11916,17,35,228,454
11917,23,35,4715,9428
11918,35,32,9374,18746
11919,11,35,8528,17054
11920,11,38,3770,7538
11921,11,29,662,1322
11922,17,26,3749,7496
11923,17,32,3438,6874
11924,35,38,7927,15852
11925,29,38,8362,16722
11926,17,35,3804,7606
11927,17,26,10412,20822
11928,23,38,4451,8900
11929,29,35,8617,17232
11930,17,32,413,824
11931,11,32,250,498
11932,11,35,11563,23124
11933,23,38,6728,13454
11934,11,32,2313,4624
11935,23,41,6900,13798
11936,17,41,7246,14490
11937,23,32,11313,22624
11938,17,38,7631,15260
11939,5,35,910,1818
11940,11,41,5111,10220
11941,11,23,233,464
11942,23,38,10022,20042
11943,17,35,1385,2768
11944,11,38,4419,8836
11945,29,32,10236,20470
11946,23,38,11569,23136
11947,23,38,2687,5372
11948,11,35,10725,21448
11949,35,38,286,570
11950,23,29,4888,9774
11951,17,35,5510,11018
11952,17,35,3836,7670
11953,23,26,210,418
11954,17,26,6046,12090
11955,23,41,4567,9132
11956,11,29,8160,16318
11957,23,35,10390,20778
11958,23,35,7732,15462
11959,29,35,4207,8412
11960,23,41,11043,22084
11961,29,26,1751,3500
11962,11,32,3019,6036
11963,17,26,11146,22290
11964,11,41,101,200
11965,17,38,7318,14634
11966,23,32,5509,11016
11967,23,38,8034,16066
11968,5,23,1727,3452
11969,23,41,5417,10832
11970,17,35,1067,2132
11971,17,41,2822,5642
11972,11,35,3673,7344
11973,29,41,7471,14940
11974,11,38,1778,3554
11975,29,38,9822,19642
11976,17,35,2218,4434
11977,35,29,8222,16442
11978,17,35,9080,18158
11979,17,29,6329,12656
11980,35,35,3775,7548
11981,23,32,1772,3542
11982,17,38,4324,8646
11983,17,32,1327,2652
11984,17,29,10731,21460
11985,11,32,10809,21616
11986,17,35,6574,13146
11987,17,32,4126,8250
11988,23,38,296,590
11989,23,35,10102,20202
11990,11,38,11266,22530
11991,17,38,5198,10394
11992,29,32,2113,4224
11993,11,35,5314,10626
11994,17,38,1462,2922
11995,23,38,5097,10192
11996,11,29,10111,20220
11997,23,32,3650,7298
11998,17,35,8837,17672
11999,23,23,4921,9840
12000,17,35,389,776
12001,23,32,9414,18826
12002,23,41,5153,10304
12003,17,35,2177,4352
12004,23,26,6400,12798
12005,5,32,7333,14664
12006,17,41,10350,20698
12007,17,41,10060,20118
12008,17,35,4734,9466
12009,17,32,2903,5804
12010,11,35,6258,12514
12011,23,35,8366,16730
12012,23,32,2679,5356
12013,29,32,8370,16738
12014,17,14,7133,14264
12015,17,29,7378,14754
12016,23,35,4908,9814
12017,23,38,10035,20068
12018,11,26,2791,5580
12019,17,35,917,1832
12020,17,29,7078,14154
12021,17,29,4332,8662
12022,35,29,2524,5046
12023,11,35,9265,18528
12024,17,35,9978,19954
12025,23,41,1819,3636
12026,23,29,5578,11154
12027,17,35,1201,2400
12028,17,41,5764,11526
12029,29,35,1682,3362
12030,23,35,7981,15960
12031,23,14,4137,8272
12032,17,35,1806,3610
12033,17,17,1693,3384
12034,23,38,4349,8696
12035,5,35,3434,6866
12036,11,35,9675,19348
12037,17,32,1017,2032
12038,17,32,2754,5506
12039,29,35,7558,15114
12040,23,35,832,1662
12041,17,35,7450,14898
12042,23,35,11174,22346
12043,17,41,3554,7106
12044,11,29,2951,5900
12045,11,35,25,48
12046,23,38,4388,8774
12047,17,41,4129,8256
12048,23,35,1767,3532
12049,17,35,4832,9662
12050,17,29,7614,15226
12051,11,38,113,224
12052,11,32,10197,20392
12053,29,23,2118,4234
12054,17,35,8844,17686
12055,29,35,5649,11296
12056,23,32,8129,16256
12057,17,41,7818,15634
12058,17,23,9843,19684
12059,23,26,7843,15684
12060,11,29,4721,9440
12061,17,32,5459,10916
12062,11,38,8701,17400
12063,23,32,8299,16596
12064,23,35,1405,2808
12065,11,32,6899,13796
12066,17,35,2587,5172
12067,17,35,7232,14462
12068,17,38,9694,19386
12069,29,35,6085,12168
12070,29,38,5782,11562
12071,29,35,4057,8112
12072,29,38,11425,22848
12073,23,38,5448,10894
12074,5,35,2,2
12075,23,38,4352,8702
12076,23,35,2725,5448
12077,17,26,7099,14196
12078,17,35,2674,5346
12079,11,29,4798,9594
12080,17,41,55,108
12081,23,41,7246,14490
12082,23,29,3386,6770
12083,17,38,6951,13900
12084,17,35,2456,4910
12085,17,23,4766,9530
12086,17,35,815,1628
12087,17,35,6919,13836
12088,29,38,9893,19784
12089,23,35,3243,6484
12090,17,23,9587,19172
12091,17,35,5399,10796
12092,35,41,2942,5882
12093,23,38,4956,9910
12094,5,35,90,178
12095,17,41,3050,6098
12096,23,35,5756,11510
12097,23,38,3743,7484
12098,23,29,9180,18358
12099,29,38,9670,19338
12100,23,35,7127,14252
12101,29,41,1482,2962
12102,23,38,6888,13774
12103,23,20,5766,11530
12104,23,41,11749,23496
12105,23,41,8067,16132
12106,29,35,1780,3558
12107,35,29,8572,17142
12108,17,32,1068,2134
12109,17,35,275,548
12110,29,35,10995,21988
12111,23,38,4673,9344
12112,17,14,11735,23468
12113,17,32,124,246
12114,35,38,9394,18786
12115,29,29,6141,12280
12116,35,38,1352,2702
12117,11,32,10987,21972
12118,11,35,1286,2570
12119,17,20,4640,9278
12120,17,35,5601,11200
12121,17,32,6016,12030
12122,11,38,2323,4644
12123,17,17,7767,15532
12124,17,41,6921,13840
12125,11,35,2079,4156
12126,11,38,9389,18776
12127,23,38,4661,9320
12128,17,38,7582,15162
12129,17,38,8672,17342
12130,23,17,10045,20088
12131,17,38,3229,6456
12132,17,35,3118,6234
12133,17,38,7220,14438
12134,11,32,1960,3918
12135,17,38,4724,9446
12136,17,35,10092,20182
12137,11,26,3673,7344
12138,23,38,11544,23086
12139,11,23,7539,15076
12140,17,26,8653,17304
12141,29,38,11968,23934
12142,29,35,767,1532
12143,29,35,7419,14836
12144,17,38,538,1074
12145,23,35,8173,16344
12146,11,32,907,1812
12147,17,41,7718,15434
12148,23,35,8835,17668
12149,11,29,5327,10652
12150,23,35,9454,18906
12151,23,32,2474,4946
12152,17,35,9763,19524
12153,29,29,4522,9042
12154,23,38,5114,10226
12155,11,38,4845,9688
12156,17,26,1733,3464
12157,11,35,6870,13738
12158,11,32,3794,7586
12159,23,32,743,1484
12160,23,38,9136,18270
12161,11,35,323,644
12162,17,35,543,1084
12163,5,32,7344,14686
12164,17,32,9770,19538
12165,17,35,1137,2272
12166,23,35,7374,14746
12167,11,41,2370,4738
12168,17,35,6406,12810
12169,17,38,10031,20060
12170,35,35,9244,18486
12171,29,32,3821,7640
12172,23,41,2890,5778
12173,17,32,1123,2244
12174,11,35,11107,22212
12175,17,35,5491,10980
12176,29,35,2982,5962
12177,17,41,9599,19196
12178,29,23,5184,10366
12179,17,35,11606,23210
12180,17,32,5894,11786
12181,17,35,7347,14692
12182,17,38,11485,22968
12183,23,38,4037,8072
12184,17,35,10396,20790
12185,11,35,4590,9178
12186,17,38,5886,11770
12187,29,20,6758,13514
12188,29,38,1336,2670
12189,11,35,7572,15142
12190,23,32,8588,17174
12191,17,32,1291,2580
12192,17,41,7494,14986
12193,29,29,7751,15500
12194,23,35,6059,12116
12195,23,29,5633,11264
12196,11,35,4872,9742
12197,23,26,1453,2904
12198,17,32,242,482
12199,17,38,8406,16810
12200,17,38,299,596
12201,17,32,7048,14094
12202,17,35,902,1802
12203,11,38,5155,10308
12204,23,38,7786,15570
12205,35,38,2888,5774
12206,11,35,9855,19708
12207,17,32,11904,23806
12208,17,35,3854,7706
12209,17,38,9048,18094
12210,29,32,5073,10144
12211,17,35,11607,23212
12212,29,35,2024,4046
12213,17,29,10865,21728
12214,17,32,9357,18712
12215,29,38,5969,11936
12216,23,38,1284,2566
12217,17,38,11894,23786
12218,5,35,11893,23784
12219,17,32,10674,21346
12220,29,38,1582,3162
12221,17,32,4111,8220
12222,23,41,5281,10560
12223,11,35,10359,20716
12224,17,32,4434,8866
12225,23,32,65,128
12226,23,38,3693,7384
12227,23,38,9656,19310
12228,23,32,11268,22534
12229,17,38,9269,18536
12230,23,32,4603,9204
12231,17,35,4273,8544
12232,17,26,4466,8930
12233,29,41,373,744
12234,11,41,7379,14756
12235,17,35,121,240
12236,29,35,3999,7996
12237,23,38,6682,13362
12238,17,32,1619,3236
12239,11,35,9871,19740
12240,11,38,10989,21976
12241,23,41,4048,8094
12242,17,35,2076,4150
12243,17,38,9316,18630
12244,17,29,7018,14034
12245,17,38,10642,21282
12246,23,35,3528,7054
12247,29,35,4745,9488
12248,17,38,10967,21932
12249,29,38,9945,19888
12250,29,41,797,1592
12251,17,35,5531,11060
12252,17,26,120,238
12253,23,41,5334,10666
12254,29,32,1478,2954
12255,17,32,10394,20786
12256,11,32,7102,14202
12257,17,41,766,1530
12258,17,38,8911,17820
12259,29,38,7936,15870
12260,17,20,7757,15512
12261,17,41,8962,17922
12262,41,38,10150,20298
12263,11,29,3220,6438
12264,23,41,5982,11962
12265,23,35,5589,11176
12266,29,38,6209,12416
12267,17,29,1784,3566
12268,17,32,9903,19804
12269,23,38,9072,18142
12270,23,35,9458,18914
12271,23,41,3751,7500
12272,11,20,288,574
12273,29,38,8793,17584
12274,11,32,5266,10530
12275,5,32,9837,19672
12276,11,32,2152,4302
12277,11,38,12001,24000
12278,17,29,1259,2516
12279,23,35,11822,23642
12280,17,41,9042,18082
12281,29,35,5771,11540
12282,23,29,5191,10380
12283,11,35,3590,7178
12284,11,32,77,152
12285,29,35,5265,10528
12286,23,41,8246,16490
12287,23,32,7219,14436
12288,23,35,3322,6642
12289,11,32,10351,20700
12290,23,38,2876,5750
12291,11,35,1347,2692
12292,23,38,1211,2420
12293,23,41,8934,17866
12294,23,29,203,404
12295,17,41,795,1588
12296,35,38,9335,18668
12297,11,38,8231,16460
12298,17,32,12087,24172
12299,35,38,2247,4492
12300,29,35,3373,6744
12301,29,41,1041,2080
12302,23,38,9937,19872
12303,17,35,1138,2274
12304,23,35,9278,18554
12305,17,35,933,1864
12306,23,38,834,1666
12307,23,41,6358,12714
12308,29,35,7846,15690
12309,17,32,10477,20952
12310,17,29,8355,16708
12311,23,35,3586,7170
12312,5,23,721,1440
12313,41,38,3842,7682
12314,11,35,5876,11750
12315,23,32,11383,22764
12316,29,32,3194,6386
12317,17,32,643,1284
12318,23,35,9712,19422
12319,17,32,5587,11172
12320,23,38,8044,16086
12321,23,35,1621,3240
12322,11,23,11215,22428
12323,17,38,11924,23846
12324,23,32,8599,17196
12325,17,35,467,932
12326,23,41,8949,17896
12327,17,29,3912,7822
12328,29,41,6909,13816
12329,17,35,3403,6804
12330,17,29,7092,14182
12331,17,14,9635,19268
12332,17,41,8724,17446
12333,29,38,5419,10836
12334,17,38,9454,18906
12335,11,41,2872,5742
12336,17,41,8781,17560
12337,23,29,5987,11972
12338,23,41,3207,6412
12339,17,35,5625,11248
12340,11,38,896,1790
12341,17,32,5790,11578
12342,11,35,3592,7182
12343,23,41,3434,6866
12344,23,20,3374,6746
12345,23,41,9469,18936
12346,17,26,5040,10078
12347,23,38,2968,5934
12348,17,35,2825,5648
12349,29,38,10735,21468
12350,29,38,1958,3914
12351,17,35,118,234
12352,23,38,11859,23716
12353,11,41,1531,3060
12354,23,38,1636,3270
12355,11,29,3895,7788
12356,17,32,11301,22600
12357,23,38,3507,7012
12358,35,41,7944,15886
12359,11,35,7559,15116
12360,17,35,462,922
12361,23,38,110,218
12362,11,38,9626,19250
12363,17,41,8892,17782
12364,23,26,8186,16370
12365,23,32,3434,6866
12366,17,32,1708,3414
12367,11,38,2336,4670
12368,11,32,2783,5564
12369,23,35,12131,24260
12370,23,35,7945,15888
12371,11,35,5385,10768
12372,23,38,2124,4246
12373,17,35,11493,22984
12374,17,35,8564,17126
12375,29,38,6536,13070
12376,17,35,12259,24516
12377,23,35,2491,4980
12378,29,38,2989,5976
12379,17,35,11639,23276
12380,17,35,1852,3702
12381,17,41,1809,3616
12382,17,38,11314,22626
12383,11,29,7461,14920
12384,23,38,624,1246
12385,11,32,260,518
12386,23,38,9061,18120
12387,11,32,8426,16850
12388,29,41,5122,10242
12389,17,32,5826,11650
12390,11,29,9693,19384
12391,11,38,9689,19376
12392,17,35,7730,15458
12393,11,26,8155,16308
12394,23,38,1487,2972
12395,29,38,8384,16766
12396,17,35,8700,17398
12397,11,35,6509,13016
12398,23,41,10673,21344
12399,17,35,10719,21436
12400,17,26,1041,2080
12401,23,35,4672,9342
12402,23,38,9204,18406
12403,11,35,7979,15956
12404,41,38,1942,3882
12405,11,35,989,1976
12406,23,38,1579,3156
12407,11,38,6423,12844
12408,29,32,5846,11690
12409,29,35,2263,4524
12410,17,35,347,692
12411,23,32,2939,5876
12412,23,32,7157,14312
12413,23,29,5927,11852
12414,17,38,5742,11482
12415,29,38,5424,10846
12416,17,41,11558,23114
12417,23,41,175,348
12418,23,32,4297,8592
12419,29,35,2530,5058
12420,17,35,3066,6130
12421,17,35,4728,9454
12422,11,35,173,344
12423,17,35,4387,8772
12424,17,29,619,1236
12425,17,38,1384,2766
12426,23,38,8717,17432
12427,17,32,8330,16658
12428,23,38,11201,22400
12429,17,20,1651,3300
12430,29,35,5799,11596
12431,35,29,12104,24206
12432,11,35,12307,24612
12433,29,41,2937,5872
12434,17,35,8612,17222
12435,17,35,58,114
12436,17,20,12145,24288
12437,11,41,9343,18684
12438,17,32,6866,13730
12439,11,35,3987,7972
12440,17,41,2565,5128
12441,17,35,7645,15288
12442,23,35,7232,14462
12443,23,35,11104,22206
12444,23,35,7833,15664
12445,29,26,6248,12494
12446,35,41,10459,20916
12447,17,35,3900,7798
12448,23,29,2419,4836
12449,23,32,5561,11120
12450,17,38,9141,18280
12451,17,29,6384,12766
12452,17,38,5871,11740
12453,29,38,1673,3344
12454,5,20,2625,5248
12455,11,20,9050,18098
12456,11,41,10797,21592
12457,17,41,5734,11466
12458,23,35,883,1764
12459,23,26,3868,7734
12460,17,35,1359,2716
12461,23,38,10921,21840
12462,17,32,3814,7626
12463,17,41,7914,15826
12464,17,35,10580,21158
12465,17,38,5604,11206
12466,17,35,9540,19078
12467,17,17,10325,20648
12468,17,32,5192,10382
12469,29,38,7913,15824
12470,17,32,9273,18544
12471,11,23,10181,20360
12472,17,29,7977,15952
12473,11,32,2137,4272
12474,11,38,11709,23416
12475,11,35,5922,11842
12476,17,41,6690,13378
12477,23,38,7955,15908
12478,11,32,6257,12512
12479,17,35,1209,2416
12480,11,32,12023,24044
12481,11,38,7912,15822
12482,11,32,674,1346
12483,23,38,41,80
12484,29,35,8894,17786
12485,23,32,11625,23248
12486,11,32,1103,2204
12487,29,38,8842,17682
12488,23,32,11188,22374
12489,17,38,8301,16600
12490,11,35,76,150
12491,17,23,5319,10636
12492,29,35,2125,4248
12493,17,41,380,758
12494,17,20,3609,7216
12495,23,38,2942,5882
12496,11,29,1670,3338
12497,17,41,11114,22226
12498,17,41,8512,17022
12499,23,41,3289,6576
12500,23,35,3927,7852
12501,17,32,12460,24918
12502,17,32,3155,6308
12503,17,38,2821,5640
12504,23,38,9605,19208
12505,5,23,733,1464
12506,17,32,1911,3820
12507,23,38,5662,11322
12508,17,35,8364,16726
12509,17,38,11628,23254
12510,23,41,5585,11168
12511,17,35,4158,8314
12512,17,38,5726,11450
12513,41,35,2024,4046
12514,17,32,5577,11152
12515,11,38,1822,3642
12516,29,38,6094,12186
12517,17,38,735,1468
12518,17,35,5589,11176
12519,17,38,10754,21506
12520,23,38,5683,11364
12521,11,38,10043,20084
12522,11,23,11496,22990
12523,17,29,9503,19004
12524,23,41,6628,13254
12525,23,32,7745,15488
12526,23,32,6294,12586
12527,23,35,10090,20178
12528,29,35,8212,16422
12529,23,41,2657,5312
12530,17,23,11797,23592
12531,23,35,7743,15484
12532,23,32,3064,6126
12533,23,38,3611,7220
12534,11,35,5615,11228
12535,23,38,12366,24730
12536,17,32,421,840
12537,5,35,7928,15854
12538,17,35,12218,24434
12539,23,35,7085,14168
12540,11,26,9870,19738
12541,17,38,4815,9628
12542,23,41,9961,19920
12543,23,29,3859,7716
12544,17,35,7991,15980
12545,23,29,12139,24276
12546,11,38,10535,21068
12547,29,32,2529,5056
12548,23,29,12414,24826
12549,29,35,6597,13192
12550,11,35,6816,13630
12551,11,32,11981,23960
12552,29,38,11181,22360
12553,17,35,6391,12780
12554,35,35,5526,11050
12555,29,38,4099,8196
12556,23,29,3617,7232
12557,17,35,7353,14704
12558,11,35,9211,18420
12559,17,29,12277,24552
12560,11,23,4661,9320
12561,23,41,6090,12178
12562,23,35,2358,4714
12563,11,29,8107,16212
12564,11,29,11129,22256
12565,17,41,4886,9770
12566,23,32,11062,22122
12567,35,29,3694,7386
12568,23,29,1288,2574
12569,17,26,9058,18114
12570,17,38,11322,22642
12571,17,38,636,1270
12572,29,38,10096,20190
12573,23,32,2830,5658
12574,23,32,9140,18278
12575,23,38,10157,20312
12576,17,41,8832,17662
12577,23,35,3614,7226
12578,23,35,11599,23196
12579,41,35,9806,19610
12580,11,35,10721,21440
12581,47,41,12082,24162
12582,17,32,3114,6226
12583,17,35,9637,19272
12584,23,35,1470,2938
12585,23,23,6146,12290
12586,17,38,6134,12266
12587,29,35,3266,6530
12588,23,35,4317,8632
12589,17,38,8871,17740
12590,11,41,8452,16902
12591,11,38,1941,3880
12592,17,41,8185,16368
12593,11,35,560,1118
12594,23,32,6769,13536
12595,23,35,3624,7246
12596,17,32,8295,16588
12597,5,32,11472,22942
12598,23,35,12287,24572
12599,23,35,6358,12714
12600,23,35,7675,15348
12601,35,29,10692,21382
12602,29,32,3229,6456
12603,23,38,4583,9164
12604,23,32,7255,14508
12605,29,41,5037,10072
12606,29,32,2776,5550
12607,11,29,8186,16370
12608,35,41,8880,17758
12609,17,35,8783,17564
12610,17,35,2761,5520
12611,23,38,7794,15586
12612,17,38,11816,23630
12613,11,23,7439,14876
12614,29,29,5455,10908
12615,11,38,8954,17906
12616,17,38,3420,6838
12617,35,38,5540,11078
12618,23,41,1671,3340
12619,11,38,9454,18906
12620,17,32,11098,22194
12621,23,41,2260,4518
12622,23,41,9316,18630
12623,11,38,8341,16680
12624,23,32,7192,14382
12625,23,35,9860,19718
12626,17,35,5302,10602
12627,17,35,8160,16318
12628,23,38,4554,9106
12629,17,29,7017,14032
12630,17,35,965,1928
12631,29,41,8060,16118
12632,23,38,2702,5402
12633,11,32,9897,19792
12634,29,38,4043,8084
12635,17,29,3615,7228
12636,11,32,7457,14912
12637,17,35,10338,20674
12638,11,35,4650,9298
12639,11,38,97,192
12640,11,41,4885,9768
12641,11,35,5822,11642
12642,17,29,1715,3428
12643,17,41,10167,20332
12644,29,41,8080,16158
12645,11,29,10558,21114
12646,17,41,6976,13950
12647,11,26,2940,5878
12648,11,32,10999,21996
12649,23,41,4940,9878
12650,29,32,4835,9668
12651,23,35,2336,4670
12652,17,38,6438,12874
12653,17,38,8629,17256
12654,11,35,2820,5638
12655,35,35,4221,8440
12656,17,38,8668,17334
12657,23,35,12266,24530
12658,23,41,5156,10310
12659,17,20,12562,25122
12660,17,26,5118,10234
12661,17,38,2321,4640
12662,17,38,8289,16576
12663,23,41,11325,22648
12664,23,35,10222,20442
12665,11,32,2874,5746
12666,35,35,12311,24620
12667,23,32,4521,9040
12668,17,32,9211,18420
12669,17,38,11851,23700
12670,23,35,2502,5002
12671,23,38,9787,19572
12672,29,35,12501,25000
12673,17,32,4957,9912
12674,23,35,1711,3420
12675,17,38,5110,10218
12676,23,38,7273,14544
12677,11,35,602,1202
12678,23,41,6849,13696
12679,29,41,7150,14298
12680,5,32,7361,14720
12681,17,38,4967,9932
12682,23,32,3758,7514
12683,23,35,10302,20602
12684,23,32,3214,6426
12685,29,35,5844,11686
12686,23,38,2881,5760
12687,11,38,1937,3872
12688,17,35,4147,8292
12689,29,41,5187,10372
12690,17,32,6921,13840
12691,29,32,8285,16568
12692,11,32,11533,23064
12693,17,38,8724,17446
12694,41,38,8575,17148
12695,29,32,6477,12952
12696,17,41,6703,13404
12697,23,35,6183,12364
12698,29,38,726,1450
12699,17,35,6613,13224
12700,17,32,3776,7550
12701,17,38,4538,9074
12702,17,35,374,746
12703,23,35,9164,18326
12704,11,38,12470,24938
12705,17,38,4024,8046
12706,11,26,6576,13150
12707,17,14,2779,5556
12708,11,35,11749,23496
12709,17,26,7869,15736
12710,5,32,7339,14676
12711,23,41,3078,6154
12712,29,41,5721,11440
12713,29,35,6242,12482
12714,17,35,10687,21372
12715,23,26,1264,2526
12716,35,35,3436,6870
12717,11,35,163,324
12718,23,35,71,140
12719,17,32,6626,13250
12720,17,32,11135,22268
12721,17,38,6060,12118
12722,17,23,8299,16596
12723,23,38,1109,2216
12724,17,38,150,298
12725,23,41,2182,4362
12726,29,29,3665,7328
12727,11,38,6014,12026
12728,17,32,9316,18630
12729,23,38,9181,18360
12730,23,41,11736,23470
12731,11,32,5402,10802
12732,17,35,2656,5310
12733,17,35,2463,4924
12734,11,32,12045,24088
12735,17,35,12689,25376
12736,35,35,6433,12864
12737,5,29,6332,12662
12738,17,38,2153,4304
12739,5,35,12618,25234
12740,29,32,5863,11724
12741,17,41,11465,22928
12742,29,38,10756,21510
12743,23,35,7405,14808
12744,17,26,123,244
12745,23,35,9591,19180
12746,11,35,10832,21662
12747,23,38,3259,6516
12748,23,23,1642,3282
12749,29,32,8446,16890
12750,23,35,3052,6102
12751,17,32,7874,15746
12752,11,38,2127,4252
12753,23,38,1801,3600
12754,23,35,1210,2418
12755,23,38,1159,2316
12756,11,41,10511,21020
12757,17,35,5859,11716
12758,17,41,11387,22772
12759,23,38,12596,25190
12760,17,32,8305,16608
12761,17,32,11758,23514
12762,17,32,8454,16906
12763,23,38,5495,10988
12764,23,35,9288,18574
12765,17,26,8102,16202
12766,29,38,9100,18198
12767,23,38,1915,3828
12768,23,32,9682,19362
12769,11,35,11754,23506
12770,29,41,4042,8082
12771,17,41,10909,21816
12772,23,35,8266,16530
12773,17,41,4558,9114
12774,11,41,5444,10886
12775,35,35,2428,4854
12776,29,41,1384,2766
12777,11,32,1663,3324
12778,29,38,5020,10038
12779,23,32,11186,22370
12780,17,35,1357,2712
12781,29,38,10679,21356
12782,17,32,4149,8296
12783,17,38,12486,24970
12784,17,35,8917,17832
12785,23,38,2186,4370
12786,23,38,8092,16182
12787,23,38,12002,24002
12788,11,32,6361,12720
12789,23,38,11985,23968
12790,17,35,8395,16788
12791,17,29,11005,22008
12792,23,32,8526,17050
12793,17,29,5860,11718
12794,23,38,6729,13456
12795,11,35,12455,24908
12796,29,35,6050,12098
12797,17,26,11824,23646
12798,11,35,3853,7704
12799,29,41,11125,22248
12800,11,32,12532,25062
12801,17,8,8001,16000
12802,41,38,10201,20400
12803,11,29,4839,9676
12804,41,32,11298,22594
12805,11,32,11612,23222
12806,17,32,10399,20796
12807,35,32,6110,12218
12808,11,23,9757,19512
12809,29,38,9395,18788
12810,23,38,8955,17908
12811,17,35,12419,24836
12812,17,41,2670,5338
12813,23,26,974,1946
12814,17,32,9980,19958
12815,23,29,9573,19144
12816,23,41,10199,20396
12817,29,38,4410,8818
12818,23,38,6529,13056
12819,17,35,6839,13676
12820,17,29,8274,16546
12821,23,35,9963,19924
12822,17,38,11837,23672
12823,23,32,4339,8676
12824,17,20,12724,25446
12825,17,35,7273,14544
12826,17,32,3788,7574
12827,23,29,9659,19316
12828,11,35,12738,25474
12829,17,23,8570,17138
12830,17,38,2390,4778
12831,11,35,1112,2222
12832,29,32,343,684
12833,29,35,2672,5342
12834,17,29,5200,10398
12835,23,32,2975,5948
12836,11,32,3216,6430
12837,35,35,2503,5004
12838,23,41,8793,17584
12839,17,17,1002,2002
12840,17,38,3173,6344
12841,17,32,4847,9692
12842,35,35,2047,4092
12843,11,35,9020,18038
12844,17,38,11537,23072
12845,23,35,10320,20638
12846,23,35,4043,8084
12847,11,8,8029,16056
12848,17,38,663,1324
12849,11,35,9540,19078
12850,11,35,11649,23296
12851,23,38,12294,24586
12852,17,35,1251,2500
12853,17,35,5223,10444
12854,41,41,12456,24910
12855,17,41,1554,3106
12856,35,32,2290,4578
12857,17,32,1424,2846
12858,17,35,3153,6304
12859,17,8,11253,22504
12860,17,29,8602,17202
12861,17,32,7743,15484
12862,17,38,10685,21368
12863,17,35,11291,22580
12864,29,29,7247,14492
12865,17,32,3786,7570
12866,11,38,12777,25552
12867,23,29,6596,13190
12868,29,35,11097,22192
12869,17,38,2655,5308
12870,17,35,9737,19472
12871,5,38,11914,23826
12872,35,35,3315,6628
12873,23,32,7851,15700
12874,17,38,786,1570
12875,17,41,5667,11332
12876,23,38,8812,17622
12877,11,38,89,176
12878,11,35,8800,17598
12879,23,38,3003,6004
12880,35,38,875,1748
12881,23,32,10396,20790
12882,29,38,6675,13348
12883,29,38,11868,23734
12884,17,32,10586,21170
12885,17,35,9981,19960
12886,17,35,7635,15268
12887,11,38,2212,4422
12888,17,38,8757,17512
12889,17,35,4476,8950
12890,17,41,9235,18468
12891,17,41,7347,14692
12892,17,29,362,722
12893,11,35,12318,24634
12894,11,29,12706,25410
12895,11,32,4930,9858
12896,5,35,12874,25746
12897,29,35,4865,9728
12898,23,35,4240,8478
12899,17,32,3947,7892
12900,29,41,11164,22326
12901,17,26,7282,14562
12902,17,38,5151,10300
12903,11,35,4899,9796
12904,17,32,11018,22034
12905,17,38,9586,19170
12906,17,41,11512,23022
12907,11,32,1909,3816
12908,29,41,9655,19308
12909,11,32,10708,21414
12910,11,32,9449,18896
12911,35,38,1359,2716
12912,17,41,12027,24052
12913,11,41,9967,19932
12914,29,35,10326,20650
12915,29,23,3682,7362
12916,23,38,2280,4558
12917,17,32,345,688
12918,11,35,848,1694
12919,23,38,1604,3206
12920,23,29,4429,8856
12921,23,35,5839,11676
12922,23,41,7188,14374
12923,23,32,5647,11292
12924,11,35,11704,23406
12925,23,20,11008,22014
12926,23,17,9494,18986
12927,23,35,4541,9080
12928,17,35,2667,5332
12929,29,41,11120,22238
12930,23,35,6038,12074
12931,29,23,3890,7778
12932,23,32,8429,16856
12933,17,41,5468,10934
12934,23,35,8832,17662
12935,29,29,3019,6036
12936,35,38,8797,17592
12937,17,38,197,392
12938,11,35,6129,12256
12939,11,38,459,916
12940,23,29,164,326
12941,17,38,12687,25372
12942,17,38,9319,18636
12943,17,35,142,282
12944,23,41,1398,2794
12945,17,38,6142,12282
12946,17,35,2493,4984
12947,29,38,4328,8654
12948,17,35,3202,6402
12949,17,29,11747,23492
12950,23,38,7974,15946
12951,29,32,5040,10078
12952,5,29,12940,25878
12953,23,41,10763,21524
12954,29,41,2223,4444
12955,17,41,11465,22928
12956,23,38,9449,18896
12957,23,41,11293,22584
12958,17,29,6846,13690
12959,11,35,11330,22658
12960,17,35,7892,15782
12961,23,32,2980,5958
12962,23,38,3292,6582
12963,17,38,10189,20376
12964,17,35,10704,21406
12965,11,26,12789,25576
12966,17,38,3062,6122
12967,23,38,4715,9428
12968,17,41,5896,11790
12969,17,38,12195,24388
12970,23,35,458,914
12971,29,35,8800,17598
12972,23,38,12536,25070
12973,23,41,9440,18878
12974,23,32,4249,8496
12975,17,32,9117,18232
12976,35,38,5921,11840
12977,11,38,3014,6026
12978,11,35,5002,10002
12979,5,35,8920,17838
12980,11,38,3598,7194
12981,29,38,8582,17162
12982,23,35,12433,24864
12983,23,29,10611,21220
12984,35,41,6551,13100
12985,11,32,2922,5842
12986,29,41,9001,18000
12987,29,41,11734,23466
12988,11,38,1462,2922
12989,23,38,3289,6576
12990,11,29,10186,20370
12991,11,29,9275,18548
12992,29,38,4838,9674
12993,5,38,8594,17186
12994,23,38,6692,13382
12995,11,38,1622,3242
12996,17,38,8158,16314
12997,17,38,8422,16842
12998,23,41,5885,11768
12999,17,35,2229,4456
13000,17,35,4552,9102
13001,23,32,7814,15626
13002,23,26,5510,11018
13003,23,32,10888,21774
13004,11,26,8507,17012
13005,11,35,9979,19956
13006,11,29,12460,24918
13007,17,38,8128,16254
13008,23,38,6464,12926
13009,17,35,9333,18664
13010,23,35,1755,3508
13011,11,41,11520,23038
13012,23,29,165,328
13013,29,38,5929,11856
13014,23,38,9539,19076
13015,17,41,711,1420
13016,23,38,2864,5726
13017,35,38,12126,24250
13018,17,38,4239,8476
13019,23,41,3864,7726
13020,11,38,3989,7976
13021,17,35,224,446
13022,17,35,8159,16316
13023,23,35,4556,9110
13024,17,38,9330,18658
13025,29,29,12046,24090
13026,17,38,6934,13866
13027,23,32,9508,19014
13028,17,35,886,1770
13029,23,35,12626,25250
13030,17,41,8245,16488
13031,29,35,1058,2114
13032,11,35,2081,4160
13033,17,35,6098,12194
13034,17,41,8642,17282
13035,17,35,6731,13460
13036,29,38,12666,25330
13037,17,35,2886,5770
13038,29,35,12532,25062
13039,17,35,6101,12200
13040,17,35,5254,10506
13041,17,41,4711,9420
13042,35,32,10934,21866
13043,11,35,8389,16776
13044,17,38,689,1376
13045,29,35,6272,12542
13046,17,41,1537,3072
13047,23,35,5151,10300
13048,23,38,2989,5976
13049,29,38,539,1076
13050,5,23,561,1120
13051,11,26,790,1578
13052,23,32,9323,18644
13053,29,38,1633,3264
13054,29,35,6180,12358
13055,17,23,2907,5812
13056,11,35,9909,19816
13057,23,38,6293,12584
13058,17,41,12860,25718
13059,17,23,1172,2342
13060,17,35,10748,21494
13061,17,38,10989,21976
13062,11,35,163,324
13063,17,32,3195,6388
13064,17,38,5717,11432
13065,23,38,12151,24300
13066,17,35,11294,22586
13067,17,26,11715,23428
13068,17,38,113,224
13069,5,38,11861,23720
13070,17,35,3430,6858
13071,29,38,12866,25730
13072,23,35,6755,13508
13073,29,38,3882,7762
13074,11,29,5730,11458
13075,29,35,5536,11070
13076,29,41,9700,19398
13077,17,20,4189,8376
13078,11,32,9930,19858
13079,11,41,7957,15912
13080,11,38,10587,21172
13081,17,38,11990,23978
13082,41,41,11590,23178
13083,23,35,12818,25634
13084,17,38,10651,21300
13085,17,38,12764,25526
13086,17,32,11532,23062
13087,23,35,12298,24594
13088,17,29,5816,11630
13089,23,35,8950,17898
13090,17,38,10058,20114
13091,17,35,12192,24382
13092,17,35,7751,15500
13093,29,29,7813,15624
13094,23,35,2163,4324
13095,23,32,9930,19858
13096,23,32,9545,19088
13097,17,23,7417,14832
13098,29,38,6576,13150
13099,11,35,308,614
13100,17,35,6560,13118
13101,11,38,8272,16542
13102,17,38,1756,3510
13103,11,41,7035,14068
13104,35,38,3872,7742
13105,17,35,10632,21262
13106,23,29,13017,26032
13107,17,35,732,1462
13108,23,35,4322,8642
13109,17,35,662,1322
13110,11,23,3226,6450
13111,11,29,12536,25070
13112,17,38,6752,13502
13113,23,32,5333,10664
13114,23,38,4502,9002
13115,17,38,7481,14960
13116,35,32,1605,3208
13117,17,35,4082,8162
13118,23,41,1478,2954
13119,17,35,4595,9188
13120,11,20,12401,24800
13121,23,32,4218,8434
13122,23,35,10349,20696
13123,5,35,13121,26240
13124,29,26,9560,19118
13125,29,38,4422,8842
13126,23,32,6747,13492
13127,11,32,12786,25570
13128,23,35,3234,6466
13129,17,32,6507,13012
13130,29,38,2366,4730
13131,17,38,1369,2736
13132,29,35,6337,12672
13133,29,41,4358,8714
13134,23,35,9770,19538
13135,23,41,6452,12902
13136,23,35,3555,7108
13137,29,41,10022,20042
13138,11,32,12399,24796
13139,17,38,17,32
13140,23,38,6443,12884
13141,17,38,6540,13078
13142,11,38,1931,3860
13143,23,38,6242,12482
13144,11,29,7866,15730
13145,17,38,11650,23298
13146,17,38,555,1108
13147,23,38,10160,20318
13148,23,29,12699,25396
13149,29,35,2931,5860
13150,23,38,2000,3998
13151,17,32,12645,25288
13152,23,41,5747,11492
13153,23,35,12822,25642
13154,23,35,10556,21110
13155,23,41,10982,21962
13156,11,35,13012,26022
13157,17,41,6883,13764
13158,23,26,6758,13514
13159,23,38,9173,18344
13160,17,41,7076,14150
13161,17,32,3194,6386
13162,11,35,11212,22422
13163,29,41,5100,10198
13164,11,38,12205,24408
13165,5,41,5524,11046
13166,17,35,8379,16756
13167,35,38,4010,8018
13168,23,38,8150,16298
13169,17,41,7767,15532
13170,23,35,7069,14136
13171,29,41,10141,20280
13172,11,29,9402,18802
13173,17,38,1001,2000
13174,35,35,12013,24024
13175,17,29,8350,16698
13176,17,35,189,376
13177,17,38,7922,15842
13178,11,38,837,1672
13179,29,41,9885,19768
13180,17,29,5213,10424
13181,11,38,3805,7608
13182,17,35,4339,8676
13183,29,35,6190,12378
13184,17,38,7549,15096
13185,23,32,6058,12114
13186,17,26,11255,22508
13187,23,35,834,1666
13188,29,38,11693,23384
13189,17,38,5906,11810
13190,17,32,11986,23970
13191,29,41,4906,9810
13192,23,38,1609,3216
13193,29,32,7143,14284
13194,23,41,3806,7610
13195,23,41,7443,14884
13196,17,41,5308,10614
13197,5,35,9127,18252
13198,11,38,12623,25244
13199,17,35,1878,3754
13200,17,41,2049,4096
13201,11,32,1514,3026
13202,23,41,9504,19006
13203,11,35,13064,26126
13204,11,32,12887,25772
13205,29,29,10098,20194
13206,11,41,1730,3458
13207,23,35,2433,4864
13208,29,41,2938,5874
13209,29,35,5651,11300
13210,23,32,11630,23258
13211,17,32,10894,21786
13212,5,35,12055,24108
13213,17,38,920,1838
13214,5,29,6851,13700
13215,17,32,70,138
13216,29,35,5222,10442
13217,29,38,11141,22280
13218,35,29,2981,5960
13219,23,35,4122,8242
13220,23,32,6603,13204
13221,17,38,127,252
13222,11,29,4609,9216
13223,17,32,10053,20104
13224,17,32,4395,8788
13225,23,23,3461,6920
13226,17,35,6091,12180
13227,17,23,13177,26352
13228,5,35,12824,25646
13229,29,2,6616,13230
13230,23,38,1347,2692
13231,11,35,2284,4566
13232,17,23,2533,5064
13233,23,38,9379,18756
13234,23,41,11178,22354
13235,23,38,6196,12390
13236,23,23,5325,10648
13237,17,20,8583,17164
13238,23,38,7587,15172
13239,23,35,8231,16460
13240,17,38,835,1668
13241,29,41,3863,7724
13242,23,38,6263,12524
13243,29,35,11190,22378
13244,11,35,7334,14666
13245,23,38,4202,8402
13246,29,38,7540,15078
13247,11,32,5220,10438
13248,17,26,12550,25098
13249,23,29,6275,12548
13250,11,29,10287,20572
13251,17,38,3589,7176
13252,17,38,1405,2808
13253,23,35,12201,24400
13254,17,41,5511,11020
13255,29,35,2230,4458
13256,23,35,10146,20290
13257,17,41,2105,4208
13258,17,35,4863,9724
13259,17,35,3033,6064
13260,17,35,12260,24518
13261,17,32,1183,2364
13262,17,35,4419,8836
13263,17,35,9017,18032
13264,11,29,11542,23082
13265,17,14,8706,17410
13266,17,32,5147,10292
13267,41,29,4781,9560
13268,23,29,3071,6140
13269,17,32,12343,24684
13270,23,35,11071,22140
13271,29,32,8301,16600
13272,17,35,4981,9960
13273,23,35,7184,14366
13274,29,35,10638,21274
13275,23,35,5247,10492
13276,29,38,9926,19850
13277,17,32,5995,11988
13278,11,26,3136,6270
13279,23,35,11688,23374
13280,17,38,7069,14136
13281,29,35,3479,6956
13282,11,35,4698,9394
13283,17,38,12439,24876
13284,23,38,9062,18122
13285,17,41,13063,26124
13286,23,38,8451,16900
13287,29,41,6769,13536
13288,29,38,9276,18550
13289,23,35,6414,12826
13290,29,41,10067,20132
13291,11,38,11095,22188
13292,29,35,4214,8426
13293,17,35,7014,14026
13294,23,41,573,1144
13295,17,41,885,1768
13296,23,29,7284,14566
13297,17,38,157,312
13298,11,35,13082,26162
13299,23,35,6997,13992
13300,17,23,8780,17558
13301,23,41,12288,24574
13302,53,32,10033,20064
13303,17,35,12026,24050
13304,23,38,322,642
13305,23,35,5961,11920
13306,11,35,1794,3586
13307,23,32,9025,18048
13308,17,38,6886,13770
13309,29,38,3602,7202
13310,17,29,6383,12764
13311,17,41,9418,18834
13312,17,41,12483,24964
13313,17,29,3159,6316
13314,29,32,2646,5290
13315,35,32,6208,12414
13316,17,35,7849,15696
13317,29,38,7145,14288
13318,17,35,3534,7066
13319,17,38,13298,26594
13320,11,38,2391,4780
13321,23,29,9353,18704
13322,23,29,10474,20946
13323,23,38,13074,26146
13324,17,38,3775,7548
13325,17,38,2408,4814
13326,11,38,5671,11340
13327,23,38,12630,25258
13328,29,38,467,932
13329,29,32,4847,9692
13330,11,26,595,1188
13331,23,35,5632,11262
13332,23,29,4880,9758
13333,17,35,9134,18266
13334,17,29,3633,7264
13335,11,32,3705,7408
13336,23,35,1199,2396
13337,17,38,11602,23202
13338,17,38,7605,15208
13339,29,41,2075,4148
13340,29,35,3482,6962
13341,23,35,2198,4394
13342,23,38,13126,26250
13343,29,41,5244,10486
13344,23,41,5322,10642
13345,23,32,5897,11792
13346,11,35,8291,16580
13347,17,38,7128,14254
13348,17,41,1110,2218
13349,17,35,7043,14084
13350,29,41,3191,6380
13351,17,14,4588,9174
13352,23,38,12777,25552
13353,23,23,4745,9488
13354,11,38,11791,23580
13355,17,38,7696,15390
13356,35,38,4201,8400
13357,17,41,136,270
13358,17,26,7487,14972
13359,17,32,6021,12040
13360,11,41,13108,26214
13361,23,32,970,1938
13362,23,29,300,598
13363,17,41,1506,3010
13364,23,29,8756,17510
13365,17,35,9914,19826
13366,23,29,9046,18090
13367,11,35,13247,26492
13368,29,38,11189,22376
13369,11,32,12919,25836
13370,23,38,8681,17360
13371,5,41,13149,26296
13372,23,29,7481,14960
13373,35,35,7473,14944
13374,17,32,3219,6436
13375,23,29,11979,23956
13376,23,41,12193,24384
13377,29,38,10834,21666
13378,29,35,5862,11722
13379,23,38,7998,15994
13380,11,38,12698,25394
13381,17,38,5255,10508
13382,17,32,3821,7640
13383,23,35,9177,18352
13384,23,35,6806,13610
13385,23,41,3966,7930
13386,5,38,13385,26768
13387,17,38,7884,15766
13388,17,35,2702,5402
13389,29,38,5059,10116
13390,17,38,1559,3116
13391,17,41,3078,6154
13392,23,41,6459,12916
13393,17,38,3411,6820
13394,29,32,12091,24180
13395,11,35,9930,19858
13396,23,29,9691,19380
13397,11,29,585,1168
13398,17,38,3189,6376
13399,11,32,8316,16630
13400,17,32,9648,19294
13401,23,38,4395,8788
13402,23,32,11602,23202
13403,11,35,10459,20916
13404,17,41,1015,2028
13405,23,38,1630,3258
13406,23,35,8911,17820
13407,23,32,3005,6008
13408,17,35,9686,19370
13409,23,17,9428,18854
13410,11,32,6461,12920
13411,23,35,6884,13766
13412,17,32,5662,11322
13413,17,41,7007,14012
13414,17,35,11871,23740
13415,17,38,675,1348
13416,17,26,968,1934
13417,17,35,10407,20812
13418,23,32,6518,13034
13419,35,41,6611,13220
13420,29,35,1392,2782
13421,11,35,11970,23938
13422,17,35,9459,18916
13423,17,41,2444,4886
13424,17,32,5839,11676
13425,23,38,10886,21770
13426,11,32,9235,18468
13427,23,38,1610,3218
13428,35,26,4275,8548
13429,23,29,3736,7470
13430,17,35,11525,23048
13431,11,32,2877,5752
13432,23,41,4501,9000
13433,17,29,8592,17182
13434,23,35,6418,12834
13435,11,38,5220,10438
13436,23,32,9727,19452
13437,29,41,369,736
13438,23,35,7948,15894
13439,17,29,10670,21338
13440,17,41,8898,17794
13441,17,35,7158,14314
13442,23,35,941,1880
13443,11,35,2923,5844
13444,41,35,7041,14080
13445,23,35,2569,5136
13446,23,38,11265,22528
13447,23,35,12256,24510
13448,17,35,502,1002
13449,23,38,10364,20726
13450,11,23,6882,13762
13451,29,41,9342,18682
13452,23,26,7696,15390
13453,11,41,8197,16392
13454,29,32,2016,4030
13455,23,23,9409,18816
13456,17,38,1246,2490
13457,17,29,3298,6594
13458,23,38,4935,9868
13459,23,38,6109,12216
13460,23,26,6913,13824
13461,23,32,11746,23490
13462,17,35,823,1644
13463,29,35,11357,22712
13464,17,26,11649,23296
13465,11,38,9001,18000
13466,11,32,3780,7558
13467,17,38,5324,10646
13468,11,35,5369,10736
13469,11,35,5692,11382
13470,11,29,8274,16546
13471,17,32,1545,3088
13472,11,29,7091,14180
13473,29,35,588,1174
13474,23,20,10422,20842
13475,17,35,11281,22560
13476,29,41,12473,24944
13477,29,14,1264,2526
13478,17,35,9368,18734
13479,23,41,2585,5168
13480,11,35,10744,21486
13481,11,41,13131,26260
13482,11,32,6720,13438
13483,17,20,2001,4000
13484,23,38,103,204
13485,17,38,1913,3824
13486,23,38,7163,14324
13487,23,32,8672,17342
13488,29,32,8580,17158
13489,29,35,10081,20160
13490,17,32,9320,18638
13491,23,38,7247,14492
13492,17,17,12860,25718
13493,17,32,1413,2824
13494,17,38,11516,23030
13495,23,35,9221,18440
13496,23,41,5142,10282
13497,17,29,10742,21482
13498,23,38,11997,23992
13499,35,29,4838,9674
13500,17,35,4201,8400
13501,29,32,3738,7474
13502,23,35,7690,15378
13503,23,32,10305,20608
13504,17,38,789,1576
13505,35,41,10669,21336
13506,17,29,5815,11628
13507,17,35,4625,9248
13508,17,41,1144,2286
13509,23,26,10369,20736
13510,17,38,7729,15456
13511,29,35,7333,14664
13512,23,41,3881,7760
13513,17,35,2088,4174
13514,17,32,2210,4418
13515,23,38,1197,2392
13516,23,35,12919,25836
13517,35,35,9010,18018
13518,17,32,5405,10808
13519,17,32,8307,16612
13520,11,23,2164,4326
13521,11,23,10827,21652
13522,23,38,5814,11626
13523,17,35,6460,12918
13524,17,38,2807,5612
13525,17,32,6491,12980
13526,11,38,11992,23982
13527,17,35,10325,20648
13528,17,41,5044,10086
13529,17,26,10489,20976
13530,17,35,8611,17220
13531,23,41,13357,26712
13532,11,41,887,1772
13533,11,38,2214,4426
13534,23,32,2251,4500
13535,17,38,9139,18276
13536,29,35,13329,26656
13537,17,35,7300,14598
13538,17,38,7533,15064
13539,11,41,12651,25300
13540,11,41,8652,17302
13541,23,35,10938,21874
13542,17,32,10360,20718
13543,23,23,12644,25286
13544,23,29,11229,22456
13545,17,35,180,358
13546,23,35,10359,20716
13547,23,38,11528,23054
13548,23,41,6599,13196
13549,17,38,4665,9328
13550,35,35,8154,16306
13551,17,26,7437,14872
13552,17,26,12467,24932
13553,17,38,13122,26242
13554,11,38,3307,6612
13555,17,41,12111,24220
13556,11,35,2802,5602
13557,17,35,12402,24802
13558,35,35,5973,11944
13559,17,35,3624,7246
13560,17,41,7408,14814
13561,17,38,6087,12172
13562,11,32,271,540
13563,29,35,5726,11450
13564,23,35,9539,19076
13565,23,38,401,800
13566,35,38,825,1648
13567,5,38,217,432
13568,23,35,11794,23586
13569,17,38,3828,7654
13570,17,35,11937,23872
13571,5,35,2389,4776
13572,17,32,5467,10932
13573,23,29,8417,16832
13574,11,32,6435,12868
13575,23,29,4945,9888
13576,17,29,357,712
13577,11,35,5247,10492
13578,17,20,2863,5724
13579,23,32,9833,19664
13580,23,38,10452,20902
13581,23,32,5829,11656
13582,35,41,185,368
13583,29,32,9795,19588
13584,11,41,6446,12890
13585,23,35,7439,14876
13586,17,35,8719,17436
13587,23,38,9428,18854
13588,23,38,601,1200
13589,23,32,9215,18428
13590,11,38,4970,9938
13591,23,29,9517,19032
13592,35,38,2015,4028
13593,17,38,8604,17206
13594,17,32,10879,21756
13595,17,32,3828,7654
13596,11,23,264,526
13597,29,35,3349,6696
13598,17,35,2021,4040
13599,23,35,6603,13204
13600,23,38,3043,6084
13601,11,35,1125,2248
13602,17,38,6852,13702
13603,29,20,3506,7010
13604,17,32,1082,2162
13605,17,38,3409,6816
13606,17,35,2684,5366
13607,23,32,4299,8596
13608,23,35,6080,12158
13609,23,35,2568,5134
13610,11,35,6096,12190
13611,23,38,834,1666
13612,17,35,10390,20778
13613,5,41,874,1746
13614,23,41,9781,19560
13615,11,38,8189,16376
13616,17,29,13523,27044
13617,29,38,1789,3576
13618,29,38,6507,13012
13619,17,41,4195,8388
13620,17,35,7817,15632
13621,35,35,6554,13106
13622,11,32,13257,26512
13623,11,38,9540,19078
13624,17,38,7750,15498
13625,23,32,3717,7432
13626,11,38,3411,6820
13627,17,41,6865,13728
13628,29,32,8470,16938
13629,17,38,4992,9982
13630,35,35,8442,16882
13631,11,38,2940,5878
13632,17,32,1603,3204
13633,29,38,8100,16198
13634,11,41,12528,25054
13635,17,32,12297,24592
13636,47,41,3375,6748
13637,5,26,13449,26896
13638,23,29,3342,6682
13639,17,29,5606,11210
13640,5,32,13274,26546
13641,23,32,2496,4990
13642,11,32,7227,14452
13643,17,29,1745,3488
13644,17,29,3077,6152
13645,11,38,2463,4924
13646,17,38,6270,12538
13647,23,41,3144,6286
13648,23,29,10729,21456
13649,35,20,4159,8316
13650,17,29,10570,21138
13651,29,41,4031,8060
13652,29,38,8743,17484
13653,17,32,5060,10118
13654,11,32,5991,11980
13655,23,38,13441,26880
13656,11,23,1654,3306
13657,11,23,1013,2024
13658,11,32,8714,17426
13659,23,32,9771,19540
13660,23,38,11554,23106
13661,17,41,10401,20800
13662,23,32,8558,17114
13663,17,41,4732,9462
13664,17,38,5656,11310
13665,23,35,4191,8380
13666,23,35,13356,26710
13667,11,35,13351,26700
13668,11,29,7967,15932
13669,23,35,5895,11788
13670,11,32,9189,18376
13671,23,20,5661,11320
13672,11,35,8327,16652
13673,23,32,7843,15684
13674,17,41,7326,14650
13675,23,41,1859,3716
13676,17,26,8787,17572
13677,23,38,4091,8180
13678,23,41,10592,21182
13679,17,35,1218,2434
13680,23,41,1567,3132
13681,11,38,6705,13408
13682,17,38,6615,13228
13683,11,32,11311,22620
13684,23,35,12953,25904
13685,11,35,978,1954
13686,11,32,1115,2228
13687,23,38,12837,25672
13688,17,35,8984,17966
13689,29,35,1708,3414
13690,35,41,4199,8396
13691,11,29,8838,17674
13692,23,35,6086,12170
13693,35,38,3541,7080
13694,29,32,12227,24452
13695,17,35,3185,6368
13696,11,41,12918,25834
13697,23,38,5612,11222
13698,29,41,3443,6884
13699,11,29,2555,5108
13700,17,38,6991,13980
13701,23,38,13044,26086
13702,23,41,1284,2566
13703,11,29,8712,17422
13704,5,35,1440,2878
13705,11,23,10011,20020
13706,17,26,6505,13008
13707,23,35,2686,5370
13708,17,32,5334,10666
13709,29,41,1852,3702
13710,17,32,10141,20280
13711,17,35,11184,22366
13712,17,35,8711,17420
13713,17,41,13390,26778
13714,17,32,13654,27306
13715,23,38,10720,21438
13716,29,35,6097,12192
13717,17,32,6853,13704
13718,11,41,13232,26462
13719,17,35,12610,25218
13720,17,26,7475,14948
13721,23,41,8667,17332
13722,35,29,10223,20444
13723,23,38,13530,27058
13724,29,32,8571,17140
13725,29,41,2995,5988
13726,17,38,2953,5904
13727,11,35,12545,25088
13728,17,38,13593,27184
13729,11,41,6748,13494
13730,17,29,6715,13428
13731,17,29,1541,3080
13732,23,38,266,530
13733,41,38,1259,2516
13734,17,11,2573,5144
13735,23,29,11199,22396
13736,23,38,10243,20484
13737,11,29,6505,13008
13738,17,41,11144,22286
13739,23,41,8250,16498
13740,35,38,7059,14116
13741,11,35,1660,3318
13742,23,35,9471,18940
13743,23,41,5809,11616
13744,17,35,13345,26688
13745,11,29,6402,12802
13746,29,32,5655,11308
13747,17,32,13176,26350
13748,11,35,13624,27246
13749,17,38,9786,19570
13750,11,32,1010,2018
13751,23,35,7308,14614
13752,29,35,9343,18684
13753,35,32,5674,11346
13754,47,38,11052,22102
13755,11,35,3368,6734
13756,11,29,11406,22810
13757,17,35,2662,5322
13758,17,41,6144,12286
13759,17,35,3273,6544
13760,11,35,11015,22028
13761,17,32,2168,4334
13762,17,35,9397,18792
13763,11,32,10047,20092
13764,17,38,8973,17944
13765,17,38,4618,9234
13766,17,32,5784,11566
13767,23,32,3973,7944
13768,29,35,9266,18530
13769,17,32,9876,19750
13770,17,41,8807,17612
13771,23,29,6495,12988
13772,35,38,3904,7806
13773,11,35,7321,14640
13774,11,38,3326,6650
13775,17,35,471,940
13776,23,41,3903,7804
13777,17,35,4327,8652
13778,11,38,2829,5656
13779,23,26,12192,24382
13780,5,32,10946,21890
13781,23,32,11769,23536
13782,17,41,8942,17882
13783,23,35,6255,12508
13784,11,38,4116,8230
13785,35,41,7603,15204
13786,11,35,1813,3624
13787,5,38,1552,3102
13788,23,32,1688,3374
13789,17,41,2520,5038
13790,17,41,3854,7706
13791,23,32,9999,19996
13792,29,38,10890,21778
13793,17,41,3309,6616
13794,11,38,6491,12980
13795,11,41,2053,4104
13796,23,41,6978,13954
13797,29,38,8796,17590
13798,41,35,13344,26686
13799,17,38,5866,11730
13800,17,41,12155,24308
13801,23,41,2225,4448
13802,17,41,6129,12256
13803,23,38,12070,24138
13804,11,26,6120,12238
13805,17,38,10895,21788
13806,41,32,10698,21394
13807,11,35,9631,19260
13808,17,38,12640,25278
13809,29,38,6936,13870
13810,5,41,6687,13372
13811,17,32,7370,14738
13812,23,38,5837,11672
13813,23,32,11028,22054
13814,23,38,8786,17570
13815,23,32,9681,19360
13816,17,26,4669,9336
13817,17,41,296,590
13818,23,35,2220,4438
13819,17,29,12700,25398
13820,11,35,12603,25204
13821,17,26,1917,3832
13822,29,41,7228,14454
13823,11,41,200,398
13824,11,35,7354,14706
13825,17,41,6973,13944
13826,17,38,8379,16756
13827,17,29,11870,23738
13828,23,32,9915,19828
13829,17,32,5382,10762
13830,11,35,9631,19260
13831,11,35,10274,20546
13832,17,38,248,494
13833,17,38,10130,20258
13834,17,35,4742,9482
13835,17,35,12231,24460
13836,23,35,280,558
13837,29,41,9164,18326
13838,23,41,5563,11124
13839,5,38,9377,18752
13840,11,38,10093,20184
13841,35,35,4356,8710
13842,5,38,6189,12376
13843,17,32,9511,19020
13844,17,38,7998,15994
13845,23,26,1916,3830
13846,29,41,6255,12508
13847,17,32,5725,11448
13848,23,35,9495,18988
13849,17,38,6239,12476
13850,17,23,1567,3132
13851,17,35,7092,14182
13852,23,32,9787,19572
13853,17,29,6317,12632
13854,11,32,3835,7668
13855,23,38,711,1420
13856,23,38,12556,25110
13857,11,26,12586,25170
13858,35,26,5384,10766
13859,17,41,2625,5248
13860,17,29,474,946
13861,29,35,11718,23434
13862,23,32,1753,3504
13863,23,35,10394,20786
13864,29,38,1612,3222
13865,23,35,12223,24444
13866,17,35,2392,4782
13867,23,38,7338,14674
13868,17,38,1101,2200
13869,23,38,421,840
13870,17,35,10324,20646
13871,23,32,3624,7246
13872,17,29,3129,6256
13873,23,41,6037,12072
13874,17,38,10668,21334
13875,23,29,6599,13196
13876,11,41,6350,12698
13877,11,41,7799,15596
13878,17,41,10865,21728
13879,23,38,2695,5388
13880,17,32,289,576
13881,23,38,9629,19256
13882,23,32,12385,24768
13883,23,29,13734,27466
13884,23,38,9960,19918
13885,23,38,4551,9100
13886,11,35,12595,25188
13887,23,41,447,892
13888,17,32,386,770
13889,11,41,6668,13334
13890,23,38,11698,23394
13891,23,41,10632,21262
13892,17,35,9722,19442
13893,17,32,9707,19412
13894,23,38,11185,22368
13895,17,41,7981,15960
13896,17,41,11784,23566
13897,17,38,5147,10292
13898,23,35,9162,18322
13899,17,38,13517,27032
13900,11,35,3506,7010
13901,29,32,9768,19534
13902,17,41,2969,5936
13903,29,38,3999,7996
13904,17,41,12531,25060
13905,11,38,6006,12010
13906,11,35,431,860
13907,23,38,10215,20428
13908,23,35,13238,26474
13909,23,35,1971,3940
13910,17,41,664,1326
13911,23,38,7158,14314
13912,29,38,5184,10366
13913,17,38,10300,20598
13914,17,14,3042,6082
13915,29,38,8552,17102
13916,11,35,8197,16392
13917,17,41,5768,11534
13918,17,38,2410,4818
13919,17,32,2734,5466
13920,29,38,11134,22266
13921,23,26,10305,20608
13922,17,35,4011,8020
13923,23,32,9606,19210
13924,29,38,10613,21224
13925,11,35,8235,16468
13926,11,38,11537,23072
13927,17,32,5012,10022
13928,23,38,13043,26084
13929,11,26,3996,7990
13930,11,41,5351,10700
13931,11,32,11135,22268
13932,17,32,1707,3412
13933,11,35,2811,5620
13934,17,38,1234,2466
13935,23,35,9462,18922
13936,35,38,1741,3480
13937,17,32,7725,15448
13938,17,35,3037,6072
13939,17,38,8614,17226
13940,23,38,11999,23996
13941,17,32,7194,14386
13942,11,26,4492,8982
13943,23,26,9013,18024
13944,11,38,562,1122
13945,23,38,8796,17590
13946,17,32,7102,14202
13947,29,38,12938,25874
13948,17,35,11718,23434
13949,11,35,7460,14918
13950,11,35,4163,8324
13951,23,41,2802,5602
13952,17,35,12450,24898
13953,5,32,2744,5486
13954,17,35,6692,13382
13955,23,41,12190,24378
13956,5,29,13288,26574
13957,23,35,7036,14070
13958,23,32,11539,23076
13959,17,32,8143,16284
13960,23,38,11466,22930
13961,17,38,526,1050
13962,17,38,10291,20580
13963,23,38,898,1794
13964,17,32,4642,9282
13965,29,29,1946,3890
13966,11,35,9829,19656
13967,29,41,5456,10910
13968,5,35,8370,16738
13969,23,32,12952,25902
13970,17,32,6909,13816
13971,23,38,10381,20760
13972,11,38,1819,3636
13973,29,38,19,36
13974,23,38,6214,12426
13975,17,38,3605,7208
13976,17,35,2985,5968
13977,29,35,378,754
13978,29,38,8583,17164
13979,17,26,1008,2014
13980,23,29,11946,23890
13981,29,23,3766,7530
13982,23,20,1637,3272
13983,17,35,11604,23206
13984,5,29,13561,27120
13985,23,38,3170,6338
13986,29,35,7679,15356
13987,11,35,2686,5370
13988,11,35,13820,27638
13989,23,38,13659,27316
13990,23,38,7420,14838
13991,23,35,6158,12314
13992,23,41,8323,16644
13993,35,41,11639,23276
13994,17,38,12865,25728
13995,23,38,3374,6746
13996,17,29,13136,26270
13997,35,32,6691,13380
13998,23,35,5559,11116
13999,17,11,875,1748
14000,23,26,9598,19194
14001,11,35,6963,13924
14002,17,38,1826,3650
14003,11,35,3864,7726
14004,17,38,10473,20944
14005,11,29,1545,3088
14006,11,35,3620,7238
14007,17,35,7567,15132
14008,17,35,11075,22148
14009,17,23,7167,14332
14010,23,35,10572,21142
14011,17,41,2948,5894
14012,29,35,420,838
14013,23,29,7184,14366
14014,17,35,13512,27022
14015,17,38,12259,24516
14016,17,38,4358,8714
14017,23,8,8762,17522
14018,17,38,795,1588
14019,17,38,7586,15170
14020,11,38,10968,21934
14021,17,41,3487,6972
14022,17,35,13710,27418
14023,17,41,6511,13020
14024,11,26,5994,11986
14025,17,38,2277,4552
14026,23,32,11143,22284
14027,29,26,3973,7944
14028,23,41,13309,26616
14029,29,35,2324,4646
14030,17,35,6737,13472
14031,17,32,9174,18346
14032,17,41,8470,16938
14033,23,38,10813,21624
14034,23,35,6087,12172
14035,23,32,11505,23008
14036,17,41,4303,8604
14037,17,41,6356,12710
14038,29,38,5368,10734
14039,23,41,7867,15732
14040,23,41,3506,7010
14041,23,38,3363,6724
14042,23,26,10559,21116
14043,17,35,10851,21700
14044,11,38,9139,18276
14045,17,35,11894,23786
14046,23,41,7894,15786
14047,29,35,11184,22366
14048,23,41,9008,18014
14049,23,35,3858,7714
14050,17,35,13573,27144
14051,29,32,3217,6432
14052,11,32,8693,17384
14053,17,38,2543,5084
14054,17,32,13444,26886
14055,17,38,1926,3850
14056,11,32,6389,12776
14057,23,32,8559,17116
14058,29,38,12231,24460
14059,17,38,4675,9348
14060,11,32,9026,18050
14061,11,26,6344,12686
14062,17,38,10092,20182
14063,11,29,4435,8868
14064,11,35,11388,22774
14065,17,32,473,944
14066,17,29,2897,5792
14067,11,38,4805,9608
14068,41,35,6529,13056
14069,11,32,13182,26362
14070,29,38,12014,24026
14071,35,26,8986,17970
14072,17,38,3886,7770
14073,23,35,4916,9830
14074,17,38,13956,27910
14075,17,41,4794,9586
14076,17,38,4214,8426
14077,11,35,7975,15948
14078,11,32,870,1738
14079,23,38,5323,10644
14080,41,29,6998,13994
14081,23,41,2266,4530
14082,11,35,4857,9712
14083,17,38,8710,17418
14084,17,38,6166,12330
14085,11,38,9371,18740
14086,11,32,3349,6696
14087,29,41,8650,17298
14088,17,35,3091,6180
14089,29,38,9361,18720
14090,11,26,5751,11500
14091,17,32,5055,10108
14092,17,35,4543,9084
14093,17,29,12924,25846
14094,23,32,7838,15674
14095,17,29,7555,15108
14096,29,29,11825,23648
14097,17,35,112,222
14098,17,38,9001,18000
14099,17,41,12926,25850
14100,11,35,8540,17078
14101,11,38,9038,18074
14102,17,35,327,652
14103,23,38,682,1362
14104,23,35,10676,21350
14105,17,32,763,1524
14106,11,29,13789,27576
14107,11,38,1410,2818
14108,47,35,8483,16964
14109,23,38,3297,6592
14110,11,41,1500,2998
14111,17,38,6412,12822
14112,17,32,3411,6820
14113,23,38,6717,13432
14114,17,32,4911,9820
14115,17,35,2952,5902
14116,29,29,10297,20592
14117,29,35,3903,7804
14118,17,35,8765,17528
14119,23,29,811,1620
14120,17,38,5183,10364
14121,23,35,6677,13352
14122,17,38,8993,17984
14123,11,38,13387,26772
14124,23,38,10581,21160
14125,17,41,3100,6198
14126,11,32,1647,3292
14127,11,35,8426,16850
14128,11,35,13772,27542
14129,17,23,13080,26158
14130,23,35,12774,25546
14131,17,41,8222,16442
14132,17,35,3060,6118
14133,17,41,10328,20654
14134,29,38,8289,16576
14135,23,29,5508,11014
14136,23,38,6452,12902
14137,11,35,9577,19152
14138,11,38,6156,12310
14139,5,35,11519,23036
14140,29,35,4772,9542
14141,11,38,7514,15026
14142,23,26,8922,17842
14143,17,32,12189,24376
14144,23,32,3681,7360
14145,17,29,11756,23510
14146,23,41,3687,7372
14147,17,35,4728,9454
14148,29,38,7824,15646
14149,17,35,2200,4398
14150,17,35,12655,25308
14151,5,38,13503,27004
14152,29,38,7885,15768
14153,23,38,3059,6116
14154,23,41,13165,26328
14155,17,35,2241,4480
14156,17,38,3657,7312
14157,17,35,3473,6944
14158,23,32,1623,3244
14159,23,38,2687,5372
14160,17,38,12550,25098
14161,11,29,2944,5886
14162,35,38,184,366
14163,17,29,317,632
14164,11,41,9091,18180
14165,29,41,3266,6530
14166,17,35,12183,24364
14167,17,35,5481,10960
14168,17,38,7739,15476
14169,17,35,3108,6214
14170,17,35,3952,7902
14171,17,29,12023,24044
14172,23,38,8765,17528
14173,23,41,12602,25202
14174,17,35,1061,2120
14175,17,35,10988,21974
14176,11,35,6431,12860
14177,11,38,6671,13340
14178,23,35,2916,5830
14179,23,35,9696,19390
14180,17,26,4513,9024
14181,17,35,9323,18644
14182,23,38,9596,19190
14183,29,41,3084,6166
14184,29,41,8541,17080
14185,11,41,13649,27296
14186,29,32,5533,11064
14187,17,26,1633,3264
14188,11,32,3068,6134
14189,23,38,8742,17482
14190,11,38,4504,9006
14191,17,35,6744,13486
14192,23,38,1265,2528
14193,23,41,2298,4594
14194,35,38,4602,9202
14195,17,26,9454,18906
14196,23,35,3898,7794
14197,23,32,7674,15346
14198,29,32,11099,22196
14199,17,35,11998,23994
14200,17,32,8035,16068
14201,23,35,11818,23634
14202,17,23,6157,12312
14203,11,32,13754,27506
14204,5,14,5771,11540
14205,23,38,3209,6416
14206,29,38,7357,14712
14207,17,41,1073,2144
14208,17,38,9773,19544
14209,35,35,6274,12546
14210,17,32,12761,25520
14211,23,32,4976,9950
14212,11,35,13346,26690
14213,11,38,3418,6834
14214,17,38,4057,8112
14215,5,38,8081,16160
14216,5,38,7716,15430
14217,11,35,8672,17342
14218,23,32,14084,28166
14219,17,35,6225,12448
14220,11,38,8148,16294
14221,17,41,5137,10272
14222,23,35,11406,22810
14223,17,35,13643,27284
14224,29,35,2363,4724
14225,17,26,5751,11500
14226,5,35,11957,23912
14227,17,35,5713,11424
14228,29,23,2498,4994
14229,17,35,5261,10520
14230,23,29,5711,11420
14231,29,38,2558,5114
14232,17,35,12400,24798
14233,23,35,11761,23520
14234,11,35,2760,5518
14235,11,38,9061,18120
14236,29,41,8375,16748
14237,29,35,14177,28352
14238,11,38,11591,23180
14239,23,38,12374,24746
14240,29,29,7829,15656
14241,11,38,1090,2178
14242,29,35,7521,15040
14243,17,32,11705,23408
14244,17,35,2623,5244
14245,17,35,5874,11746
14246,23,38,2185,4368
14247,29,32,966,1930
14248,17,35,2053,4104
14249,35,41,2508,5014
14250,17,38,6054,12106
14251,17,32,3988,7974
14252,23,41,10303,20604
14253,23,38,1671,3340
14254,11,38,2133,4264
14255,11,38,8574,17146
14256,11,38,551,1100
14257,11,38,4585,9168
14258,23,38,8853,17704
14259,17,35,399,796
14260,23,38,7270,14538
14261,23,35,7782,15562
14262,11,38,9556,19110
14263,17,35,7999,15996
14264,23,38,9215,18428
14265,17,38,13020,26038
14266,17,29,7231,14460
14267,17,35,13441,26880
14268,17,35,12997,25992
14269,5,35,5256,10510
14270,23,35,6287,12572
14271,23,38,1932,3862
14272,29,41,13150,26298
14273,23,41,6804,13606
14274,23,38,13108,26214
14275,17,38,3002,6002
14276,23,38,7812,15622
14277,11,32,4214,8426
14278,23,29,12927,25852
14279,23,41,3730,7458
14280,11,32,3924,7846
14281,17,35,5008,10014
14282,17,32,8780,17558
14283,17,38,9675,19348
14284,17,35,8616,17230
14285,29,38,9494,18986
14286,29,29,263,524
14287,11,32,7164,14326
14288,17,38,7331,14660
14289,11,32,3565,7128
14290,17,29,11178,22354
14291,23,35,3352,6702
14292,17,29,3587,7172
14293,11,35,4398,8794
14294,29,35,1593,3184
14295,17,38,11822,23642
14296,23,41,11492,22982
14297,17,41,3500,6998
14298,17,17,224,446
14299,17,38,933,1864
14300,17,38,8994,17986
14301,11,35,337,672
14302,23,38,9915,19828
14303,11,38,6092,12182
14304,11,38,309,616
14305,11,35,772,1542
14306,47,35,12646,25290
14307,17,41,14077,28152
14308,17,41,4173,8344
14309,23,38,10584,21166
14310,17,29,7533,15064
14311,41,32,10223,20444
14312,17,20,11964,23926
14313,29,29,6444,12886
14314,17,35,3372,6742
14315,17,35,13956,27910
14316,23,38,3210,6418
14317,17,41,12959,25916
14318,29,41,14123,28244
14319,11,35,2737,5472
14320,11,38,2714,5426
14321,11,38,10683,21364
14322,23,35,6661,13320
14323,23,41,2153,4304
14324,23,41,4238,8474
14325,11,14,10295,20588
14326,23,29,10675,21348
14327,11,35,309,616
14328,23,32,11635,23268
14329,23,35,12597,25192
14330,29,38,7926,15850
14331,11,38,4652,9302
14332,11,38,1663,3324
14333,29,41,12596,25190
14334,23,38,4366,8730
14335,41,38,3670,7338
14336,29,41,9210,18418
14337,23,29,13512,27022
14338,11,35,4706,9410
14339,41,35,8069,16136
14340,17,35,7593,15184
14341,17,38,11304,22606
14342,17,38,7166,14330
14343,29,32,10387,20772
14344,17,38,12472,24942
14345,23,38,937,1872
14346,11,38,4943,9884
14347,17,35,506,1010
14348,17,41,11524,23046
14349,17,35,14234,28466
14350,17,38,13241,26480
14351,17,38,6172,12342
14352,23,35,2266,4530
14353,23,38,6783,13564
14354,23,29,11283,22564
14355,11,35,10558,21114
14356,11,41,13430,26858
14357,23,38,12427,24852
14358,23,29,9885,19768
14359,17,32,1788,3574
14360,17,29,2146,4290
14361,29,41,8779,17556
14362,23,41,7594,15186
14363,17,38,5103,10204
14364,29,29,4194,8386
14365,29,35,11120,22238
14366,17,26,1094,2186
14367,23,41,10684,21366
14368,17,35,13844,27686
14369,11,41,5222,10442
14370,23,41,13876,27750
14371,11,32,13872,27742
14372,17,38,7075,14148
14373,11,41,12172,24342
14374,23,38,5929,11856
14375,17,26,9911,19820
14376,11,32,1017,2032
14377,17,29,4001,8000
14378,11,32,386,770
14379,29,26,1149,2296
14380,17,41,2469,4936
14381,23,41,6421,12840
14382,17,35,2256,4510
14383,17,38,5417,10832
14384,23,41,6326,12650
14385,29,35,1570,3138
14386,17,32,7633,15264
14387,17,35,6480,12958
14388,23,41,3723,7444
14389,23,32,11824,23646
14390,11,32,2128,4254
14391,17,35,13796,27590
14392,11,35,14317,28632
14393,23,38,3947,7892
14394,17,32,13727,27452
14395,17,35,2513,5024
14396,11,26,8519,17036
14397,35,26,10037,20072
14398,17,38,7000,13998
14399,23,32,8722,17442
14400,11,41,6549,13096
14401,23,35,7802,15602
14402,17,41,4239,8476
14403,35,26,535,1068
14404,29,38,9134,18266
14405,11,38,9602,19202
14406,17,32,3324,6646
14407,5,41,2314,4626
14408,11,35,3197,6392
14409,17,32,9787,19572
14410,17,35,6045,12088
14411,5,29,13046,26090
14412,35,29,11864,23726
14413,11,38,3168,6334
14414,17,32,8775,17548
14415,23,41,8653,17304
14416,17,35,9308,18614
14417,23,38,1993,3984
14418,11,26,6447,12892
14419,23,41,13165,26328
14420,17,32,8723,17444
14421,17,41,12194,24386
14422,11,32,1034,2066
14423,23,41,1502,3002
14424,11,35,11011,22020
14425,29,32,4232,8462
14426,11,41,4835,9668
14427,23,38,10819,21636
14428,23,35,684,1366
14429,11,29,12046,24090
14430,11,38,14408,28814
14431,23,41,1393,2784
14432,11,35,2808,5614
14433,11,26,13785,27568
14434,23,26,6229,12456
14435,23,38,8318,16634
14436,17,35,7686,15370
14437,29,35,7235,14468
14438,29,35,5544,11086
14439,11,32,13726,27450
14440,23,35,12679,25356
14441,17,38,12073,24144
14442,23,32,2374,4746
14443,35,38,544,1086
14444,29,38,5216,10430
14445,17,35,3657,7312
14446,11,35,4162,8322
14447,11,38,5352,10702
14448,23,35,7989,15976
14449,17,23,7730,15458
14450,17,38,1172,2342
14451,23,38,4273,8544
14452,11,35,1971,3940
14453,29,35,10716,21430
14454,11,38,11908,23814
14455,17,38,7300,14598
14456,17,29,3995,7988
14457,17,38,5345,10688
14458,17,35,6985,13968
14459,23,41,6347,12692
14460,41,32,12350,24698
14461,29,38,10300,20598
14462,17,32,8367,16732
14463,17,32,8581,17160
14464,29,38,9596,19190
14465,17,26,9181,18360
14466,11,38,5524,11046
14467,17,32,7167,14332
14468,11,38,1011,2020
14469,17,38,14255,28508
14470,17,38,7700,15398
14471,17,32,642,1282
14472,17,32,4543,9084
14473,17,32,2876,5750
14474,23,38,7977,15952
14475,23,32,9025,18048
14476,11,38,930,1858
14477,23,41,2216,4430
14478,17,38,941,1880
14479,23,41,7145,14288
14480,11,29,11154,22306
14481,17,38,4600,9198
14482,29,35,12095,24188
14483,17,41,7097,14192
14484,5,38,14451,28900
14485,17,32,13827,27652
14486,23,38,330,658
14487,17,38,12419,24836
14488,35,41,5988,11974
14489,23,35,5825,11648
14490,23,38,7282,14562
14491,11,35,1904,3806
14492,29,29,7909,15816
14493,17,41,7647,15292
14494,17,38,11421,22840
14495,11,32,2045,4088
14496,17,38,13888,27774
14497,17,38,11848,23694
14498,23,32,11929,23856
14499,17,29,2846,5690
14500,35,32,11024,22046
14501,17,38,1689,3376
14502,17,35,1815,3628
14503,23,41,5731,11460
14504,11,20,5552,11102
14505,29,35,9217,18432
14506,29,29,7749,15496
14507,17,35,7668,15334
14508,11,35,3176,6350
14509,17,26,10797,21592
14510,17,41,1089,2176
14511,23,35,14450,28898
14512,23,38,4961,9920
14513,29,38,2503,5004
14514,29,35,540,1078
14515,23,35,9138,18274
14516,17,38,2548,5094
14517,17,29,1231,2460
14518,17,29,6933,13864
14519,29,35,2158,4314
14520,17,38,6562,13122
14521,17,32,7268,14534
14522,29,41,7605,15208
14523,17,32,5155,10308
14524,29,38,6133,12264
14525,11,35,3179,6356
14526,11,35,2393,4784
14527,35,41,13766,27530
14528,17,29,4242,8482
14529,23,38,13920,27838
14530,23,41,489,976
14531,17,32,12155,24308
14532,23,35,10732,21462
14533,29,41,7470,14938
14534,23,41,7766,15530
14535,17,35,2230,4458
14536,23,26,4287,8572
14537,23,32,589,1176
14538,17,32,5997,11992
14539,23,41,2771,5540
14540,23,35,6896,13790
14541,29,23,10735,21468
14542,5,38,13950,27898
14543,35,38,10724,21446
14544,11,38,14471,28940
14545,23,38,9802,19602
14546,23,38,547,1092
14547,11,35,5181,10360
14548,23,38,690,1378
14549,23,35,11483,22964
14550,17,35,1571,3140
14551,17,29,2656,5310
14552,17,35,2283,4564
14553,23,32,6758,13514
14554,17,35,2324,4646
14555,17,41,13132,26262
14556,17,35,4438,8874
14557,17,41,13327,26652
14558,23,35,4807,9612
14559,11,38,4128,8254
14560,17,35,5342,10682
14561,29,41,4076,8150
14562,11,20,8305,16608
14563,47,35,10221,20440
14564,11,41,6062,12122
14565,17,38,10708,21414
14566,29,38,4520,9038
14567,17,41,10356,20710
14568,23,41,11490,22978
14569,23,35,11342,22682
14570,23,29,10913,21824
14571,17,26,6347,12692
14572,23,38,9903,19804
14573,23,41,1249,2496
14574,35,38,3071,6140
14575,17,35,6950,13898
14576,11,41,11244,22486
14577,17,32,6751,13500
14578,17,41,12997,25992
14579,17,32,13234,26466
14580,17,23,10765,21528
14581,11,41,10971,21940
14582,23,38,8140,16278
14583,17,38,5584,11166
14584,11,38,4356,8710
14585,11,29,2777,5552
14586,17,29,12520,25038
14587,17,38,11020,22038
14588,47,29,10671,21340
14589,17,35,252,502
14590,29,32,4110,8218
14591,17,38,10671,21340
14592,29,35,1992,3982
14593,11,35,4029,8056
14594,29,38,1690,3378
14595,11,32,50,98
14596,17,38,7560,15118
14597,11,32,4169,8336
14598,23,41,7389,14776
14599,17,35,4109,8216
14600,11,32,4041,8080
14601,17,38,4877,9752
14602,23,35,5357,10712
14603,23,26,2196,4390
14604,17,38,11229,22456
14605,17,41,8606,17210
14606,23,38,12454,24906
14607,29,32,5827,11652
14608,17,35,9660,19318
14609,17,23,7020,14038
14610,41,35,3869,7736
14611,11,35,2757,5512
14612,17,41,1274,2546
14613,23,41,10950,21898
14614,29,41,4496,8990
14615,23,41,9804,19606
14616,17,20,798,1594
14617,23,38,10022,20042
14618,23,38,626,1250
14619,11,35,14122,28242
14620,23,35,8725,17448
14621,41,38,3482,6962
14622,35,32,7675,15348
14623,11,35,10892,21782
14624,17,38,2496,4990
14625,17,38,4661,9320
14626,17,41,10316,20630
14627,17,35,5223,10444
14628,35,29,12815,25628
14629,23,35,12165,24328
14630,17,32,9636,19270
14631,17,38,9132,18262
14632,5,38,9258,18514
14633,29,38,5496,10990
14634,29,38,1956,3910
14635,17,41,3758,7514
14636,35,38,4256,8510
14637,11,23,2685,5368
14638,23,41,12765,25528
14639,29,32,12245,24488
14640,23,35,6100,12198
14641,17,35,8702,17402
14642,11,32,8497,16992
14643,17,41,11091,22180
14644,29,32,7699,15396
14645,23,35,11945,23888
14646,17,38,11973,23944
14647,11,38,1295,2588
14648,23,41,6003,12004
14649,17,35,9686,19370
14650,17,32,6044,12086
14651,17,32,7747,15492
14652,29,35,12151,24300
14653,23,38,7825,15648
14654,11,32,8579,17156
14655,23,32,3599,7196
14656,17,38,8915,17828
14657,23,26,7012,14022
14658,17,38,5003,10004
14659,35,20,5840,11678
14660,23,32,10586,21170
14661,41,38,13013,26024
14662,11,38,13058,26114
14663,29,35,2371,4740
14664,29,38,6977,13952
14665,17,35,6498,12994
14666,11,29,1416,2830
14667,11,38,12833,25664
14668,17,38,10365,20728
14669,23,41,3798,7594
14670,11,38,14518,29034
14671,11,35,12259,24516
14672,17,38,2176,4350
14673,23,38,1484,2966
14674,23,35,11143,22284
14675,23,38,4429,8856
14676,17,38,8479,16956
14677,23,35,10553,21104
14678,11,32,3703,7404
14679,17,35,5242,10482
14680,17,41,14341,28680
14681,17,23,5561,11120
14682,17,41,12388,24774
14683,23,35,4082,8162
14684,35,38,6170,12338
14685,29,38,11513,23024
14686,11,35,5128,10254
14687,23,38,10039,20076
14688,23,35,11952,23902
14689,17,35,10453,20904
14690,23,38,9864,19726
14691,17,29,13184,26366
14692,17,38,1318,2634
14693,29,35,7974,15946
14694,11,38,14376,28750
14695,23,35,3173,6344
14696,11,32,537,1072
14697,11,35,226,450
14698,17,41,4666,9330
14699,35,41,11762,23522
14700,11,38,11454,22906
14701,23,32,8922,17842
14702,23,41,12006,24010
14703,29,38,9499,18996
14704,29,41,10314,20626
14705,29,41,5976,11950
14706,23,38,4794,9586
14707,17,35,2243,4484
14708,17,20,9306,18610
14709,17,38,7194,14386
14710,17,29,12887,25772
14711,23,38,1467,2932
14712,17,35,12314,24626
14713,35,32,9289,18576
14714,23,41,9928,19854
14715,11,29,8777,17552
14716,23,41,10330,20658
14717,5,35,2,2
14718,35,41,6048,12094
14719,23,35,9979,19956
14720,11,32,4090,8178
14721,17,35,12590,25178
14722,23,32,13189,26376
14723,17,41,6850,13698
14724,29,41,6375,12748
14725,17,35,4790,9578
14726,17,38,3938,7874
14727,23,41,13162,26322
14728,17,38,6563,13124
14729,11,38,12734,25466
14730,17,35,11202,22402
14731,23,38,8309,16616
14732,17,26,14529,29056
14733,29,41,5539,11076
14734,23,38,5048,10094
14735,11,38,1128,2254
14736,11,35,9458,18914
14737,29,41,9745,19488
14738,23,35,13099,26196
14739,11,41,13137,26272
14740,23,32,8615,17228
14741,29,32,13395,26788
14742,23,41,9691,19380
14743,23,38,7514,15026
14744,29,41,12920,25838
14745,29,38,6124,12246
14746,23,23,7084,14166
14747,29,29,10355,20708
14748,17,23,1901,3800
14749,23,32,5451,10900
14750,23,35,10634,21266
14751,17,32,1563,3124
14752,23,38,11185,22368
14753,17,32,1648,3294
14754,17,32,13724,27446
14755,11,38,4356,8710
14756,17,41,13752,27502
14757,11,35,7425,14848
14758,23,38,10331,20660
14759,17,23,10320,20638
14760,23,35,2748,5494
14761,29,41,1770,3538
14762,23,32,9506,19010
14763,17,38,12507,25012
14764,23,32,13170,26338
14765,17,32,5731,11460
14766,11,38,2895,5788
14767,17,38,12869,25736
14768,11,38,4039,8076
14769,23,32,4276,8550
14770,11,35,14239,28476
14771,29,38,640,1278
14772,23,35,7280,14558
14773,23,38,10143,20284
14774,11,41,10503,21004
14775,17,32,11434,22866
14776,35,26,3781,7560
14777,17,35,4404,8806
14778,17,35,8640,17278
14779,11,32,11265,22528
14780,11,32,1464,2926
14781,17,29,3016,6030
14782,23,26,7132,14262
14783,11,26,28,54
14784,23,38,7080,14158
14785,17,38,4164,8326
14786,23,29,1054,2106
14787,23,35,14545,29088
14788,17,38,1004,2006
14789,23,38,12371,24740
14790,11,35,385,768
14791,17,41,7511,15020
14792,17,38,4599,9196
14793,17,32,10466,20930
14794,11,29,6948,13894
14795,11,32,210,418
14796,17,35,2726,5450
14797,17,23,14162,28322
14798,23,35,8997,17992
14799,17,32,5037,10072
14800,17,38,1132,2262
14801,17,29,7762,15522
14802,17,38,741,1480
14803,17,32,12714,25426
14804,17,38,2549,5096
14805,23,32,7642,15282
14806,11,41,2828,5654
14807,11,29,5827,11652
14808,17,38,6783,13564
14809,35,38,11838,23674
14810,17,38,8111,16220
14811,11,32,12428,24854
14812,23,32,4230,8458
14813,11,32,412,822
14814,23,35,14022,28042
14815,17,35,9184,18366
14816,23,41,11709,23416
14817,17,29,6409,12816
14818,11,26,12994,25986
14819,11,29,8726,17450
14820,23,32,7171,14340
14821,23,32,2711,5420
14822,17,35,10534,21066
14823,17,35,5527,11052
14824,17,41,3638,7274
14825,17,32,5464,10926
14826,29,26,9758,19514
14827,23,38,11586,23170
14828,23,38,12118,24234
14829,17,26,3910,7818
14830,23,41,9440,18878
14831,29,41,11891,23780
14832,29,29,4476,8950
14833,11,32,8149,16296
14834,17,8,9271,18540
14835,17,32,4759,9516
14836,17,35,8847,17692
14837,23,32,223,444
14838,11,35,4060,8118
14839,17,41,992,1982
14840,17,38,5078,10154
14841,17,26,3738,7474
14842,23,35,11896,23790
14843,11,29,7289,14576
14844,17,32,6732,13462
14845,17,35,14582,29162
14846,23,35,4817,9632
14847,23,26,14182,28362
14848,17,38,7817,15632
14849,23,38,4349,8696
14850,23,32,6402,12802
14851,29,29,6510,13018
14852,17,41,251,500
14853,23,35,11514,23026
14854,11,38,12295,24588
14855,17,35,8829,17656
14856,17,38,6182,12362
14857,35,32,13137,26272
14858,41,35,9311,18620
14859,29,29,8779,17556
14860,17,41,1366,2730
14861,17,38,1502,3002
14862,35,32,10312,20622
14863,11,32,13621,27240
14864,17,41,10735,21468
14865,11,14,3252,6502
14866,17,38,3914,7826
14867,23,32,3070,6138
14868,17,32,13220,26438
14869,11,35,6792,13582
14870,17,41,224,446
14871,5,11,13941,27880
14872,23,38,2441,4880
14873,11,23,14698,29394
14874,23,38,2332,4662
14875,11,38,2649,5296
14876,11,32,7736,15470
14877,11,38,2154,4306
14878,17,32,4858,9714
14879,11,38,6903,13804
14880,11,35,10144,20286
14881,11,26,14620,29238
14882,23,41,13016,26030
14883,17,38,1244,2486
14884,23,35,438,874
14885,17,32,3320,6638
14886,11,29,3880,7758
14887,23,29,4986,9970
14888,11,41,13899,27796
14889,29,35,3099,6196
14890,17,35,7688,15374
14891,29,38,3018,6034
14892,29,35,10008,20014
14893,11,41,1528,3054
14894,23,35,12476,24950
14895,23,29,6298,12594
14896,17,29,100,198
14897,35,38,10306,20610
14898,11,32,2725,5448
14899,17,38,459,916
14900,11,32,12332,24662
14901,11,38,5600,11198
14902,41,38,3202,6402
14903,35,26,12197,24392
14904,23,35,11631,23260
14905,11,29,11395,22788
14906,17,38,2901,5800
14907,23,38,7782,15562
14908,11,38,6812,13622
14909,23,41,5217,10432
14910,23,26,11154,22306
14911,11,32,5599,11196
14912,17,41,3157,6312
14913,29,35,7555,15108
14914,35,35,9237,18472
14915,23,35,8612,17222
14916,23,29,3656,7310
14917,17,38,3416,6830
14918,17,32,7393,14784
14919,23,41,7674,15346
14920,35,38,13824,27646
14921,29,26,6149,12296
14922,17,38,7152,14302
14923,41,41,5206,10410
14924,23,38,7230,14458
14925,23,38,2573,5144
14926,17,35,12494,24986
14927,17,35,10726,21450
14928,29,32,9991,19980
14929,17,32,13595,27188
14930,17,38,818,1634
14931,29,38,12134,24266
14932,17,38,12520,25038
14933,17,35,462,922
14934,11,35,2875,5748
14935,17,41,14310,28618
14936,23,41,368,734
14937,17,41,11353,22704
14938,11,38,1395,2788
14939,11,32,5595,11188
14940,23,32,12088,24174
14941,35,29,9353,18704
14942,29,38,5218,10434
14943,11,35,6461,12920
14944,17,38,13293,26584
14945,17,41,3687,7372
14946,17,35,5148,10294
14947,17,41,12137,24272
14948,23,38,1278,2554
14949,17,35,5960,11918
14950,17,35,11134,22266
14951,23,38,3407,6812
14952,17,38,5382,10762
14953,17,32,3862,7722
14954,11,41,14815,29628
14955,23,38,8392,16782
14956,17,38,2049,4096
14957,11,38,2433,4864
14958,23,35,7599,15196
14959,11,32,12790,25578
14960,23,41,3043,6084
14961,41,38,4684,9366
14962,11,38,14365,28728
14963,11,35,9450,18898
14964,11,38,6529,13056
14965,23,38,4874,9746
14966,17,38,2840,5678
14967,11,38,5712,11422
14968,23,41,7997,15992
14969,17,41,4173,8344
14970,29,29,10891,21780
14971,23,35,5274,10546
14972,17,38,13984,27966
14973,23,29,10833,21664
14974,17,41,14751,29500
14975,11,38,6675,13348
14976,17,38,11186,22370
14977,11,20,14159,28316
14978,17,38,4937,9872
14979,23,38,8474,16946
14980,11,32,4701,9400
14981,17,29,6072,12142
14982,11,32,5902,11802
14983,29,35,4633,9264
14984,29,38,5865,11728
14985,23,32,6314,12626
14986,17,35,14594,29186
14987,17,35,8016,16030
14988,11,35,274,546
14989,17,35,8770,17538
14990,23,41,14358,28714
14991,29,38,6498,12994
14992,23,35,8817,17632
14993,11,26,2664,5326
14994,5,38,11148,22294
14995,23,38,674,1346
14996,23,41,8512,17022
14997,11,38,14405,28808
14998,11,26,5360,10718
14999,11,35,836,1670
15000,29,32,3259,6516
15001,23,32,1676,3350
15002,23,41,1548,3094
15003,11,38,3222,6442
15004,11,35,8273,16544
15005,29,29,9070,18138
15006,17,38,5950,11898
15007,23,35,12343,24684
15008,23,38,9027,18052
15009,29,32,4359,8716
15010,29,29,4703,9404
15011,11,41,8241,16480
15012,23,38,9325,18648
15013,23,38,8010,16018
15014,29,38,11156,22310
15015,23,38,8300,16598
15016,23,38,7448,14894
15017,17,38,13273,26544
15018,29,38,11133,22264
15019,23,35,9045,18088
15020,23,38,7463,14924
15021,17,35,6889,13776
15022,17,41,1021,2040
15023,17,38,6604,13206
15024,23,29,10138,20274
15025,11,32,7283,14564
15026,23,35,5079,10156
15027,17,29,6999,13996
15028,11,32,8254,16506
15029,23,32,5728,11454
15030,23,35,14806,29610
15031,11,38,13601,27200
15032,17,29,2891,5780
15033,29,32,13895,27788
15034,11,35,7248,14494
15035,23,38,10034,20066
15036,17,38,3305,6608
15037,23,35,1295,2588
15038,23,38,657,1312
15039,35,29,5919,11836
15040,17,38,6078,12154
15041,11,29,12764,25526
15042,17,35,12254,24506
15043,17,38,6102,12202
15044,23,38,1311,2620
15045,23,32,4958,9914
15046,17,38,9941,19880
15047,11,35,662,1322
15048,23,32,580,1158
15049,17,38,10641,21280
15050,17,32,10971,21940
15051,17,29,11950,23898
15052,17,41,13085,26168
15053,23,35,4002,8002
15054,17,38,7172,14342
15055,23,41,1892,3782
15056,11,41,7905,15808
15057,11,20,13055,26108
15058,23,35,7803,15604
15059,17,32,1977,3952
15060,23,38,4449,8896
15061,17,41,9673,19344
15062,17,35,5703,11404
15063,17,35,13977,27952
15064,11,32,2155,4308
15065,17,35,4834,9666
15066,23,32,14558,29114
15067,17,35,12540,25078
15068,23,32,7512,15022
15069,23,41,12648,25294
15070,17,32,2376,4750
15071,23,32,8897,17792
15072,17,35,14515,29028
15073,17,38,7501,15000
15074,17,35,5021,10040
15075,35,35,11752,23502
15076,23,38,4687,9372
15077,11,38,12715,25428
15078,23,41,14302,28602
15079,23,38,2722,5442
15080,11,35,14163,28324
15081,29,41,8171,16340
15082,23,32,1347,2692
15083,17,29,12386,24770
15084,11,32,13956,27910
15085,17,35,952,1902
15086,23,26,12229,24456
15087,23,35,828,1654
15088,5,35,9381,18760
15089,17,41,5530,11058
15090,23,32,13358,26714
15091,17,29,7971,15940
15092,23,41,9783,19564
15093,23,38,13532,27062
15094,23,29,11364,22726
15095,17,38,1539,3076
15096,17,38,6599,13196
15097,23,35,9504,19006
15098,23,38,1900,3798
15099,23,29,8153,16304
15100,23,38,3695,7388
15101,17,32,3030,6058
15102,23,41,11009,22016
15103,29,29,14588,29174
15104,29,35,3638,7274
15105,11,35,12394,24786
15106,17,41,2923,5844
15107,17,35,10906,21810
15108,29,38,14494,28986
15109,17,35,4939,9876
15110,17,35,10746,21490
15111,41,38,12784,25566
15112,17,38,7816,15630
15113,35,41,1054,2106
15114,17,35,12247,24492
15115,17,38,13515,27028
15116,11,32,7861,15720
15117,17,32,11743,23484
15118,11,32,9823,19644
15119,29,38,754,1506
15120,23,35,4520,9038
15121,23,38,5397,10792
15122,17,41,4198,8394
15123,17,32,14791,29580
15124,23,38,10698,21394
15125,23,38,10263,20524
15126,29,38,13264,26526
15127,11,41,10109,20216
15128,17,38,9641,19280
15129,17,26,13918,27834
15130,23,41,14123,28244
15131,23,38,6337,12672
15132,23,38,1875,3748
15133,17,29,1756,3510
15134,29,41,11579,23156
15135,23,41,6447,12892
15136,17,38,4694,9386
15137,17,35,12872,25742
15138,11,35,7609,15216
15139,11,38,8532,17062
15140,17,32,5948,11894
15141,23,38,12147,24292
15142,23,35,2590,5178
15143,23,35,13297,26592
15144,29,29,7587,15172
15145,17,38,9045,18088
15146,17,38,607,1212
15147,23,35,12924,25846
15148,11,29,3446,6890
15149,11,29,8299,16596
15150,11,35,2664,5326
15151,11,38,3867,7732
15152,35,41,12450,24898
15153,29,35,10665,21328
15154,23,38,515,1028
15155,17,38,6162,12322
15156,11,35,2509,5016
15157,23,35,12022,24042
15158,11,41,7855,15708
15159,11,38,9502,19002
15160,29,35,9530,19058
15161,11,29,3004,6006
15162,29,35,14559,29116
15163,23,38,4169,8336
15164,29,29,11625,23248
15165,23,38,8379,16756
15166,11,38,15143,30284
15167,17,32,9855,19708
15168,11,32,3191,6380
15169,29,35,13653,27304
15170,17,38,11253,22504
15171,23,41,3862,7722
15172,41,41,7338,14674
15173,29,32,5578,11154
15174,17,41,11425,22848
15175,11,32,12944,25886
15176,29,35,6346,12690
15177,17,35,13031,26060
15178,23,38,9583,19164
15179,11,38,14543,29084
15180,5,29,14779,29556
15181,23,41,387,772
15182,29,38,7284,14566
15183,5,29,3394,6786
15184,23,35,10428,20854
15185,17,38,13996,27990
15186,11,29,14579,29156
15187,23,38,5796,11590
15188,17,41,14431,28860
15189,35,32,12110,24218
15190,23,38,6717,13432
15191,23,32,2646,5290
15192,17,38,7783,15564
15193,41,35,7422,14842
15194,17,32,10838,21674
15195,23,29,14232,28462
15196,23,38,6705,13408
15197,29,35,11045,22088
15198,17,32,6018,12034
15199,23,35,2272,4542
15200,17,35,13436,26870
15201,23,41,3481,6960
15202,17,35,26,50
15203,11,32,12136,24270
15204,23,41,8193,16384
15205,23,35,7443,14884
15206,23,26,2522,5042
15207,23,35,14981,29960
15208,17,38,13843,27684
15209,23,35,9344,18686
15210,17,41,7748,15494
15211,17,38,5902,11802
15212,29,38,13766,27530
15213,17,38,9145,18288
15214,17,38,14461,28920
15215,17,38,7453,14904
15216,23,41,12962,25922
15217,17,32,14672,29342
15218,17,32,13352,26702
15219,11,38,14448,28894
15220,23,41,9393,18784
15221,17,38,13239,26476
15222,41,38,9797,19592
15223,23,41,7849,15696
15224,11,38,15212,30422
15225,29,41,12963,25924
15226,29,26,13769,27536
15227,11,32,6283,12564
15228,11,38,14915,29828
15229,11,32,8216,16430
15230,17,41,1244,2486
15231,23,32,9303,18604
15232,17,35,2145,4288
15233,17,38,11248,22494
15234,29,41,9795,19588
15235,23,38,10746,21490
15236,23,38,11034,22066
15237,23,32,13846,27690
15238,23,35,12316,24630
15239,17,32,7031,14060
15240,29,35,11939,23876
15241,17,38,12522,25042
15242,17,32,9712,19422
15243,17,38,4887,9772
15244,17,29,6059,12116
15245,23,38,3884,7766
15246,11,20,5597,11192
15247,29,41,6075,12148
15248,17,38,3541,7080
15249,17,41,5415,10828
15250,23,35,13943,27884
15251,23,41,7434,14866
15252,17,41,11962,23922
15253,17,32,5340,10678
15254,17,38,15081,30160
15255,29,38,9261,18520
15256,17,32,7021,14040
15257,23,38,7127,14252
15258,23,41,12580,25158
15259,23,35,7782,15562
15260,29,32,4075,8148
15261,29,41,4260,8518
15262,5,35,5488,10974
15263,17,35,6204,12406
15264,11,38,5050,10098
15265,17,32,4867,9732
15266,29,32,8952,17902
15267,11,38,10649,21296
15268,23,32,11429,22856
15269,17,41,15054,30106
15270,23,32,10400,20798
15271,17,41,11253,22504
15272,23,26,12736,25470
15273,11,35,10317,20632
15274,17,38,1533,3064
15275,17,38,7703,15404
15276,17,38,5856,11710
15277,29,26,3371,6740
15278,17,38,1276,2550
15279,17,35,15254,30506
15280,17,32,12018,24034
15281,11,38,11659,23316
15282,17,38,6533,13064
15283,23,41,665,1328
15284,23,32,8319,16636
15285,17,41,4527,9052
15286,17,38,5889,11776
15287,35,38,10829,21656
15288,17,35,11273,22544
15289,11,38,6392,12782
15290,17,35,3997,7992
15291,23,38,15137,30272
15292,23,38,14827,29652
15293,29,29,2431,4860
15294,23,35,10377,20752
15295,11,41,2087,4172
15296,23,41,740,1478
15297,17,26,5049,10096
15298,23,32,11989,23976
15299,5,35,9909,19816
15300,29,32,9673,19344
15301,23,35,9244,18486
15302,17,32,1710,3418
15303,17,38,7040,14078
15304,23,41,10444,20886
15305,17,38,1607,3212
15306,35,29,4049,8096
15307,17,35,3402,6802
15308,17,38,1424,2846
15309,11,41,15038,30074
15310,23,32,12597,25192
15311,29,32,6811,13620
15312,17,41,8057,16112
15313,17,29,9317,18632
15314,23,32,7993,15984
15315,23,29,1809,3616
15316,29,41,4504,9006
15317,23,35,11745,23488
15318,29,35,9496,18990
15319,23,26,6792,13582
15320,17,38,14391,28780
15321,23,41,9708,19414
15322,5,23,535,1068
15323,17,35,1199,2396
15324,17,38,12902,25802
15325,17,17,12212,24422
15326,17,32,797,1592
15327,23,32,8688,17374
15328,11,38,4425,8848
15329,11,41,1056,2110
15330,17,38,1708,3414
15331,5,38,7091,14180
15332,23,38,8404,16806
15333,11,32,66,130
15334,11,35,8792,17582
15335,17,38,3634,7266
15336,23,35,9947,19892
15337,11,29,12027,24052
15338,11,35,8142,16282
15339,17,26,30,58
15340,17,38,14810,29618
15341,23,41,11910,23818
15342,17,41,14743,29484
15343,5,35,13167,26332
15344,23,38,10914,21826
15345,11,29,11465,22928
15346,17,38,12388,24774
15347,23,23,8933,17864
15348,11,35,1712,3422
15349,23,38,6837,13672
15350,23,41,11466,22930
15351,5,32,710,1418
15352,11,41,14211,28420
15353,11,35,11212,22422
15354,23,29,9220,18438
15355,23,38,8672,17342
15356,11,29,9013,18024
15357,17,26,12686,25370
15358,11,38,11518,23034
15359,17,41,2752,5502
15360,17,38,10300,20598
15361,11,35,2179,4356
15362,35,38,11992,23982
15363,17,26,5612,11222
15364,17,41,7154,14306
15365,17,35,9650,19298
15366,17,38,5264,10526
15367,23,35,6630,13258
15368,29,35,8077,16152
15369,5,32,15330,30658
15370,23,38,12640,25278
15371,17,38,1873,3744
15372,23,35,12592,25182
15373,23,35,5123,10244
15374,29,29,8273,16544
15375,23,38,1721,3440
15376,23,38,4506,9010
15377,17,32,4332,8662
15378,23,35,2232,4462
15379,29,38,9817,19632
15380,23,41,3780,7558
15381,17,23,6069,12136
15382,17,35,15259,30516
15383,23,35,5472,10942
15384,23,38,7352,14702
15385,17,38,12735,25468
15386,29,26,11270,22538
15387,11,35,4788,9574
15388,23,38,6978,13954
15389,11,26,14038,28074
15390,35,35,10382,20762
15391,29,35,694,1386
15392,23,26,8628,17254
15393,5,32,5975,11948
15394,35,35,8414,16826
15395,17,35,7559,15116
15396,17,35,2212,4422
15397,23,35,1101,2200
15398,17,29,6601,13200
15399,17,41,4546,9090
15400,35,41,3751,7500
15401,17,26,12964,25926
15402,17,38,9831,19660
15403,29,32,9333,18664
15404,17,38,1976,3950
15405,23,35,2182,4362
15406,29,29,8499,16996
15407,17,35,4652,9302
15408,17,38,15249,30496
15409,17,29,1730,3458
15410,17,32,12574,25146
15411,11,32,13748,27494
15412,17,41,1906,3810
15413,23,35,10313,20624
15414,23,41,2119,4236
15415,23,38,8451,16900
15416,29,38,8436,16870
15417,17,29,1491,2980
15418,17,38,1654,3306
15419,11,26,1775,3548
15420,17,35,14498,28994
15421,35,38,2746,5490
15422,23,35,2788,5574
15423,11,41,14866,29730
15424,35,41,15267,30532
15425,17,41,8380,16758
15426,35,38,6840,13678
15427,11,38,10706,21410
15428,11,41,4195,8388
15429,23,41,4203,8404
15430,29,38,4368,8734
15431,17,35,8924,17846
15432,47,38,4775,9548
15433,29,38,5999,11996
15434,11,41,4377,8752
15435,23,35,12220,24438
15436,23,38,12026,24050
15437,23,41,4240,8478
15438,23,41,2521,5040
15439,23,38,1494,2986
15440,17,29,14430,28858
15441,11,23,7781,15560
15442,17,41,937,1872
15443,17,41,10171,20340
15444,17,35,8523,17044
15445,23,23,13817,27632
15446,29,35,6791,13580
15447,17,35,538,1074
15448,23,38,11976,23950
15449,17,41,3435,6868
15450,5,38,389,776
15451,17,35,3890,7778
15452,11,23,12252,24502
15453,29,35,1595,3188
15454,11,8,1932,3862
15455,17,41,4584,9166
15456,35,38,14265,28528
15457,29,35,7542,15082
15458,17,41,15217,30432
15459,17,38,8754,17506
15460,53,35,15109,30216
15461,17,35,10889,21776
15462,29,41,11824,23646
15463,17,41,13726,27450
15464,17,26,6614,13226
15465,17,29,2703,5404
15466,23,29,8111,16220
15467,11,35,8108,16214
15468,17,32,5596,11190
15469,23,38,8532,17062
15470,29,38,4178,8354
15471,11,32,4901,9800
15472,11,29,7510,15018
15473,23,35,3925,7848
15474,17,29,12739,25476
15475,17,26,8311,16620
15476,23,38,9126,18250
15477,17,32,7550,15098
15478,17,38,2634,5266
15479,23,38,13544,27086
15480,23,32,4677,9352
15481,23,38,13688,27374
15482,11,35,12228,24454
15483,23,38,9418,18834
15484,17,41,114,226
15485,17,32,4526,9050
15486,41,41,5377,10752
15487,17,29,8243,16484
15488,11,29,13083,26164
15489,35,32,2367,4732
15490,17,35,12014,24026
15491,35,35,8753,17504
15492,5,35,14286,28570
15493,41,38,1843,3684
15494,17,38,12292,24582
15495,5,35,3687,7372
15496,11,35,15150,30298
15497,17,38,13573,27144
15498,29,32,13493,26984
15499,17,38,11846,23690
15500,23,38,7994,15986
15501,29,41,13677,27352
15502,17,32,7940,15878
15503,17,32,9469,18936
15504,17,35,9784,19566
15505,17,35,13957,27912
15506,23,35,7058,14114
15507,17,41,12705,25408
15508,17,29,6495,12988
15509,29,41,12414,24826
15510,23,38,6117,12232
15511,29,41,14264,28526
15512,11,38,10889,21776
15513,23,41,14528,29054
15514,29,32,7809,15616
15515,23,32,4356,8710
15516,29,26,4090,8178
15517,29,29,5499,10996
15518,29,38,108,214
15519,23,38,1575,3148
15520,23,35,10498,20994
15521,35,35,215,428
15522,11,38,6587,13172
15523,17,38,13073,26144
15524,17,41,14038,28074
15525,23,41,5735,11468
15526,23,35,2320,4638
15527,17,41,11573,23144
15528,23,35,10161,20320
15529,23,35,4588,9174
15530,23,41,7830,15658
15531,17,35,5858,11714
15532,17,35,9307,18612
15533,23,41,1424,2846
15534,17,35,6845,13688
15535,5,38,15314,30626
15536,17,32,7334,14666
15537,29,41,5808,11614
15538,17,41,11237,22472
15539,11,35,3834,7666
15540,17,29,12580,25158
15541,23,17,3643,7284
15542,23,38,12380,24758
15543,11,38,502,1002
15544,29,38,6880,13758
15545,17,38,12381,24760
15546,23,38,13480,26958
15547,23,41,14047,28092
15548,23,35,4748,9494
15549,23,23,1518,3034
15550,23,38,7415,14828
15551,35,38,4819,9636
15552,23,29,13044,26086
15553,11,29,4723,9444
15554,23,38,8328,16654
15555,35,29,7094,14186
15556,41,35,6832,13662
15557,17,11,10696,21390
15558,23,41,8896,17790
15559,23,23,3707,7412
15560,29,38,8933,17864
15561,11,35,7503,15004
15562,29,38,3681,7360
15563,17,35,8271,16540
15564,23,29,6703,13404
15565,23,35,8478,16954
15566,11,35,13100,26198
15567,29,41,3374,6746
15568,17,29,10414,20826
15569,23,38,8113,16224
15570,35,41,13087,26172
15571,17,41,12504,25006
15572,23,38,10007,20012
15573,11,41,37,72
15574,41,38,9633,19264
15575,23,41,9996,19990
15576,23,38,15027,30052
15577,29,35,14912,29822
15578,23,38,987,1972
15579,23,38,12416,24830
15580,23,29,13435,26868
15581,17,38,15033,30064
15582,23,29,14411,28820
15583,17,38,13406,26810
15584,11,35,11851,23700
15585,23,38,7873,15744
15586,23,38,12064,24126
15587,35,35,4029,8056
15588,23,35,2325,4648
15589,17,38,744,1486
15590,35,38,709,1416
15591,11,41,8860,17718
15592,23,29,137,272
15593,17,38,8663,17324
15594,11,32,9433,18864
15595,11,35,10375,20748
15596,23,35,13171,26340
15597,11,20,9869,19736
15598,23,38,5713,11424
15599,17,35,6264,12526
15600,11,38,1525,3048
15601,17,38,11371,22740
15602,35,38,2240,4478
15603,11,38,3826,7650
15604,23,26,1980,3958
15605,23,41,2490,4978
15606,17,35,5490,10978
15607,17,26,3444,6886
15608,35,35,11664,23326
15609,17,38,7483,14964
15610,17,38,11683,23364
15611,23,35,12031,24060
15612,23,38,10345,20688
15613,23,35,14777,29552
15614,29,35,8863,17724
15615,17,23,3112,6222
15616,11,29,6237,12472
15617,23,38,8795,17588
15618,11,26,6802,13602
15619,23,41,5799,11596
15620,23,35,3801,7600
15621,11,41,3589,7176
15622,11,38,14827,29652
15623,17,38,8485,16968
15624,11,35,9448,18894
15625,23,35,8762,17522
15626,5,32,7040,14078
15627,17,41,3305,6608
15628,23,23,3846,7690
15629,11,38,9658,19314
15630,11,38,5514,11026
15631,35,29,10701,21400
15632,11,32,7686,15370
15633,5,41,3165,6328
15634,35,26,11390,22778
15635,11,41,6410,12818
15636,17,32,2737,5472
15637,17,35,10029,20056
15638,17,29,4535,9068
15639,11,35,6005,12008
15640,17,38,8776,17550
15641,11,41,2317,4632
15642,23,41,12385,24768
15643,23,35,1881,3760
15644,23,41,13673,27344
15645,23,38,9257,18512
15646,23,41,4314,8626
15647,17,41,3649,7296
15648,35,38,12709,25416
15649,11,38,987,1972
15650,11,38,14804,29606
15651,5,32,2162,4322
15652,5,32,12293,24584
15653,29,32,4730,9458
15654,35,38,6391,12780
15655,17,35,8833,17664
15656,11,35,4696,9390
15657,17,35,6877,13752
15658,17,38,11102,22202
15659,17,35,3274,6546
15660,29,38,13979,27956
15661,5,32,6737,13472
15662,17,32,13436,26870
15663,17,35,12807,25612
15664,23,35,14956,29910
15665,17,29,14334,28666
15666,11,41,6630,13258
15667,5,35,4601,9200
15668,17,35,3936,7870
15669,17,29,12869,25736
15670,23,41,4033,8064
15671,29,38,7095,14188
15672,23,35,8114,16226
15673,29,38,4493,8984
15674,17,32,10733,21464
15675,23,32,11729,23456
15676,17,29,1056,2110
15677,35,38,1136,2270
15678,23,38,5987,11972
15679,23,35,9015,18028
15680,11,26,6891,13780
15681,23,38,9212,18422
15682,17,41,10083,20164
15683,17,26,1071,2140
15684,29,35,7945,15888
15685,35,38,12520,25038
15686,17,41,14879,29756
15687,23,29,2833,5664
15688,17,38,2547,5092
15689,17,38,8769,17536
15690,17,29,13867,27732
15691,23,38,11583,23164
15692,17,41,7488,14974
15693,17,38,11029,22056
15694,17,38,6876,13750
15695,11,41,1222,2442
15696,23,38,7597,15192
15697,17,35,9461,18920
15698,17,35,12130,24258
15699,17,32,12331,24660
15700,17,32,14957,29912
15701,17,29,15410,30818
15702,29,35,830,1658
15703,17,38,15348,30694
15704,23,41,8937,17872
15705,17,38,9385,18768
15706,17,41,14129,28256
15707,11,35,11661,23320
15708,11,35,4168,8334
15709,5,41,554,1106
15710,11,32,8859,17716
15711,11,38,2948,5894
15712,29,35,2987,5972
15713,17,11,6875,13748
15714,23,41,43,84
15715,11,38,3343,6684
15716,11,35,4368,8734
15717,11,38,12441,24880
15718,29,35,11300,22598
15719,17,35,3896,7790
15720,17,38,13012,26022
15721,17,32,406,810
15722,17,38,12353,24704
15723,29,38,9887,19772
15724,23,41,11625,23248
15725,29,41,13209,26416
15726,29,29,15374,30746
15727,11,35,5817,11632
15728,29,32,9529,19056
15729,29,38,9967,19932
15730,29,35,9602,19202
15731,23,41,14500,28998
15732,29,41,14287,28572
15733,17,41,10000,19998
15734,29,38,7508,15014
15735,29,38,2414,4826
15736,11,41,7104,14206
15737,17,35,1909,3816
15738,23,35,8702,17402
15739,29,35,13292,26582
15740,23,32,5280,10558
15741,11,35,13793,27584
15742,11,35,7121,14240
15743,23,41,5332,10662
15744,11,38,3096,6190
15745,17,23,15560,31118
15746,29,41,14588,29174
15747,11,35,15195,30388
15748,23,35,13798,27594
15749,17,32,944,1886
15750,17,35,13316,26630
15751,23,41,3162,6322
15752,17,29,11366,22730
15753,23,29,8846,17690
15754,23,38,11728,23454
15755,17,38,15262,30522
15756,11,35,4196,8390
15757,23,38,10487,20972
15758,11,14,15266,30530
15759,29,41,2565,5128
15760,17,20,3325,6648
15761,17,38,852,1702
15762,17,38,12901,25800
15763,29,32,10106,20210
15764,17,38,10585,21168
15765,23,41,2552,5102
15766,17,38,5775,11548
15767,17,41,7245,14488
15768,23,38,6761,13520
15769,41,29,4324,8646
15770,17,32,6305,12608
15771,23,41,845,1688
15772,23,29,3001,6000
15773,11,20,1602,3202
15774,23,41,6041,12080
15775,11,35,1735,3468
15776,29,32,390,778
15777,17,38,12616,25230
15778,23,35,4426,8850
15779,23,38,868,1734
15780,11,35,12747,25492
15781,23,32,3705,7408
15782,23,32,4322,8642
15783,17,35,6354,12706
15784,11,8,5920,11838
15785,23,41,7543,15084
15786,17,38,8125,16248
15787,23,41,15407,30812
15788,5,38,13430,26858
15789,17,35,6056,12110
15790,29,35,650,1298
15791,23,32,6330,12658
15792,59,35,4321,8640
15793,23,38,10191,20380
15794,17,38,5530,11058
15795,29,41,11522,23042
15796,17,32,14555,29108
15797,29,41,7883,15764
15798,17,35,4876,9750
15799,29,35,14606,29210
15800,17,26,6695,13388
15801,17,35,9132,18262
15802,23,38,3971,7940
15803,23,20,6544,13086
15804,23,38,2594,5186
15805,17,41,716,1430
15806,23,38,6692,13382
15807,11,38,8071,16140
15808,23,38,5848,11694
15809,17,26,4289,8576
15810,11,38,11299,22596
15811,17,32,11663,23324
15812,23,38,2201,4400
15813,17,38,654,1306
15814,17,35,2374,4746
15815,11,38,15010,30018
15816,23,32,7513,15024
15817,17,35,3934,7866
15818,17,41,6158,12314
15819,17,32,15704,31406
15820,23,29,12683,25364
15821,23,38,1187,2372
15822,29,32,3886,7770
15823,17,41,4191,8380
15824,17,29,4682,9362
15825,23,26,15672,31342
15826,29,38,13366,26730
15827,5,26,1329,2656
15828,23,38,10392,20782
15829,17,29,11979,23956
15830,11,35,1031,2060
15831,23,38,5181,10360
15832,23,41,4393,8784
15833,23,38,10209,20416
15834,11,38,1145,2288
15835,5,32,53,104
15836,23,41,10629,21256
15837,17,35,2354,4706
15838,11,35,10003,20004
15839,23,38,1835,3668
15840,17,32,4943,9884
15841,17,29,5120,10238
15842,17,38,3999,7996
15843,23,35,3717,7432
15844,17,23,14174,28346
15845,17,38,6094,12186
15846,11,26,12224,24446
15847,23,38,15237,30472
15848,35,38,2570,5138
15849,23,38,6499,12996
15850,23,38,3062,6122
15851,17,32,5377,10752
15852,17,32,2359,4716
15853,23,35,8426,16850
15854,23,41,12854,25706
15855,23,41,10110,20218
15856,23,38,1299,2596
15857,17,35,4192,8382
15858,17,38,4031,8060
15859,11,38,1752,3502
15860,17,38,13097,26192
15861,29,38,1702,3402
15862,11,38,1848,3694
15863,23,38,6322,12642
15864,17,35,3149,6296
15865,17,29,7203,14404
15866,23,35,14623,29244
15867,17,41,11618,23234
15868,17,29,12320,24638
15869,17,32,7199,14396
15870,17,38,6465,12928
15871,17,35,12140,24278
15872,17,38,4928,9854
15873,11,35,8259,16516
15874,23,38,8210,16418
15875,29,29,7517,15032
15876,17,35,14121,28240
15877,23,38,11580,23158
15878,23,38,13623,27244
15879,17,35,1818,3634
15880,11,35,13876,27750
15881,23,38,13366,26730
15882,11,29,12423,24844
15883,11,41,3702,7402
15884,17,35,1609,3216
15885,17,35,2902,5802
15886,17,35,9018,18034
15887,23,32,10542,21082
15888,23,38,7747,15492
15889,23,38,9115,18228
15890,23,35,4448,8894
15891,17,23,10488,20974
15892,11,38,3915,7828
15893,17,35,4333,8664
15894,17,32,1481,2960
15895,17,38,5209,10416
15896,17,32,5173,10344
15897,41,35,15398,30794
15898,11,35,9309,18616
15899,11,35,6928,13854
15900,29,41,7563,15124
15901,17,35,1533,3064
15902,23,41,12256,24510
15903,23,41,5930,11858
15904,47,38,15172,30342
15905,29,29,15765,31528
15906,11,38,10365,20728
15907,17,29,7408,14814
15908,29,26,13143,26284
15909,11,41,1522,3042
15910,29,35,15845,31688
15911,11,29,8684,17366
15912,17,32,12796,25590
15913,41,38,13381,26760
15914,23,32,3473,6944
15915,23,26,6559,13116
15916,29,35,11934,23866
15917,29,38,8016,16030
15918,29,35,190,378
15919,23,38,4114,8226
15920,29,38,8407,16812
15921,29,41,11429,22856
15922,35,29,4306,8610
15923,17,32,14249,28496
15924,23,41,4066,8130
15925,17,32,2993,5984
15926,23,29,1537,3072
15927,17,35,12944,25886
15928,17,38,14327,28652
15929,17,38,14538,29074
15930,23,35,10418,20834
15931,35,38,4455,8908
15932,17,35,9261,18520
15933,17,32,8860,17718
15934,23,41,13514,27026
15935,11,29,7703,15404
15936,23,38,11048,22094
15937,17,35,10826,21650
15938,11,41,14278,28554
15939,29,35,15181,30360
15940,11,38,14875,29748
15941,23,41,797,1592
15942,17,23,5044,10086
15943,17,35,11649,23296
15944,23,35,1483,2964
15945,23,41,10022,20042
15946,23,41,6726,13450
15947,17,38,11035,22068
15948,23,38,15405,30808
15949,11,32,13434,26866
15950,29,41,4178,8354
15951,17,29,5436,10870
15952,23,35,10782,21562
15953,35,35,2129,4256
15954,29,38,3301,6600
15955,17,32,1877,3752
15956,23,35,5643,11284
15957,23,41,8404,16806
15958,17,32,9373,18744
15959,23,38,7990,15978
15960,23,35,6634,13266
15961,11,41,6551,13100
15962,17,38,5596,11190
15963,11,41,15676,31350
15964,17,35,13146,26290
15965,23,26,10320,20638
15966,23,38,11302,22602
15967,17,35,11255,22508
15968,23,32,2035,4068
15969,23,38,14044,28086
15970,5,38,15644,31286
15971,17,35,1088,2174
15972,23,41,372,742
15973,11,35,15502,31002
15974,17,38,5784,11566
15975,11,32,10303,20604
15976,29,26,6521,13040
15977,23,29,14620,29238
15978,17,32,3893,7784
15979,17,29,3479,6956
15980,29,38,2755,5508
15981,17,35,13324,26646
15982,17,38,13249,26496
15983,23,11,999,1996
15984,29,41,745,1488
15985,17,32,8544,17086
15986,5,35,13935,27868
15987,23,41,10400,20798
15988,11,35,9886,19770
15989,29,35,9240,18478
15990,11,38,10897,21792
15991,17,32,8596,17190
15992,23,26,9714,19426
15993,17,41,6471,12940
15994,23,32,5427,10852
15995,23,32,3648,7294
15996,23,41,7486,14970
15997,17,38,7419,14836
15998,23,32,2742,5482
15999,17,35,14057,28112
16000,23,38,2603,5204
16001,23,38,11113,22224
16002,11,38,13698,27394
16003,23,26,8721,17440
16004,35,38,12195,24388
16005,23,38,7754,15506
16006,11,35,12555,25108
16007,17,38,9650,19298
16008,11,35,5357,10712
16009,23,38,12845,25688
16010,17,35,13364,26726
16011,23,32,11234,22466
16012,17,38,15698,31394
16013,23,35,15916,31830
16014,35,35,6877,13752
16015,11,35,15762,31522
16016,17,35,12610,25218
16017,11,38,1037,2072
16018,23,35,839,1676
16019,29,35,11565,23128
16020,17,32,12085,24168
16021,11,38,6053,12104
16022,23,41,15728,31454
16023,23,23,2942,5882
16024,17,38,5102,10202
16025,23,32,7831,15660
16026,17,38,3225,6448
16027,5,35,268,534
16028,29,41,1368,2734
16029,23,32,8054,16106
16030,17,38,8608,17214
16031,11,38,76,150
16032,17,32,10075,20148
16033,23,35,12435,24868
16034,23,41,7463,14924
16035,29,38,9784,19566
16036,11,32,9182,18362
16037,17,38,13502,27002
16038,17,41,9190,18378
16039,23,35,575,1148
16040,17,35,8125,16248
16041,23,41,11444,22886
16042,29,38,13749,27496
16043,17,38,15732,31462
16044,23,32,10614,21226
16045,29,32,2764,5526
16046,11,32,11650,23298
16047,17,41,12299,24596
16048,11,35,840,1678
16049,35,38,5344,10686
16050,11,35,2494,4986
16051,23,35,4321,8640
16052,35,35,6304,12606
16053,29,35,14677,29352
16054,17,38,12027,24052
16055,17,29,7131,14260
16056,29,26,15022,30042
16057,5,41,11029,22056
16058,17,32,14873,29744
16059,17,41,710,1418
16060,17,38,8761,17520
16061,17,38,1503,3004
16062,23,38,2954,5906
16063,11,38,9199,18396
16064,29,35,12096,24190
16065,17,41,7989,15976
16066,23,41,1901,3800
16067,23,35,9165,18328
16068,23,38,15254,30506
16069,17,41,12318,24634
16070,23,35,4483,8964
16071,17,38,4357,8712
16072,11,35,11373,22744
16073,17,38,11263,22524
16074,23,38,11555,23108
16075,17,41,10280,20558
16076,5,41,9216,18430
16077,17,38,1771,3540
16078,17,35,3803,7604
16079,23,41,4861,9720
16080,23,38,12561,25120
16081,17,29,6831,13660
16082,17,38,12503,25004
16083,23,38,402,802
16084,47,35,6522,13042
16085,17,38,8277,16552
16086,23,35,4888,9774
16087,23,35,7875,15748
16088,23,41,2960,5918
16089,23,38,9952,19902
16090,23,38,15696,31390
16091,23,41,3323,6644
16092,17,38,1278,2554
16093,23,38,11423,22844
16094,23,41,419,836
16095,11,35,302,602
16096,23,38,6606,13210
16097,23,38,6031,12060
16098,5,29,3283,6564
16099,23,35,4005,8008
16100,23,38,4435,8868
16101,17,38,8166,16330
16102,11,35,10467,20932
16103,29,41,11043,22084
16104,29,41,5666,11330
16105,17,35,3975,7948
16106,11,32,5557,11112
16107,23,38,8673,17344
16108,17,35,4808,9614
16109,17,32,15598,31194
16110,23,35,14816,29630
16111,23,38,14044,28086
16112,11,38,12188,24374
16113,23,38,6063,12124
16114,29,32,10408,20814
16115,17,41,13222,26442
16116,23,38,1048,2094
16117,17,35,8376,16750
16118,23,38,11013,22024
16119,23,35,11543,23084
16120,35,32,9437,18872
16121,17,38,10503,21004
16122,5,41,1503,3004
16123,11,38,14606,29210
16124,17,38,14182,28362
16125,11,38,8769,17536
16126,23,32,8323,16644
16127,23,41,1555,3108
16128,17,41,13525,27048
16129,23,32,12340,24678
16130,17,41,11451,22900
16131,17,38,12801,25600
16132,35,38,9293,18584
16133,17,41,3047,6092
16134,23,32,4623,9244
16135,11,29,12495,24988
16136,11,38,15701,31400
16137,17,38,7279,14556
16138,17,41,6765,13528
16139,41,41,1547,3092
16140,23,29,13979,27956
16141,17,41,11963,23924
16142,11,32,4500,8998
16143,11,29,6573,13144
16144,29,38,3099,6196
16145,29,35,15351,30700
16146,11,35,7466,14930
16147,17,38,12098,24194
16148,23,38,12054,24106
16149,23,2,8076,16150
16150,23,35,11202,22402
16151,29,41,13130,26258
16152,17,29,3831,7660
16153,35,41,2834,5666
16154,23,38,13939,27876
16155,11,38,13743,27484
16156,23,35,170,338
16157,23,41,11601,23200
16158,17,38,15127,30252
16159,35,38,15692,31382
16160,17,35,854,1706
16161,17,35,13702,27402
16162,17,29,11664,23326
16163,23,26,9818,19634
16164,11,38,1520,3038
16165,17,38,9769,19536
16166,17,35,5465,10928
16167,17,41,10714,21426
16168,17,35,15660,31318
16169,23,41,3960,7918
16170,17,38,8375,16748
16171,23,41,15875,31748
16172,17,41,11350,22698
16173,11,38,1919,3836
16174,23,41,13327,26652
16175,23,38,4310,8618
16176,23,38,2589,5176
16177,23,38,12328,24654
16178,41,38,8446,16890
16179,11,38,4533,9064
16180,23,32,11052,22102
16181,11,38,8255,16508
16182,11,35,617,1232
16183,11,32,1397,2792
16184,17,38,7426,14850
16185,35,23,10557,21112
16186,23,38,10798,21594
16187,17,38,2839,5676
16188,17,41,1299,2596
16189,17,35,10209,20416
16190,23,35,7451,14900
16191,35,29,8143,16284
16192,17,32,2396,4790
16193,11,32,2378,4754
16194,17,29,15450,30898
16195,23,35,1206,2410
16196,23,23,15626,31250
16197,23,38,11919,23836
16198,11,38,2464,4926
16199,23,41,15473,30944
16200,17,41,8825,17648
16201,23,35,12224,24446
16202,11,35,15399,30796
16203,11,38,11367,22732
16204,23,35,5998,11994
16205,11,32,2712,5422
16206,29,23,11206,22410
16207,17,41,12776,25550
16208,23,26,7249,14496
16209,17,35,10687,21372
16210,11,17,1265,2528
16211,17,35,2177,4352
16212,17,32,13670,27338
16213,17,38,2039,4076
16214,11,23,12604,25206
16215,17,32,11963,23924
16216,11,29,12177,24352
16217,29,35,15771,31540
16218,17,35,15439,30876
16219,17,41,16152,32302
16220,17,35,14791,29580
16221,17,35,5358,10714
16222,11,35,9960,19918
16223,29,23,7668,15334
16224,17,35,2500,4998
16225,23,41,14046,28090
16226,11,41,8688,17374
16227,11,35,9726,19450
16228,35,35,14314,28626
16229,17,35,264,526
16230,29,32,704,1406
16231,17,23,3613,7224
16232,11,38,8565,17128
16233,17,38,8910,17818
16234,23,41,4297,8592
16235,35,41,556,1110
16236,17,35,3428,6854
16237,11,38,2146,4290
16238,23,38,11375,22748
16239,23,23,12496,24990
16240,17,38,12319,24636
16241,17,32,3448,6894
16242,11,35,2494,4986
16243,29,38,2559,5116
16244,17,35,3161,6320
16245,17,41,14864,29726
16246,17,29,10454,20906
16247,17,41,7713,15424
16248,29,38,1621,3240
16249,17,29,2650,5298
16250,17,29,8426,16850
16251,23,41,14751,29500
16252,23,41,7836,15670
16253,17,29,12556,25110
16254,17,41,14607,29212
16255,11,38,2031,4060
16256,11,20,128,254
16257,5,32,22,42
16258,17,38,4404,8806
16259,35,41,14266,28530
16260,11,38,4448,8894
16261,17,35,16145,32288
16262,23,26,14580,29158
16263,11,41,242,482
16264,11,35,8776,17550
16265,23,41,11396,22790
16266,23,38,9021,18040
16267,5,35,9073,18144
16268,17,38,9834,19666
16269,5,32,5599,11196
16270,23,41,4154,8306
16271,29,41,4806,9610
16272,17,35,2307,4612
16273,29,38,13625,27248
16274,23,26,2064,4126
16275,11,2,8139,16276
16276,23,41,7435,14868
16277,23,38,2136,4270
16278,41,35,1553,3104
16279,11,32,516,1030
16280,17,35,3127,6252
16281,17,32,13394,26786
16282,17,35,11007,22012
16283,23,35,14451,28900
16284,29,38,5687,11372
16285,23,29,10352,20702
16286,17,38,8213,16424
16287,17,38,5045,10088
16288,23,38,6909,13816
16289,29,35,7201,14400
16290,11,35,5738,11474
16291,11,41,3563,7124
16292,29,35,11284,22566
16293,11,38,12138,24274
16294,23,35,13816,27630
16295,17,38,5831,11660
16296,11,38,3746,7490
16297,17,32,3428,6854
16298,23,38,6881,13760
16299,17,38,4029,8056
16300,17,38,12860,25718
16301,17,38,7762,15522
16302,23,38,15118,30234
16303,23,38,9909,19816
16304,17,29,14091,28180
16305,29,41,15503,31004
16306,17,32,7221,14440
16307,35,38,10746,21490
16308,17,35,10695,21388
16309,23,35,1427,2852
16310,29,38,12569,25136
16311,23,35,13990,27978
16312,23,41,12665,25328
16313,23,32,14282,28562
16314,29,35,14248,28494
16315,5,38,13848,27694
16316,23,41,7062,14122
16317,17,38,13583,27164
16318,35,41,10782,21562
16319,29,35,8610,17218
16320,29,38,9899,19796
16321,17,32,13254,26506
16322,35,35,15139,30276
16323,29,38,4813,9624
16324,29,41,8209,16416
16325,23,32,8363,16724
16326,29,38,8463,16924
16327,23,41,12827,25652
16328,29,41,7852,15702
16329,23,35,13662,27322
16330,17,41,10472,20942
16331,35,32,14872,29742
16332,17,41,14037,28072
16333,5,41,14564,29126
16334,17,41,1269,2536
16335,23,41,943,1884
16336,17,41,12744,25486
16337,11,35,4025,8048
16338,11,35,9943,19884
16339,17,32,12438,24874
16340,17,41,6302,12602
16341,29,38,15574,31146
16342,17,35,9692,19382
16343,29,38,7783,15564
16344,23,41,5787,11572
16345,17,38,10266,20530
16346,23,38,12333,24664
16347,17,38,5042,10082
16348,17,32,4016,8030
16349,23,41,12343,24684
16350,29,38,8505,17008
16351,29,32,14715,29428
16352,17,38,11592,23182
16353,23,41,12686,25370
16354,17,38,10774,21546
16355,11,32,4066,8130
16356,23,35,6912,13822
16357,23,35,1721,3440
16358,11,35,7566,15130
16359,17,35,8584,17166
16360,11,38,6066,12130
16361,17,26,7637,15272
16362,17,35,11796,23590
16363,11,38,4440,8878
16364,29,41,8804,17606
16365,17,38,4082,8162
16366,23,38,11977,23952
16367,17,32,14761,29520
16368,23,35,11856,23710
16369,29,32,8321,16640
16370,35,41,2207,4412
16371,23,41,8643,17284
16372,17,35,9820,19638
16373,11,35,14507,29012
16374,11,38,14019,28036
16375,17,38,13087,26172
16376,17,32,2967,5932
16377,11,32,12527,25052
16378,17,38,7976,15950
16379,29,35,15001,30000
16380,17,32,4023,8044
16381,23,32,5944,11886
16382,17,38,8922,17842
16383,17,38,15863,31724
16384,17,38,9310,18618
16385,17,29,14769,29536
16386,17,32,808,1614
16387,11,41,190,378
16388,17,38,7487,14972
16389,35,38,11457,22912
16390,11,26,7779,15556
16391,41,29,9493,18984
16392,29,41,12624,25246
16393,17,38,3331,6660
16394,17,41,9957,19912
16395,35,35,10404,20806
16396,23,29,9430,18858
16397,17,38,14182,28362
16398,29,38,15136,30270
16399,23,38,16062,32122
16400,17,29,1969,3936
16401,11,35,1059,2116
16402,11,35,16166,32330
16403,17,38,5525,11048
16404,29,41,13608,27214
16405,23,38,4740,9478
16406,17,35,8591,17180
16407,17,29,16200,32398
16408,17,38,15064,30126
16409,11,41,6794,13586
16410,17,32,2524,5046
16411,23,38,5891,11780
16412,23,35,8858,17714
16413,17,38,430,858
16414,17,29,336,670
16415,17,32,762,1522
16416,29,38,13816,27630
16417,17,35,11909,23816
16418,23,38,8543,17084
16419,17,38,4050,8098
16420,29,41,989,1976
16421,23,38,13020,26038
16422,23,38,7678,15354
16423,17,29,6464,12926
16424,23,35,4373,8744
16425,29,35,3621,7240
16426,17,35,8674,17346
16427,23,38,12290,24578
16428,23,35,13287,26572
16429,17,41,12708,25414
16430,23,41,10788,21574
16431,23,38,11291,22580
16432,29,38,14203,28404
16433,17,41,14196,28390
16434,23,26,10365,20728
16435,11,32,13777,27552
16436,29,35,12396,24790
16437,17,41,12012,24022
16438,17,32,6427,12852
16439,17,38,2393,4784
16440,11,38,13065,26128
16441,17,26,1764,3526
16442,17,20,4748,9494
16443,17,35,14007,28012
16444,23,35,11133,22264
16445,17,35,8003,16004
16446,29,41,14539,29076
16447,17,38,16108,32214
16448,17,35,486,970
16449,17,35,6815,13628
16450,29,41,12532,25062
16451,23,41,789,1576
16452,29,41,7612,15222
16453,17,38,4657,9312
16454,17,23,1478,2954
16455,23,38,1881,3760
16456,17,35,5315,10628
16457,23,38,8721,17440
16458,17,38,9118,18234
16459,29,35,13864,27726
16460,23,35,5386,10770
16461,11,23,2633,5264
16462,17,29,3199,6396
16463,41,38,1939,3876
16464,29,26,4149,8296
16465,23,38,16388,32774
16466,23,38,16146,32290
16467,23,32,3256,6510
16468,29,41,13220,26438
16469,17,38,2518,5034
16470,35,26,15151,30300
16471,17,29,4970,9938
16472,11,38,4561,9120
16473,17,35,1476,2950
16474,23,41,2689,5376
16475,11,26,2993,5984
16476,29,32,9644,19286
16477,23,41,3776,7550
16478,11,38,8072,16142
16479,17,41,9599,19196
16480,17,29,2301,4600
16481,17,41,11181,22360
16482,23,32,3710,7418
16483,23,38,5202,10402
16484,47,38,11949,23896
16485,23,35,15684,31366
16486,5,29,5006,10010
16487,23,38,4972,9942
16488,17,35,8390,16778
16489,23,35,11847,23692
16490,17,35,9463,18924
16491,23,35,15197,30392
16492,17,38,12814,25626
16493,17,38,7480,14958
16494,17,38,10754,21506
16495,29,35,1533,3064
16496,23,38,14355,28708
16497,17,38,10707,21412
16498,23,41,1614,3226
16499,23,32,9853,19704
16500,23,41,12603,25204
16501,29,38,7632,15262
16502,23,38,11299,22596
16503,29,38,4619,9236
16504,23,38,10522,21042
16505,17,38,11221,22440
16506,23,41,16138,32274
16507,17,35,3140,6278
16508,17,20,13025,26048
16509,11,35,4647,9292
16510,11,32,8376,16750
16511,23,38,7049,14096
16512,17,38,13438,26874
16513,23,41,11606,23210
16514,17,38,10404,20806
16515,35,35,3576,7150
16516,17,32,2943,5884
16517,29,35,10948,21894
16518,23,38,12100,24198
16519,17,41,4750,9498
16520,17,38,15073,30144
16521,11,44,10713,21424
16522,17,35,8845,17688
16523,23,35,1343,2684
16524,11,23,6906,13810
16525,23,32,2912,5822
16526,23,32,12484,24966
16527,5,32,12000,23998
16528,11,35,12979,25956
16529,11,38,38,74
16530,23,29,6116,12230
16531,29,29,8605,17208
16532,17,32,6383,12764
16533,5,26,5712,11422
16534,23,38,7985,15968
16535,23,23,12725,25448
16536,11,35,7165,14328
16537,17,23,14276,28550
16538,17,38,2440,4878
16539,23,35,7150,14298
16540,29,38,7788,15574
16541,5,35,14882,29762
16542,35,38,4331,8660
16543,23,35,8080,16158
16544,35,38,10463,20924
16545,17,38,9522,19042
16546,23,38,10145,20288
16547,29,29,2407,4812
16548,11,32,960,1918
16549,11,35,3930,7858
16550,17,38,8407,16812
16551,17,41,14531,29060
16552,11,35,10548,21094
16553,17,32,9883,19764
16554,11,26,97,192
16555,23,38,2285,4568
16556,23,41,5402,10802
16557,11,38,13846,27690
16558,23,35,11913,23824
16559,23,26,1390,2778
16560,23,32,4682,9362
16561,35,32,14143,28284
16562,35,38,5719,11436
16563,17,35,14586,29170
16564,17,32,1916,3830
16565,11,38,3330,6658
16566,41,38,12786,25570
16567,23,38,9786,19570
16568,17,38,6546,13090
16569,17,32,11511,23020
16570,23,32,13989,27976
16571,29,41,3365,6728
16572,35,35,682,1362
16573,17,41,16373,32744
16574,23,41,15908,31814
16575,17,35,13375,26748
16576,23,35,4399,8796
16577,35,38,3752,7502
16578,11,41,1531,3060
16579,23,41,3360,6718
16580,29,41,14885,29768
16581,17,38,10510,21018
16582,29,38,3511,7020
16583,35,38,1824,3646
16584,11,38,3827,7652
16585,23,35,16063,32124
16586,11,32,11993,23984
16587,23,38,15637,31272
16588,23,35,15206,30410
16589,23,38,15530,31058
16590,17,38,7151,14300
16591,23,32,4075,8148
16592,11,32,13714,27426
16593,17,29,989,1976
16594,17,38,1063,2124
16595,23,41,2449,4896
16596,23,38,10029,20056
16597,17,38,14888,29774
16598,11,41,15158,30314
16599,35,29,11784,23566
16600,29,38,15170,30338
16601,17,23,10312,20622
16602,17,29,858,1714
16603,17,38,2527,5052
16604,11,35,13185,26368
16605,11,41,13449,26896
16606,23,32,11343,22684
16607,11,38,7519,15036
16608,17,38,5712,11422
16609,29,41,13283,26564
16610,23,35,13224,26446
16611,17,38,1584,3166
16612,23,38,3339,6676
16613,17,44,16354,32706
16614,29,38,10930,21858
16615,23,20,6877,13752
16616,17,41,10855,21708
16617,11,38,12964,25926
16618,11,35,3095,6188
16619,41,41,10546,21090
16620,11,32,13090,26178
16621,35,38,12501,25000
16622,17,38,15837,31672
16623,17,32,6291,12580
16624,23,35,16004,32006
16625,35,35,5628,11254
16626,23,38,13668,27334
16627,17,32,9362,18722
16628,11,38,7775,15548
16629,17,38,660,1318
16630,17,32,7755,15508
16631,17,38,7409,14816
16632,23,41,1938,3874
16633,11,38,15393,30784
16634,23,35,13975,27948
16635,23,41,12198,24394
16636,17,38,12576,25150
16637,17,41,4711,9420
16638,35,41,7766,15530
16639,23,32,6964,13926
16640,17,41,13367,26732
16641,17,32,7695,15388
16642,17,41,3589,7176
16643,17,32,15172,30342
16644,17,35,13381,26760
16645,23,38,2114,4226
16646,11,35,13609,27216
16647,11,35,16628,33254
16648,11,35,1288,2574
16649,17,38,3508,7014
16650,23,32,15146,30290
16651,29,38,8739,17476
16652,29,29,6420,12838
16653,23,29,699,1396
16654,23,32,16564,33126
16655,17,41,10418,20834
16656,23,38,15357,30712
16657,23,38,7679,15356
16658,11,35,6421,12840
16659,17,38,15904,31806
16660,23,38,3222,6442
16661,11,38,3805,7608
16662,11,38,14195,28388
16663,29,32,11740,23478
16664,23,41,11091,22180
16665,5,35,44,86
16666,17,38,9148,18294
16667,29,29,13005,26008
16668,23,26,2181,4360
16669,23,41,7351,14700
16670,23,38,990,1978
16671,23,38,11965,23928
16672,23,38,396,790
16673,23,29,11870,23738
16674,17,35,4350,8698
16675,23,38,8621,17240
16676,11,32,5740,11478
16677,11,32,2820,5638
16678,17,35,16593,33184
16679,17,29,9429,18856
16680,11,38,12525,25048
16681,29,38,11071,22140
16682,23,35,10128,20254
16683,5,38,15610,31218
16684,17,32,12112,24222
16685,23,38,1073,2144
16686,17,38,15018,30034
16687,11,41,9051,18100
16688,29,38,15291,30580
16689,17,41,6696,13390
16690,23,38,5924,11846
16691,17,29,6926,13850
16692,17,29,13186,26370
16693,11,38,11241,22480
16694,17,35,2847,5692
16695,23,41,15393,30784
16696,11,38,302,602
16697,35,35,15241,30480
16698,23,41,8136,16270
16699,23,38,9811,19620
16700,17,38,4954,9906
16701,29,38,8382,16762
16702,17,38,8548,17094
16703,23,35,13632,27262
16704,17,41,3998,7994
16705,17,38,1824,3646
16706,17,32,11461,22920
16707,23,41,9689,19376
16708,17,35,1856,3710
16709,23,41,15238,30474
16710,47,35,12716,25430
16711,11,29,2398,4794
16712,11,38,4832,9662
16713,17,35,11812,23622
16714,23,38,1442,2882
16715,17,41,8879,17756
16716,11,38,1813,3624
16717,11,41,13337,26672
16718,23,35,15155,30308
16719,23,41,13236,26470
16720,23,32,13510,27018
16721,29,38,4899,9796
16722,47,32,3158,6314
16723,11,38,2728,5454
16724,23,35,10038,20074
16725,11,38,1703,3404
16726,23,38,14809,29616
16727,11,38,7000,13998
16728,11,35,2167,4332
16729,17,38,10960,21918
16730,29,41,9842,19682
16731,17,35,9626,19250
16732,23,38,16330,32658
16733,23,38,8196,16390
16734,5,32,3469,6936
16735,17,35,5306,10610
16736,53,38,9154,18306
16737,23,41,14538,29074
16738,23,38,1680,3358
16739,17,32,6905,13808
16740,23,38,8322,16642
16741,23,41,6430,12858
16742,17,44,6768,13534
16743,17,35,1679,3356
16744,11,35,14851,29700
16745,17,35,16439,32876
16746,17,35,13788,27574
16747,11,35,15427,30852
16748,35,38,7607,15212
16749,11,35,15991,31980
16750,11,38,11453,22904
16751,29,35,8314,16626
16752,17,35,5909,11816
16753,17,38,8824,17646
16754,17,44,916,1830
16755,11,35,14836,29670
16756,17,38,11767,23532
16757,11,35,3940,7878
16758,11,17,3403,6804
16759,11,38,7285,14568
16760,17,44,3109,6216
16761,23,35,6568,13134
16762,47,41,10647,21292
16763,29,32,6850,13698
16764,23,41,4670,9338
16765,17,41,11840,23678
16766,17,35,4643,9284
16767,5,35,13717,27432
16768,23,41,5747,11492
16769,17,23,15132,30262
16770,47,38,9004,18006
16771,23,38,4906,9810
16772,11,35,15545,31088
16773,23,38,8430,16858
16774,23,32,2529,5056
16775,11,41,14055,28108
16776,17,38,13996,27990
16777,17,44,3112,6222
16778,17,29,8142,16282
16779,17,38,7150,14298
16780,17,32,11232,22462
16781,17,44,2752,5502
16782,23,38,14547,29092
16783,17,38,6504,13006
16784,23,38,8959,17916
16785,17,35,13896,27790
16786,35,41,5686,11370
16787,23,26,491,980
16788,23,38,7789,15576
16789,29,38,7281,14560
16790,11,35,11274,22546
16791,17,35,94,186
16792,17,35,7383,14764
16793,17,41,7990,15978
16794,23,35,429,856
16795,11,38,8911,17820
16796,23,41,326,650
16797,29,32,13246,26490
16798,29,32,90,178
16799,11,38,4431,8860
16800,11,26,10270,20538
16801,29,38,9355,18708
16802,17,38,699,1396
16803,11,35,873,1744
16804,11,38,2552,5102
16805,23,41,12739,25476
16806,23,32,13367,26732
16807,17,41,872,1742
16808,23,32,14420,28838
16809,29,38,13277,26552
16810,23,41,8517,17032
16811,35,41,5771,11540
16812,17,38,3844,7686
16813,17,35,11382,22762
16814,35,20,11164,22326
16815,17,38,6012,12022
16816,17,38,9445,18888
16817,17,11,7358,14714
16818,17,35,11369,22736
16819,11,29,12533,25064
16820,17,32,11225,22448
16821,23,29,9410,18818
16822,11,26,359,716
16823,17,38,13047,26092
16824,29,29,1199,2396
16825,17,38,10715,21428
16826,17,38,8804,17606
16827,29,38,13300,26598
16828,17,35,3824,7646
16829,29,38,16330,32658
16830,11,38,5281,10560
16831,23,26,8121,16240
16832,23,35,7804,15606
16833,29,38,14222,28442
16834,17,26,4175,8348
16835,11,41,1267,2532
16836,23,38,11128,22254
16837,17,41,12775,25548
16838,17,44,11510,23018
16839,35,35,9006,18010
16840,23,38,6190,12378
16841,29,41,12333,24664
16842,11,38,700,1398
16843,23,32,6126,12250
16844,11,35,3966,7930
16845,11,32,13893,27784
16846,23,38,13817,27632
16847,11,41,16219,32436
16848,11,35,6132,12262
16849,23,38,7386,14770
16850,23,41,16101,32200
16851,23,35,12929,25856
16852,17,38,8715,17428
16853,23,38,9087,18172
16854,17,38,1129,2256
16855,11,38,12721,25440
16856,17,32,534,1066
16857,35,35,7280,14558
16858,23,41,15635,31268
16859,17,32,1719,3436
16860,23,35,6664,13326
16861,23,35,13062,26122
16862,29,35,8631,17260
16863,17,41,2920,5838
16864,17,38,15667,31332
16865,17,38,13964,27926
16866,23,17,14495,28988
16867,11,35,15043,30084
16868,17,44,14825,29648
16869,11,35,4861,9720
16870,17,35,729,1456
16871,17,41,13563,27124
16872,17,32,12084,24166
16873,41,35,13127,26252
16874,17,41,5930,11858
16875,17,38,8925,17848
16876,11,38,13058,26114
16877,29,38,14271,28540
16878,35,35,14202,28402
16879,23,35,705,1408
16880,11,35,4609,9216
16881,23,41,10933,21864
16882,17,41,3349,6696
16883,29,38,2652,5302
16884,23,35,9698,19394
16885,11,41,6982,13962
16886,29,38,1663,3324
16887,23,32,15758,31514
16888,23,41,4672,9342
16889,17,38,9424,18846
16890,11,29,16180,32358
16891,17,32,9872,19742
16892,17,38,9891,19780
16893,11,32,6591,13180
16894,23,38,5100,10198
16895,29,38,7315,14628
16896,17,35,15984,31966
16897,23,38,3624,7246
16898,17,35,13207,26412
16899,11,38,234,466
16900,11,38,460,918
16901,17,41,7682,15362
16902,23,35,2999,5996
16903,23,23,15650,31298
16904,23,29,8665,17328
16905,23,32,15046,30090
16906,11,26,10467,20932
16907,23,41,1794,3586
16908,11,44,1287,2572
16909,17,38,6178,12354
16910,17,32,16242,32482
16911,17,35,5098,10194
16912,17,38,11105,22208
16913,17,38,11323,22644
16914,17,38,10382,20762
16915,23,38,16476,32950
16916,11,35,14269,28536
16917,11,32,15157,30312
16918,11,41,5453,10904
16919,11,38,261,520
16920,17,35,3292,6582
16921,23,38,1397,2792
16922,17,35,11587,23172
16923,11,38,6116,12230
16924,17,35,9091,18180
16925,35,35,7062,14122
16926,23,29,10034,20066
16927,17,35,3483,6964
16928,23,32,2620,5238
16929,29,38,8325,16648
16930,41,35,15917,31832
16931,17,38,4864,9726
16932,17,32,14808,29614
16933,17,35,1433,2864
16934,23,41,9031,18060
16935,23,41,13604,27206
16936,23,32,11468,22934
16937,23,35,16396,32790
16938,11,11,7411,14820
16939,23,38,4803,9604
16940,11,32,4425,8848
16941,11,35,14132,28262
16942,11,38,1311,2620
16943,29,44,4665,9328
16944,29,29,10772,21542
16945,11,41,9529,19056
16946,35,41,7312,14622
16947,5,41,11888,23774
16948,35,35,11457,22912
16949,11,32,15730,31458
16950,17,41,13022,26042
16951,29,41,6788,13574
16952,5,41,14010,28018
16953,29,38,13105,26208
16954,11,32,10853,21704
16955,11,41,464,926
16956,17,32,819,1636
16957,41,38,13009,26016
16958,23,35,5525,11048
16959,17,41,15265,30528
16960,17,35,1253,2504
16961,29,35,4550,9098
16962,17,32,12896,25790
16963,41,32,5061,10120
16964,35,41,13089,26176
16965,35,38,13648,27294
16966,17,32,5391,10780
16967,29,35,10352,20702
16968,17,38,4931,9860
16969,17,38,4227,8452
16970,11,38,1315,2628
16971,23,35,3890,7778
16972,17,38,11081,22160
16973,17,38,6963,13924
16974,17,29,5087,10172
16975,11,35,14982,29962
16976,17,38,12550,25098
16977,23,32,953,1904
16978,29,35,3848,7694
16979,11,35,10650,21298
16980,47,35,8981,17960
16981,17,29,9236,18470
16982,35,29,1806,3610
16983,17,32,15416,30830
16984,17,38,8900,17798
16985,23,38,16812,33622
16986,17,38,12605,25208
16987,23,35,6794,13586
16988,5,38,2199,4396
16989,11,35,16636,33270
16990,11,38,573,1144
16991,11,38,11500,22998
16992,17,20,7567,15132
16993,11,38,11747,23492
16994,11,32,16802,33602
16995,35,29,9742,19482
16996,29,44,4713,9424
16997,17,41,2768,5534
16998,35,38,3865,7728
16999,11,41,7544,15086
17000,23,38,9028,18054
17001,23,41,14682,29362
17002,29,38,12595,25188
17003,23,41,5860,11718
17004,17,23,7770,15538
17005,17,35,5931,11860
17006,11,29,2109,4216
17007,11,35,2477,4952
17008,23,38,5511,11020
17009,23,35,4115,8228
17010,17,38,16904,33806
17011,29,38,4924,9846
17012,17,35,3842,7682
17013,29,26,4153,8304
17014,17,38,13473,26944
17015,17,38,12465,24928
17016,29,41,1484,2966
17017,29,41,2157,4312
17018,11,23,10836,21670
17019,17,35,6975,13948
17020,11,32,75,148
17021,23,41,2791,5580
17022,29,41,8213,16424
17023,17,38,14057,28112
17024,29,32,7523,15044
17025,11,35,14752,29502
17026,17,38,2138,4274
17027,11,32,9836,19670
17028,23,38,11944,23886
17029,23,41,7800,15598
17030,29,26,14336,28670
17031,23,38,4006,8010
17032,23,38,7312,14622
17033,11,38,5873,11744
17034,11,35,6906,13810
17035,17,41,10821,21640
17036,23,41,15402,30802
17037,17,41,1977,3952
17038,11,20,13708,27414
17039,17,41,12077,24152
17040,11,41,8235,16468
17041,17,38,11905,23808
17042,17,35,2357,4712
17043,11,35,17005,34008
17044,11,38,491,980
17045,11,29,16860,33718
17046,17,35,15328,30654
17047,23,32,5069,10136
17048,23,41,5021,10040
17049,11,38,5504,11006
17050,23,35,5281,10560
17051,17,38,5247,10492
17052,11,35,11577,23152
17053,17,41,10438,20874
17054,23,35,14144,28286
17055,23,41,2235,4468
17056,29,38,13521,27040
17057,17,41,213,424
17058,23,35,7790,15578
17059,17,41,7557,15112
17060,23,38,4974,9946
17061,17,35,7367,14732
17062,29,26,7897,15792
17063,17,29,10514,21026
17064,11,38,12356,24710
17065,17,41,9173,18344
17066,17,41,3273,6544
17067,11,38,6638,13274
17068,23,35,10346,20690
17069,17,32,372,742
17070,17,38,15393,30784
17071,23,32,11044,22086
17072,29,41,6534,13066
17073,17,35,5072,10142
17074,23,41,8569,17136
17075,29,41,8293,16584
17076,23,38,1797,3592
17077,23,35,10892,21782
17078,23,32,3658,7314
17079,23,41,4348,8694
17080,23,29,13092,26182
17081,23,26,1434,2866
17082,11,38,106,210
17083,23,38,5353,10704
17084,17,29,11494,22986
17085,17,38,15010,30018
17086,23,41,11032,22062
17087,17,41,16326,32650
17088,17,38,9450,18898
17089,23,29,11564,23126
17090,17,38,6196,12390
17091,23,32,2327,4652
17092,17,26,698,1394
17093,17,38,11169,22336
17094,11,35,12865,25728
17095,23,35,13801,27600
17096,17,29,11134,22266
17097,23,32,11710,23418
17098,11,29,12840,25678
17099,23,35,6874,13746
17100,29,35,555,1108
17101,29,35,4043,8084
17102,17,38,5350,10698
17103,11,35,7127,14252
17104,23,38,2051,4100
17105,17,26,9987,19972
17106,23,32,3732,7462
17107,11,38,4157,8312
17108,23,38,14080,28158
17109,17,41,13985,27968
17110,5,38,519,1036
17111,17,32,14493,28984
17112,17,38,836,1670
17113,11,38,15377,30752
17114,17,29,1787,3572
17115,17,35,10969,21936
17116,17,26,15947,31892
17117,23,32,13749,27496
17118,17,38,8201,16400
17119,23,32,9019,18036
17120,29,38,3413,6824
17121,17,38,15622,31242
17122,29,41,7852,15702
17123,17,38,4742,9482
17124,11,32,3635,7268
17125,23,38,1306,2610
17126,23,35,15347,30692
17127,17,44,5920,11838
17128,23,35,7579,15156
17129,35,23,6624,13246
17130,17,38,12658,25314
17131,11,35,2335,4668
17132,17,41,7011,14020
17133,11,32,14816,29630
17134,35,41,8187,16372
17135,23,35,6788,13574
17136,11,32,4677,9352
17137,11,35,14330,28658
17138,11,44,15983,31964
17139,11,32,7624,15246
17140,23,32,2200,4398
17141,17,14,10178,20354
17142,5,38,2943,5884
17143,17,35,15943,31884
17144,29,38,11075,22148
17145,11,38,3530,7058
17146,17,38,3401,6800
17147,23,41,4027,8052
17148,29,35,7380,14758
17149,23,11,1069,2136
17150,11,35,791,1580
17151,23,35,10105,20208
17152,17,35,3511,7020
17153,17,41,15125,30248
17154,23,38,7199,14396
17155,17,26,6799,13596
17156,17,38,12595,25188
17157,29,38,2221,4440
17158,17,35,7199,14396
17159,35,41,14318,28634
17160,11,32,15743,31484
17161,23,11,1073,2144
17162,5,44,3786,7570
17163,35,35,6809,13616
17164,23,32,5403,10804
17165,11,35,10823,21644
17166,23,41,238,474
17167,23,41,5756,11510
17168,29,35,13055,26108
17169,23,35,2921,5840
17170,11,38,802,1602
17171,35,35,12019,24036
17172,47,32,9734,19466
17173,11,32,13842,27682
17174,17,41,2191,4380
17175,11,41,5550,11098
17176,11,41,15064,30126
17177,23,41,7799,15596
17178,17,35,15109,30216
17179,29,38,4720,9438
17180,23,35,12821,25640
17181,17,32,4604,9206
17182,29,29,16059,32116
17183,35,38,5913,11824
17184,17,41,1366,2730
17185,17,38,5426,10850
17186,23,35,9755,19508
17187,17,32,3581,7160
17188,23,38,17153,34304
17189,11,35,13197,26392
17190,29,41,1704,3406
17191,11,38,15578,31154
17192,5,38,15199,30396
17193,17,35,1671,3340
17194,17,38,1272,2542
17195,11,23,4768,9534
17196,17,41,16934,33866
17197,17,35,5924,11846
17198,11,38,6492,12982
17199,11,38,5986,11970
17200,23,41,12134,24266
17201,17,41,13750,27498
17202,17,38,7532,15062
17203,11,26,3461,6920
17204,29,26,1240,2478
17205,29,41,9525,19048
17206,35,38,12764,25526
17207,11,38,6933,13864
17208,23,41,13528,27054
17209,23,35,12406,24810
17210,23,41,16406,32810
17211,17,35,55,108
17212,23,26,16036,32070
17213,17,38,12223,24444
17214,17,41,11211,22420
17215,17,41,8612,17222
17216,17,41,9557,19112
17217,11,38,13928,27854
17218,17,35,7772,15542
17219,17,38,813,1624
17220,17,35,11925,23848
17221,23,38,9037,18072
17222,17,41,11116,22230
17223,11,35,5773,11544
17224,11,35,9439,18876
17225,17,29,15895,31788
17226,23,32,12304,24606
17227,17,35,3762,7522
17228,17,29,11119,22236
17229,23,44,14839,29676
17230,17,32,10387,20772
17231,23,41,5756,11510
17232,17,38,5925,11848
17233,17,41,7148,14294
17234,17,32,16804,33606
17235,35,44,13936,27870
17236,11,38,10171,20340
17237,23,35,10507,21012
17238,5,38,13615,27228
17239,11,38,2821,5640
17240,11,38,1740,3478
17241,29,38,13802,27602
17242,17,38,12130,24258
17243,29,26,9935,19868
17244,5,35,129,256
17245,35,32,8999,17996
17246,17,38,4552,9102
17247,35,41,15318,30634
17248,17,35,6910,13818
17249,23,38,3445,6888
17250,11,35,566,1130
17251,23,38,474,946
17252,23,32,7487,14972
17253,17,41,4124,8246
17254,17,38,190,378
17255,23,35,9162,18322
17256,11,38,4753,9504
17257,35,38,856,1710
17258,11,23,6402,12802
17259,17,26,13785,27568
17260,17,38,3317,6632
17261,11,35,17054,34106
17262,17,41,2972,5942
17263,23,23,8969,17936
17264,11,38,5536,11070
17265,11,35,2069,4136
17266,17,29,16877,33752
17267,23,32,12116,24230
17268,23,38,12350,24698
17269,17,38,714,1426
17270,35,38,6819,13636
17271,17,38,6353,12704
17272,23,38,6658,13314
17273,17,32,4023,8044
17274,29,29,15504,31006
17275,23,32,3332,6662
17276,17,35,602,1202
17277,17,38,4248,8494
17278,41,41,4261,8520
17279,29,32,6808,13614
17280,35,32,12224,24446
17281,29,41,5389,10776
17282,17,38,8652,17302
17283,5,35,17066,34130
17284,17,35,8815,17628
17285,23,38,17271,34540
17286,23,35,2941,5880
17287,23,35,7272,14542
17288,11,38,5027,10052
17289,17,35,367,732
17290,29,41,3459,6916
17291,29,38,7106,14210
17292,17,35,12675,25348
17293,17,23,15470,30938
17294,17,29,4067,8132
17295,17,32,12455,24908
17296,11,35,7435,14868
17297,29,35,12935,25868
17298,29,41,8189,16376
17299,11,35,3864,7726
17300,29,35,12523,25044
17301,11,32,5497,10992
17302,23,29,10222,20442
17303,23,41,11635,23268
17304,11,38,4543,9084
17305,17,41,132,262
17306,17,41,16229,32456
17307,17,38,16689,33376
17308,29,41,16190,32378
17309,23,32,8409,16816
17310,17,41,15503,31004
17311,11,41,6666,13330
17312,17,35,6623,13244
17313,17,38,1164,2326
17314,17,35,12793,25584
17315,35,41,1588,3174
17316,17,32,11675,23348
17317,23,41,5223,10444
17318,5,41,379,756
17319,17,35,12299,24596
17320,23,35,10938,21874
17321,11,17,12720,25438
17322,29,38,15361,30720
17323,11,32,953,1904
17324,17,38,983,1964
17325,23,38,1146,2290
17326,11,35,3826,7650
17327,23,35,17248,34494
17328,17,35,14997,29992
17329,29,38,3327,6652
17330,17,41,2602,5202
17331,17,23,14417,28832
17332,17,35,13637,27272
17333,17,38,4051,8100
17334,17,35,8061,16120
17335,23,29,9938,19874
17336,11,32,2613,5224
17337,17,38,2756,5510
17338,23,38,13086,26170
17339,23,29,2285,4568
17340,23,41,4547,9092
17341,23,35,11781,23560
17342,17,35,8530,17058
17343,29,11,1084,2166
17344,17,38,16461,32920
17345,17,38,14966,29930
17346,17,23,4132,8262
17347,23,41,1255,2508
17348,5,29,17129,34256
17349,11,23,10638,21274
17350,23,41,1809,3616
17351,17,41,11623,23244
17352,17,38,7893,15784
17353,11,35,1985,3968
17354,35,32,15143,30284
17355,17,38,10399,20796
17356,11,35,15597,31192
17357,17,26,10204,20406
17358,23,38,14288,28574
17359,23,38,3947,7892
17360,17,32,14129,28256
17361,29,44,1305,2608
17362,29,38,4659,9316
17363,5,35,1479,2956
17364,23,35,6320,12638
17365,17,38,13157,26312
17366,23,44,13058,26114
17367,29,38,2025,4048
17368,29,41,14697,29392
17369,11,41,4619,9236
17370,17,32,8693,17384
17371,23,38,1145,2288
17372,35,38,10995,21988
17373,23,38,10341,20680
17374,17,26,17001,34000
17375,17,41,14261,28520
17376,17,38,880,1758
17377,29,20,13983,27964
17378,23,38,3362,6722
17379,35,41,11777,23552
17380,17,35,4135,8268
17381,23,41,228,454
17382,17,26,7434,14866
17383,11,35,264,526
17384,11,41,4,6
17385,23,32,12266,24530
17386,53,38,7341,14680
17387,23,35,1234,2466
17388,23,29,10341,20680
17389,23,23,12023,24044
17390,11,32,10316,20630
17391,17,35,5507,11012
17392,17,41,574,1146
17393,5,32,12952,25902
17394,23,35,2730,5458
17395,29,32,1367,2732
17396,23,35,5508,11014
17397,29,26,7101,14200
17398,17,35,5152,10302
17399,17,32,16709,33416
17400,11,35,12696,25390
17401,11,35,955,1908
17402,23,35,14016,28030
17403,29,38,4637,9272
17404,23,41,6343,12684
17405,23,38,10800,21598
17406,5,38,1242,2482
17407,29,32,6554,13106
17408,17,38,9582,19162
17409,17,35,1959,3916
17410,17,35,5138,10274
17411,17,38,13138,26274
17412,47,38,10617,21232
17413,17,35,10869,21736
17414,23,38,2242,4482
17415,23,32,5094,10186
17416,5,29,3010,6018
17417,17,26,12689,25376
17418,23,38,2515,5028
17419,17,38,16293,32584
17420,17,35,2810,5618
17421,17,41,1300,2598
17422,17,23,4695,9388
17423,5,32,11204,22406
17424,5,38,1861,3720
17425,23,32,7529,15056
17426,17,35,648,1294
17427,11,32,14815,29628
17428,11,35,11752,23502
17429,23,41,12975,25948
17430,17,35,14821,29640
17431,11,32,518,1034
17432,5,41,12109,24216
17433,17,32,6272,12542
17434,23,41,11542,23082
17435,29,41,12905,25808
17436,23,38,15663,31324
17437,23,32,6597,13192
17438,17,26,9639,19276
17439,11,38,12183,24364
17440,23,38,11885,23768
17441,17,38,9928,19854
17442,23,29,11770,23538
17443,23,41,5061,10120
17444,17,41,13289,26576
17445,11,38,3629,7256
17446,17,38,7612,15222
17447,23,35,9000,17998
17448,17,38,13782,27562
17449,29,26,8349,16696
17450,35,38,1385,2768
17451,17,41,17206,34410
17452,17,35,14456,28910
17453,29,35,7641,15280
17454,23,41,7801,15600
17455,29,41,4499,8996
17456,23,38,11384,22766
17457,35,41,9702,19402
17458,23,29,10008,20014
17459,17,38,7129,14256
17460,11,32,5703,11404
17461,23,38,1539,3076
17462,23,38,4340,8678
17463,17,35,5939,11876
17464,11,38,6204,12406
17465,17,38,15399,30796
17466,41,41,8254,16506
17467,23,35,941,1880
17468,11,32,5006,10010
17469,11,35,2460,4918
17470,5,38,9944,19886
17471,29,35,3835,7668
17472,35,41,360,718
17473,23,32,4121,8240
17474,11,41,16981,33960
17475,23,20,11059,22116
17476,23,32,16016,32030
17477,17,32,3862,7722
17478,23,38,14842,29682
17479,17,32,14994,29986
17480,23,35,6020,12038
17481,17,35,6736,13470
17482,17,38,1293,2584
17483,11,35,5246,10490
17484,11,35,16351,32700
17485,11,35,9855,19708
17486,11,38,5281,10560
17487,35,38,15680,31358
17488,5,23,16462,32922
17489,23,41,15387,30772
17490,11,38,6902,13802
17491,17,38,9303,18604
17492,29,41,840,1678
17493,17,35,10296,20590
17494,17,29,14742,29482
17495,29,35,815,1628
17496,17,35,12141,24280
17497,11,32,2793,5584
17498,29,41,5698,11394
17499,23,38,4672,9342
17500,23,41,5337,10672
17501,17,26,5982,11962
17502,41,29,1383,2764
17503,29,38,15630,31258
17504,23,38,817,1632
17505,17,38,8225,16448
17506,17,35,1276,2550
17507,5,35,14373,28744
17508,23,38,6089,12176
17509,17,38,7555,15108
17510,17,35,14334,28666
17511,17,32,13860,27718
17512,17,41,1357,2712
17513,17,41,15740,31478
17514,29,44,12853,25704
17515,23,17,6294,12586
17516,17,41,4810,9618
17517,17,26,6535,13068
17518,35,38,3307,6612
17519,17,41,6913,13824
17520,17,32,14500,28998
17521,11,38,1844,3686
17522,23,44,7048,14094
17523,23,41,6706,13410
17524,11,41,16809,33616
17525,11,38,17129,34256
17526,23,38,2183,4364
17527,17,35,10266,20530
17528,5,38,11573,23144
17529,23,41,14774,29546
17530,23,35,9057,18112
17531,17,41,7172,14342
17532,23,29,7035,14068
17533,17,32,10984,21966
17534,11,44,9811,19620
17535,23,38,4877,9752
17536,23,26,9488,18974
17537,17,41,6451,12900
17538,23,38,16267,32532
17539,17,35,1451,2900
17540,29,29,10636,21270
17541,23,41,6559,13116
17542,11,41,11445,22888
17543,11,38,17391,34780
17544,23,38,13589,27176
17545,17,29,11736,23470
17546,17,38,6203,12404
17547,35,41,5339,10676
17548,17,35,6249,12496
17549,11,41,10126,20250
17550,11,41,17537,35072
17551,17,35,4057,8112
17552,17,32,6522,13042
17553,23,35,14549,29096
17554,17,41,11792,23582
17555,17,29,187,372
17556,29,41,13357,26712
17557,17,26,8402,16802
17558,17,32,3351,6700
17559,17,41,10231,20460
17560,23,32,11377,22752
17561,11,29,221,440
17562,11,35,1753,3504
17563,35,41,4955,9908
17564,17,35,833,1664
17565,29,35,2405,4808
17566,5,38,2942,5882
17567,23,35,11421,22840
17568,23,41,5735,11468
17569,17,41,13531,27060
17570,17,41,1807,3612
17571,35,41,2731,5460
17572,23,26,7722,15442
17573,17,20,5903,11804
17574,17,35,14677,29352
17575,23,29,15464,30926
17576,23,38,8979,17956
17577,17,35,9572,19142
17578,23,32,10907,21812
17579,23,32,7854,15706
17580,11,29,13544,27086
17581,35,35,5076,10150
17582,17,35,17347,34692
17583,11,38,7167,14332
17584,17,29,12071,24140
17585,17,38,13478,26954
17586,11,44,15781,31560
17587,5,38,400,798
17588,17,35,364,726
17589,23,41,13834,27666
17590,29,38,15032,30062
17591,41,38,14203,28404
17592,23,23,6666,13330
17593,11,38,14170,28338
17594,23,20,7010,14018
17595,17,32,4217,8432
17596,11,23,4056,8110
17597,11,41,1046,2090
17598,17,38,6794,13586
17599,17,41,12359,24716
17600,17,38,1523,3044
17601,11,38,4458,8914
17602,17,26,10692,21382
17603,17,41,12860,25718
17604,23,32,3377,6752
17605,23,41,3676,7350
17606,17,35,3717,7432
17607,23,41,9658,19314
17608,11,38,17111,34220
17609,17,38,5306,10610
17610,35,35,12497,24992
17611,17,35,15318,30634
17612,23,38,11515,23028
17613,11,35,15261,30520
17614,23,32,3979,7956
17615,17,38,17226,34450
17616,29,41,12779,25556
17617,11,38,5339,10676
17618,11,11,5505,11008
17619,29,35,15601,31200
17620,17,41,5501,11000
17621,23,32,2778,5554
17622,23,29,1496,2990
17623,17,38,1068,2134
17624,17,20,11700,23398
17625,17,38,16934,33866
17626,23,26,10706,21410
17627,11,38,9130,18258
17628,5,38,513,1024
17629,17,38,9809,19616
17630,23,44,14944,29886
17631,23,35,4119,8236
17632,11,32,14194,28386
17633,29,32,13440,26878
17634,11,35,9267,18532
17635,23,41,16686,33370
17636,17,32,9997,19992
17637,17,35,15514,31026
17638,17,38,7562,15122
17639,23,35,14568,29134
17640,23,41,4038,8074
17641,23,26,17538,35074
17642,5,38,17439,34876
17643,17,38,11938,23874
17644,17,41,3785,7568
17645,11,35,1338,2674
17646,11,32,8142,16282
17647,23,38,10052,20102
17648,17,32,6298,12594
17649,5,41,16562,33122
17650,29,38,10951,21900
17651,17,35,4468,8934
17652,23,41,9643,19284
17653,23,35,10094,20186
17654,11,20,10618,21234
17655,17,29,12052,24102
17656,23,38,2187,4372
17657,17,41,11589,23176
17658,17,32,2577,5152
17659,35,41,6334,12666
17660,29,38,14571,29140
17661,11,41,8129,16256
17662,17,35,107,212
17663,23,38,4979,9956
17664,47,38,8880,17758
17665,23,38,5514,11026
17666,17,38,6651,13300
17667,17,41,8472,16942
17668,23,38,3486,6970
17669,17,29,12717,25432
17670,17,38,4033,8064
17671,23,38,20,38
17672,23,38,472,942
17673,17,32,14247,28492
17674,17,35,17306,34610
17675,11,41,2566,5130
17676,35,38,153,304
17677,11,38,16924,33846
17678,11,35,4215,8428
17679,29,35,17286,34570
17680,17,38,4150,8298
17681,23,38,3529,7056
17682,17,38,5210,10418
17683,5,23,7252,14502
17684,5,38,17599,35196
17685,17,35,16755,33508
17686,23,41,14427,28852
17687,23,29,16634,33266
17688,29,35,350,698
17689,11,35,7820,15638
17690,23,38,13006,26010
17691,17,38,14756,29510
17692,17,32,5692,11382
17693,17,38,2882,5762
17694,29,35,1031,2060
17695,23,32,16391,32780
17696,29,38,792,1582
17697,23,29,11562,23122
17698,23,38,6887,13772
17699,47,38,5083,10164
17700,11,38,459,916
17701,35,41,5502,11002
17702,17,41,16983,33964
17703,11,26,15594,31186
17704,5,35,2390,4778
17705,23,38,10985,21968
17706,11,29,11463,22924
17707,23,32,10193,20384
17708,35,32,16904,33806
17709,17,41,12727,25452
17710,29,35,6945,13888
17711,23,41,13426,26850
17712,35,38,1122,2242
17713,17,32,14018,28034
17714,29,35,11058,22114
17715,17,38,7972,15942
17716,29,41,785,1568
17717,41,38,10612,21222
17718,23,38,12408,24814
17719,17,35,687,1372
17720,29,26,17548,35094
17721,17,29,4378,8754
17722,29,35,3188,6374
17723,23,38,3168,6334
17724,11,23,16271,32540
17725,11,23,759,1516
17726,17,32,15413,30824
17727,17,32,15434,30866
17728,17,32,8509,17016
17729,23,38,3893,7784
17730,17,41,7871,15740
17731,35,35,6289,12576
17732,17,35,558,1114
17733,17,32,804,1606
17734,17,38,10267,20532
17735,29,35,11644,23286
17736,11,32,17694,35386
17737,11,41,11642,23282
17738,29,35,11280,22558
17739,23,41,7996,15990
17740,17,29,5697,11392
17741,23,38,5581,11160
17742,23,41,14052,28102
17743,17,26,17016,34030
17744,23,38,9575,19148
17745,17,35,4664,9326
17746,17,41,8689,17376
17747,23,38,17299,34596
17748,29,32,7703,15404
17749,23,35,2828,5654
17750,17,38,7178,14354
17751,17,41,3129,6256
17752,23,41,4488,8974
17753,35,41,11772,23542
17754,11,41,14424,28846
17755,23,38,2034,4066
17756,23,41,8659,17316
17757,23,38,7671,15340
17758,23,38,7754,15506
17759,23,41,16316,32630
17760,17,35,10636,21270
17761,11,38,4090,8178
17762,17,41,10939,21876
17763,11,32,2003,4004
17764,5,29,14067,28132
17765,17,35,2762,5522
17766,23,38,791,1580
17767,5,35,1105,2208
17768,11,32,13438,26874
17769,23,38,2813,5624
17770,11,29,2203,4404
17771,23,38,16784,33566
17772,17,35,914,1826
17773,23,29,6089,12176
17774,11,35,2804,5606
17775,29,38,10582,21162
17776,23,41,7309,14616
17777,11,35,16166,32330
17778,17,38,3364,6726
17779,17,35,9361,18720
17780,5,29,2378,4754
17781,35,32,15879,31756
17782,23,35,1713,3424
17783,17,38,5529,11056
17784,29,35,8323,16644
17785,17,32,2926,5850
17786,23,41,5823,11644
17787,29,38,9468,18934
17788,17,32,15433,30864
17789,17,41,9844,19686
17790,23,44,11779,23556
17791,23,32,16566,33130
17792,29,35,16864,33726
17793,17,35,2539,5076
17794,17,38,15741,31480
17795,41,38,3425,6848
17796,17,38,5707,11412
17797,17,38,3034,6066
17798,11,38,15467,30932
17799,23,23,13698,27394
17800,5,38,153,304
17801,23,35,11669,23336
17802,23,41,6286,12570
17803,23,35,7898,15794
17804,11,35,9184,18366
17805,17,44,11023,22044
17806,11,29,11561,23120
17807,23,11,5565,11128
17808,17,35,13958,27914
17809,11,41,13159,26316
17810,29,35,472,942
17811,23,41,3279,6556
17812,17,35,14363,28724
17813,17,41,2028,4054
17814,23,38,14114,28226
17815,17,38,1849,3696
17816,29,38,4215,8428
17817,23,32,1799,3596
17818,11,29,5932,11862
17819,23,32,10483,20964
17820,17,41,17419,34836
17821,23,41,14878,29754
17822,23,35,13327,26652
17823,23,35,11936,23870
17824,17,32,6919,13836
17825,17,38,2669,5336
17826,23,35,3197,6392
17827,23,41,17546,35090
17828,23,38,5802,11602
17829,29,32,11848,23694
17830,23,38,3596,7190
17831,11,41,14604,29206
17832,23,38,4151,8300
17833,17,38,13312,26622
17834,23,35,14634,29266
17835,29,35,8861,17720
17836,17,35,11002,22002
17837,23,41,13783,27564
17838,23,35,5570,11138
17839,11,32,2307,4612
17840,11,44,16602,33202
17841,17,38,10655,21308
17842,17,38,119,236
17843,17,38,2975,5948
17844,17,38,8553,17104
17845,11,41,13678,27354
17846,17,35,15359,30716
17847,11,41,15514,31026
17848,23,38,6541,13080
17849,23,38,10025,20048
17850,23,38,1064,2126
17851,11,41,3215,6428
17852,23,35,15582,31162
17853,17,41,12212,24422
17854,17,41,4754,9506
17855,29,41,5579,11156
17856,11,26,15728,31454
17857,35,38,13534,27066
17858,17,35,3230,6458
17859,17,38,15388,30774
17860,17,26,3800,7598
17861,17,35,7016,14030
17862,23,38,5653,11304
17863,11,38,2230,4458
17864,5,35,17108,34214
17865,11,38,7477,14952
17866,23,29,14185,28368
17867,35,38,13947,27892
17868,17,38,3403,6804
17869,17,29,7520,15038
17870,29,38,10267,20532
17871,23,29,818,1634
17872,23,35,17598,35194
17873,23,38,4046,8090
17874,23,38,133,264
17875,17,38,15987,31972
17876,35,38,11321,22640
17877,23,35,12102,24202
17878,17,38,6871,13740
17879,29,38,5310,10618
17880,11,38,7317,14632
17881,23,41,1018,2034
17882,29,38,14444,28886
17883,23,38,4424,8846
17884,23,41,7214,14426
17885,11,29,8855,17708
17886,29,41,12924,25846
17887,29,32,4863,9724
17888,29,41,7909,15816
17889,35,35,4771,9540
17890,17,32,3641,7280
17891,17,41,3728,7454
17892,11,41,11102,22202
17893,11,38,15764,31526
17894,29,41,3220,6438
17895,17,38,12509,25016
17896,17,35,9825,19648
17897,11,35,9713,19424
17898,17,38,2968,5934
17899,23,41,510,1018
17900,17,35,4626,9250
17901,17,38,13432,26862
17902,23,41,6954,13906
17903,23,41,13068,26134
17904,11,14,9512,19022
17905,29,38,3384,6766
17906,23,35,9857,19712
17907,23,32,10885,21768
17908,17,41,12426,24850
17909,17,41,7991,15980
17910,17,44,11010,22018
17911,17,26,16687,33372
17912,23,35,4717,9432
17913,11,26,9900,19798
17914,11,38,12572,25142
17915,11,35,4404,8806
17916,17,35,13073,26144
17917,23,32,15390,30778
17918,11,35,275,548
17919,11,38,3541,7080
17920,29,41,11352,22702
17921,23,38,13246,26490
17922,17,41,15138,30274
17923,23,38,10372,20742
17924,17,38,15897,31792
17925,17,38,7520,15038
17926,17,35,6357,12712
17927,29,38,834,1666
17928,11,26,4867,9732
17929,17,35,4898,9794
17930,17,38,13104,26206
17931,23,38,8377,16752
17932,35,29,17074,34146
17933,47,44,13607,27212
17934,17,38,16071,32140
17935,23,29,9790,19578
17936,17,29,2223,4444
17937,29,41,8403,16804
17938,17,32,17277,34552
17939,35,41,14482,28962
17940,23,41,6729,13456
17941,17,41,17747,35492
17942,29,29,12142,24282
17943,17,38,3659,7316
17944,23,38,7143,14284
17945,35,41,13458,26914
17946,35,41,6029,12056
17947,23,35,10423,20844
17948,11,38,17456,34910
17949,23,41,12459,24916
17950,17,38,14564,29126
17951,29,41,15557,31112
17952,29,38,7789,15576
17953,5,32,9283,18564
17954,17,32,14649,29296
17955,23,32,17191,34380
17956,11,29,2119,4236
17957,23,38,16517,33032
17958,17,35,12333,24664
17959,17,38,3766,7530
17960,17,41,2849,5696
17961,23,35,17001,34000
17962,29,35,6325,12648
17963,11,35,15667,31332
17964,17,35,108,214
17965,29,38,7278,14554
17966,29,41,610,1218
17967,41,41,5999,11996
17968,17,38,8183,16364
17969,17,35,10795,21588
17970,29,41,15608,31214
17971,23,29,6792,13582
17972,47,41,12608,25214
17973,23,35,6085,12168
17974,23,38,14737,29472
17975,17,44,6451,12900
17976,23,32,974,1946
17977,17,35,6796,13590
17978,29,32,12316,24630
17979,11,38,5480,10958
17980,23,35,7772,15542
17981,17,41,841,1680
17982,23,41,7262,14522
17983,53,41,5162,10322
17984,17,38,4659,9316
17985,29,38,8080,16158
17986,11,41,4692,9382
17987,29,35,17313,34624
17988,17,32,10408,20814
17989,17,32,1923,3844
17990,23,38,12892,25782
17991,17,35,6484,12966
17992,23,32,16701,33400
17993,17,38,2474,4946
17994,23,41,17808,35614
17995,29,35,3799,7596
17996,17,38,1424,2846
17997,29,41,10343,20684
17998,17,35,17255,34508
17999,29,35,12563,25124
18000,17,29,17138,34274
18001,17,41,8278,16554
18002,17,38,2343,4684
18003,23,29,14257,28512
18004,5,41,6578,13154
18005,35,38,3869,7736
18006,17,41,4579,9156
18007,17,32,16627,33252
18008,17,41,10918,21834
18009,11,35,6562,13122
18010,17,35,8594,17186
18011,23,35,15033,30064
18012,17,38,13344,26686
18013,17,38,6475,12948
18014,11,38,5854,11706
18015,35,41,2121,4240
18016,11,38,13263,26524
18017,11,26,4888,9774
18018,17,32,16443,32884
18019,23,38,8126,16250
18020,5,35,460,918
18021,11,35,6717,13432
18022,17,32,10727,21452
18023,17,38,17065,34128
18024,17,41,9815,19628
18025,23,26,17780,35558
18026,11,38,7200,14398
18027,17,29,17550,35098
18028,23,41,9470,18938
18029,29,38,10848,21694
18030,23,38,6794,13586
18031,17,41,6204,12406
18032,17,38,7414,14826
18033,29,29,14211,28420
18034,11,38,9762,19522
18035,17,38,2674,5346
18036,23,44,11799,23596
18037,29,41,1790,3578
18038,23,32,10314,20626
18039,17,38,6630,13258
18040,29,23,14305,28608
18041,11,44,16464,32926
18042,11,41,12312,24622
18043,11,35,13756,27510
18044,23,35,16313,32624
18045,29,44,7357,14712
18046,29,38,5668,11334
18047,11,35,5140,10278
18048,17,38,11066,22130
18049,17,41,6135,12268
18050,17,35,4401,8800
18051,17,35,17350,34698
18052,23,35,10678,21354
18053,23,38,2870,5738
18054,17,32,12967,25932
18055,29,41,6946,13890
18056,17,38,13667,27332
18057,11,35,10628,21254
18058,11,41,10217,20432
18059,17,38,3051,6100
18060,11,38,5226,10450
18061,23,32,7115,14228
18062,17,23,7123,14244
18063,17,32,12743,25484
18064,17,35,15201,30400
18065,11,41,16607,33212
18066,17,29,7321,14640
18067,5,32,502,1002
18068,17,38,17589,35176
18069,23,44,1948,3894
18070,23,38,4567,9132
18071,23,29,688,1374
18072,17,35,16786,33570
18073,17,38,4308,8614
18074,11,29,5558,11114
18075,23,38,3969,7936
18076,23,26,741,1480
18077,11,35,10675,21348
18078,11,41,17702,35402
18079,23,38,1996,3990
18080,23,38,5704,11406
18081,23,38,15495,30988
18082,11,35,1151,2300
18083,29,41,6400,12798
18084,23,41,13556,27110
18085,29,35,3403,6804
18086,23,41,15130,30258
18087,17,38,2645,5288
18088,23,35,3842,7682
18089,17,35,4226,8450
18090,17,38,16392,32782
18091,29,38,11896,23790
18092,23,35,7291,14580
18093,11,41,2012,4022
18094,29,38,7666,15330
18095,5,35,16430,32858
18096,23,41,12046,24090
18097,47,41,9211,18420
18098,17,41,1584,3166
18099,11,38,5909,11816
18100,29,38,9771,19540
18101,23,38,3876,7750
18102,35,44,10977,21952
18103,17,44,2500,4998
18104,23,35,391,780
18105,29,35,11142,22282
18106,17,35,11577,23152
18107,17,38,3326,6650
18108,11,35,12135,24268
18109,23,41,14730,29458
18110,17,35,14868,29734
18111,11,32,15431,30860
18112,35,35,16247,32492
18113,17,35,14412,28822
18114,23,38,11840,23678
18115,17,29,8367,16732
18116,17,38,3627,7252
18117,23,35,10610,21218
18118,17,38,4305,8608
18119,23,35,6763,13524
18120,23,41,4917,9832
18121,17,44,13776,27550
18122,17,32,10714,21426
18123,11,41,7702,15402
18124,11,38,2250,4498
18125,11,38,8977,17952
18126,35,41,4753,9504
18127,23,17,284,566
18128,23,38,3693,7384
18129,29,38,11399,22796
18130,17,44,1238,2474
18131,17,41,11967,23932
18132,29,35,13071,26140
18133,17,35,18023,36044
18134,23,38,200,398
18135,23,32,4063,8124
18136,17,41,14483,28964
18137,11,38,16212,32422
18138,29,44,11805,23608
18139,23,41,5560,11118
18140,17,41,13337,26672
18141,35,32,12233,24464
18142,23,38,12536,25070
18143,17,35,15001,30000
18144,17,29,3314,6626
18145,11,38,3945,7888
18146,11,38,192,382
18147,29,29,2569,5136
18148,23,38,13191,26380
18149,23,38,3931,7860
18150,23,38,10565,21128
18151,23,38,9879,19756
18152,11,26,5069,10136
18153,23,38,8294,16586
18154,17,38,2646,5290
18155,23,41,193,384
18156,11,38,1473,2944
18157,11,35,11298,22594
18158,11,38,6558,13114
18159,17,38,16384,32766
18160,11,32,16590,33178
18161,23,32,6978,13954
18162,17,32,2191,4380
18163,11,41,17828,35654
18164,23,38,13992,27982
18165,17,35,1190,2378
18166,23,38,481,960
18167,17,38,7839,15676
18168,11,38,5510,11018
18169,17,29,14494,28986
18170,17,38,1602,3202
18171,23,41,2012,4022
18172,17,38,12676,25350
18173,11,38,15739,31476
18174,17,29,14677,29352
18175,17,41,12450,24898
18176,23,38,8668,17334
18177,17,23,15550,31098
18178,11,17,2557,5112
18179,11,38,15417,30832
18180,23,41,15119,30236
18181,17,35,6697,13392
18182,5,38,9635,19268
18183,23,38,10971,21940
18184,23,29,13087,26172
18185,23,38,10498,20994
18186,17,44,11641,23280
18187,23,38,13252,26502
18188,23,35,1386,2770
18189,11,35,1771,3540
18190,17,41,2283,4564
18191,29,26,6573,13144
18192,23,29,6805,13608
18193,11,14,10802,21602
18194,17,41,15294,30586
18195,29,41,1662,3322
18196,17,35,6116,12230
18197,29,29,4745,9488
18198,23,41,17667,35332
18199,23,41,2447,4892
18200,17,29,8656,17310
18201,23,35,3914,7826
18202,23,41,1336,2670
18203,29,41,14711,29420
18204,29,38,7664,15326
18205,23,41,3699,7396
18206,17,38,10825,21648
18207,23,41,16467,32932
18208,17,38,12009,24016
18209,11,26,16252,32502
18210,29,38,5732,11462
18211,11,38,16692,33382
18212,17,29,13677,27352
18213,29,38,15288,30574
18214,23,35,13726,27450
18215,23,35,1649,3296
18216,35,41,2719,5436
18217,17,35,6274,12546
18218,41,32,7479,14956
18219,11,32,8514,17026
18220,17,35,16774,33546
18221,35,41,4494,8986
18222,17,32,8119,16236
18223,35,41,2192,4382
18224,29,35,15523,31044
18225,23,38,10782,21562
18226,35,35,2975,5948
18227,17,41,5427,10852
18228,11,41,8200,16398
18229,11,32,5080,10158
18230,17,44,4191,8380
18231,23,35,15717,31432
18232,29,35,15921,31840
18233,17,35,5434,10866
18234,17,41,12575,25148
18235,17,38,8292,16582
18236,29,38,5727,11452
18237,35,35,4855,9708
18238,23,41,8980,17958
18239,11,35,14023,28044
18240,29,41,12196,24390
18241,23,38,17392,34782
18242,17,38,16564,33126
18243,17,23,16746,33490
18244,17,32,9256,18510
18245,11,29,2084,4166
18246,29,38,9703,19404
18247,11,35,9030,18058
18248,17,35,15409,30816
18249,11,35,2240,4478
18250,29,38,14225,28448
18251,23,35,18024,36046
18252,11,38,4993,9984
18253,23,38,6948,13894
18254,29,38,291,580
18255,11,35,4113,8224
18256,23,41,2564,5126
18257,17,35,10817,21632
18258,23,35,3133,6264
18259,35,32,3287,6572
18260,35,32,3520,7038
18261,23,38,11392,22782
18262,11,38,10010,20018
18263,41,35,15325,30648
18264,17,38,15443,30884
18265,17,38,9777,19552
18266,29,41,8568,17134
18267,17,38,4552,9102
18268,17,35,17012,34022
18269,11,38,12558,25114
18270,23,38,5407,10812
18271,23,35,5009,10016
18272,11,38,10573,21144
18273,23,41,15413,30824
18274,17,44,8171,16340
18275,17,38,12775,25548
18276,11,38,13513,27024
18277,29,38,3397,6792
18278,29,41,13286,26570
18279,35,38,10623,21244
18280,11,29,17762,35522
18281,23,41,4164,8326
18282,17,32,8989,17976
18283,23,41,7551,15100
18284,17,35,11967,23932
18285,23,41,12322,24642
18286,11,35,12181,24360
18287,11,32,1668,3334
18288,17,35,6746,13490
18289,17,38,3542,7082
18290,5,35,13918,27834
18291,29,38,18000,35998
18292,11,35,12606,25210
18293,23,38,10150,20298
18294,11,38,2934,5866
18295,11,35,5793,11584
18296,23,41,11983,23964
18297,17,38,7543,15084
18298,23,32,10605,21208
18299,23,32,2170,4338
18300,29,38,11478,22954
18301,17,38,8915,17828
18302,11,38,11687,23372
18303,29,35,3838,7674
18304,35,35,13373,26744
18305,23,32,10718,21434
18306,29,35,17915,35828
18307,17,41,14382,28762
18308,23,41,13951,27900
18309,17,38,1185,2368
18310,17,32,15475,30948
18311,17,41,16520,33038
18312,23,26,11481,22960
18313,11,38,13928,27854
18314,17,38,12029,24056
18315,23,38,8502,17002
18316,11,35,18035,36068
18317,17,35,17042,34082
18318,35,38,6263,12524
18319,35,44,3408,6814
18320,17,38,7483,14964
18321,17,35,10389,20776
18322,23,38,444,886
18323,17,41,4407,8812
18324,17,32,2835,5668
18325,17,32,796,1590
18326,17,41,3060,6118
18327,11,41,18064,36126
18328,29,26,11634,23266
18329,23,35,10457,20912
18330,17,35,18298,36594
18331,29,35,5025,10048
18332,23,38,15894,31786
18333,11,32,18074,36146
18334,17,32,3389,6776
18335,23,32,14100,28198
18336,17,38,6398,12794
18337,17,38,1926,3850
18338,11,32,15554,31106
18339,17,29,233,464
18340,29,41,8897,17792
18341,29,35,13778,27554
18342,5,35,12309,24616
18343,23,38,8358,16714
18344,11,29,5643,11284
18345,35,41,13626,27250
18346,17,41,13154,26306
18347,17,38,5999,11996
18348,11,35,2289,4576
18349,23,41,9196,18390
18350,41,26,7560,15118
18351,17,38,7479,14956
18352,17,32,3090,6178
18353,23,38,10657,21312
18354,17,44,8316,16630
18355,17,38,11567,23132
18356,23,38,6312,12622
18357,11,35,16012,32022
18358,17,38,1082,2162
18359,17,41,5138,10274
18360,23,26,7063,14124
18361,23,41,5841,11680
18362,17,29,14648,29294
18363,17,35,13409,26816
18364,11,41,15000,29998
18365,17,26,1972,3942
18366,29,35,7887,15772
18367,17,38,9486,18970
18368,17,32,15741,31480
18369,17,38,10313,20624
18370,17,38,4580,9158
18371,11,35,5824,11646
18372,29,38,17451,34900
18373,29,38,14557,29112
18374,17,35,3009,6016
18375,23,38,7256,14510
18376,41,41,12078,24154
18377,29,38,14744,29486
18378,17,41,3451,6900
18379,29,38,12611,25220
18380,11,38,6867,13732
18381,17,38,7182,14362
18382,11,32,17420,34838
18383,17,35,8647,17292
18384,11,35,14644,29286
18385,23,20,12208,24414
18386,35,38,16475,32948
18387,17,41,3397,6792
18388,17,41,16975,33948
18389,17,41,860,1718
18390,17,35,14228,28454
18391,29,41,16545,33088
18392,17,41,2331,4660
18393,23,35,8860,17718
18394,29,35,15675,31348
18395,17,38,5135,10268
18396,17,38,5103,10204
18397,23,32,15658,31314
18398,23,35,16084,32166
18399,11,35,2169,4336
18400,17,38,11655,23308
18401,23,38,16526,33050
18402,17,38,15793,31584
18403,17,38,17898,35794
18404,29,38,4541,9080
18405,23,26,6722,13442
18406,11,35,10697,21392
18407,11,38,15056,30110
18408,23,35,8552,17102
18409,17,38,16785,33568
18410,17,35,15464,30926
18411,17,38,14408,28814
18412,17,41,13983,27964
18413,17,35,2566,5130
18414,23,32,2993,5984
18415,29,35,16008,32014
18416,17,38,17100,34198
18417,29,38,9894,19786
18418,23,38,9850,19698
18419,29,38,7111,14220
18420,29,44,1528,3054
18421,17,32,7709,15416
18422,29,26,16371,32740
18423,23,41,18390,36778
18424,23,32,8572,17142
18425,11,35,16379,32756
18426,23,38,16453,32904
18427,23,17,15260,30518
18428,17,38,5711,11420
18429,11,38,7525,15048
18430,17,41,5353,10704
18431,29,35,9931,19860
18432,23,38,16509,33016
18433,17,35,10491,20980
18434,23,17,862,1722
18435,11,38,5902,11802
18436,17,38,597,1192
18437,17,35,17001,34000
18438,29,41,15712,31422
18439,11,38,7062,14122
18440,11,38,7979,15956
18441,17,35,15400,30798
18442,17,41,18012,36022
18443,23,38,4623,9244
18444,23,38,2843,5684
18445,41,41,13454,26906
18446,23,38,15543,31084
18447,17,41,9379,18756
18448,17,35,13120,26238
18449,23,32,1271,2540
18450,17,44,2783,5564
18451,23,38,2569,5136
18452,23,32,15559,31116
18453,17,38,10702,21402
18454,29,35,12429,24856
18455,29,35,14963,29924
18456,17,32,11289,22576
18457,17,32,2496,4990
18458,35,32,12969,25936
18459,23,41,5352,10702
18460,17,29,16892,33782
18461,17,32,9005,18008
18462,23,38,1394,2786
18463,23,35,9417,18832
18464,23,41,14315,28628
18465,29,38,14720,29438
18466,17,20,4761,9520
18467,17,35,9536,19070
18468,23,41,16739,33476
18469,17,38,11517,23032
18470,17,44,6519,13036
18471,23,32,15234,30466
18472,23,35,17997,35992
18473,17,29,3049,6096
18474,35,38,11452,22902
18475,23,38,4539,9076
18476,29,44,12945,25888
18477,17,38,6230,12458
18478,17,38,3561,7120
18479,23,35,14180,28358
18480,23,44,8851,17700
18481,35,38,9343,18684
18482,23,38,5433,10864
18483,11,38,9010,18018
18484,17,38,3255,6508
18485,11,38,10666,21330
18486,23,38,3706,7410
18487,23,38,14982,29962
18488,17,41,11111,22220
18489,23,38,17918,35834
18490,17,38,769,1536
18491,17,41,1563,3124
18492,17,38,1545,3088
18493,11,38,11952,23902
18494,11,35,9710,19418
18495,23,41,3999,7996
18496,17,29,17611,35220
18497,11,35,4140,8278
18498,11,35,17717,35432
18499,11,38,8090,16178
18500,23,35,7952,15902
18501,11,38,3199,6396
18502,17,38,9582,19162
18503,35,41,4844,9686
18504,23,44,10444,20886
18505,17,35,1603,3204
18506,17,35,9022,18042
18507,17,32,18081,36160
18508,23,29,7138,14274
18509,23,44,8630,17258
18510,35,26,14422,28842
18511,23,38,4977,9952
18512,17,41,2247,4492
18513,11,38,18135,36268
18514,23,38,8366,16730
18515,11,35,5564,11126
18516,11,38,1485,2968
18517,11,29,18318,36634
18518,11,20,2455,4908
18519,17,35,13940,27878
18520,17,41,8614,17226
18521,11,41,14684,29366
18522,17,38,7675,15348
18523,23,41,2729,5456
18524,17,38,15993,31984
18525,29,41,8758,17514
18526,11,29,13914,27826
18527,29,35,7177,14352
18528,29,38,3553,7104
18529,23,35,583,1164
18530,23,41,3687,7372
18531,11,38,11208,22414
18532,11,38,4196,8390
18533,17,41,14555,29108
18534,17,38,3684,7366
18535,23,38,1188,2374
18536,11,41,1202,2402
18537,35,38,2776,5550
18538,11,44,12364,24726
18539,11,38,4863,9724
18540,23,38,16035,32068
18541,17,38,3178,6354
18542,17,35,10597,21192
18543,23,32,4374,8746
18544,23,41,7486,14970
18545,23,35,5571,11140
18546,11,41,15882,31762
18547,11,35,7755,15508
18548,23,41,7391,14780
18549,17,44,12008,24014
18550,17,32,424,846
18551,17,29,5743,11484
18552,17,44,9719,19436
18553,23,35,5465,10928
18554,35,35,1173,2344
18555,5,44,8127,16252
18556,23,38,14313,28624
18557,17,35,2106,4210
18558,11,38,11152,22302
18559,23,35,10472,20942
18560,11,35,18030,36058
18561,11,35,11686,23370
18562,23,41,16510,33018
18563,17,35,7772,15542
18564,41,38,5045,10088
18565,17,32,15111,30220
18566,23,38,3881,7760
18567,17,23,1523,3044
18568,17,35,7919,15836
18569,23,41,9794,19586
18570,5,35,23,44
18571,23,38,2305,4608
18572,11,35,2042,4082
18573,23,32,1043,2084
18574,11,35,6126,12250
18575,23,29,4734,9466
18576,17,29,5785,11568
18577,11,35,4667,9332
18578,17,41,1068,2134
18579,17,32,7519,15036
18580,35,38,975,1948
18581,11,35,5863,11724
18582,17,41,3366,6730
18583,17,32,10171,20340
18584,11,38,11412,22822
18585,17,38,9153,18304
18586,17,38,1548,3094
18587,17,38,2782,5562
18588,17,38,9970,19938
18589,17,38,532,1062
18590,11,38,13985,27968
18591,23,44,1665,3328
18592,23,35,6250,12498
18593,17,41,18277,36552
18594,17,38,2048,4094
18595,17,38,14229,28456
18596,23,32,13753,27504
18597,29,41,3393,6784
18598,17,38,13719,27436
18599,23,38,3920,7838
18600,11,38,274,546
18601,29,38,2645,5288
18602,29,44,14069,28136
18603,17,29,16151,32300
18604,17,32,12981,25960
18605,17,38,7851,15700
18606,17,38,3345,6688
18607,17,41,9138,18274
18608,17,41,6436,12870
18609,17,32,14493,28984
18610,11,38,8325,16648
18611,11,41,9104,18206
18612,29,32,2607,5212
18613,17,35,18582,37162
18614,23,41,5328,10654
18615,11,41,5816,11630
18616,23,41,5738,11474
18617,11,23,16362,32722
18618,23,32,15937,31872
18619,29,38,8943,17884
18620,11,35,6056,12110
18621,17,35,6450,12898
18622,11,38,8308,16614
18623,23,41,4452,8902
18624,29,38,16016,32030
18625,5,38,15284,30566
18626,17,44,431,860
18627,23,44,10132,20262
18628,23,35,4030,8058
18629,35,38,7973,15944
18630,23,41,13186,26370
18631,23,35,15050,30098
18632,11,38,3171,6340
18633,17,38,13407,26812
18634,17,38,7898,15794
18635,17,23,4875,9748
18636,17,44,10404,20806
18637,29,38,6854,13706
18638,23,41,17881,35760
18639,11,38,7605,15208
18640,17,32,135,268
18641,5,32,337,672
18642,17,38,3014,6026
18643,17,38,11403,22804
18644,11,35,16937,33872
18645,17,32,7491,14980
18646,17,38,11865,23728
18647,17,32,8550,17098
18648,23,38,16888,33774
18649,23,38,16429,32856
18650,35,38,4227,8452
18651,23,38,3707,7412
18652,23,32,12978,25954
18653,11,35,1315,2628
18654,23,41,10713,21424
18655,11,32,17516,35030
18656,23,38,3140,6278
18657,17,32,1558,3114
18658,23,29,10512,21022
18659,29,41,9696,19390
18660,11,32,14970,29938
18661,23,35,17663,35324
18662,17,38,2871,5740
18663,17,38,16433,32864
18664,17,41,7221,14440
18665,29,38,2407,4812
18666,17,38,3642,7282
18667,17,38,7398,14794
18668,29,38,18608,37214
18669,23,44,6535,13068
18670,17,35,6412,12822
18671,29,35,9576,19150
18672,17,35,3223,6444
18673,23,35,14803,29604
18674,11,38,18224,36446
18675,11,29,4176,8350
18676,35,38,17689,35376
18677,23,35,7153,14304
18678,29,44,11692,23382
18679,35,41,9108,18214
18680,23,26,8647,17292
18681,11,38,18237,36472
18682,17,35,7858,15714
18683,11,38,449,896
18684,11,41,51,100
18685,11,35,15741,31480
18686,29,44,17318,34634
18687,11,35,7103,14204
18688,17,32,17712,35422
18689,17,41,4372,8742
18690,11,38,6947,13892
18691,17,35,1327,2652
18692,11,38,8165,16328
18693,17,35,18105,36208
18694,11,35,17117,34232
18695,23,41,11600,23198
18696,11,38,7470,14938
18697,23,23,2992,5982
18698,35,32,13357,26712
18699,17,41,1363,2724
18700,23,35,2907,5812
18701,23,41,8290,16578
18702,17,35,8422,16842
18703,29,38,12231,24460
18704,17,35,1810,3618
18705,11,41,9011,18020
18706,11,41,6619,13236
18707,17,35,6937,13872
18708,5,38,9548,19094
18709,17,38,2818,5634
18710,17,38,5020,10038
18711,11,35,14047,28092
18712,23,29,12846,25690
18713,11,35,10685,21368
18714,17,41,3639,7276
18715,41,44,7767,15532
18716,11,29,1587,3172
18717,17,41,12592,25182
18718,17,35,8157,16312
18719,23,41,1113,2224
18720,29,41,13805,27608
18721,29,35,15590,31178
18722,23,44,12029,24056
18723,23,41,5698,11394
18724,17,35,14102,28202
18725,23,41,6119,12236
18726,23,38,15143,30284
18727,5,41,14602,29202
18728,5,29,2651,5300
18729,17,29,3307,6612
18730,5,38,2709,5416
18731,17,35,5537,11072
18732,23,38,755,1508
18733,23,38,9899,19796
18734,17,38,17108,34214
18735,11,38,9324,18646
18736,23,38,5541,11080
18737,17,32,15635,31268
18738,11,32,9284,18566
18739,17,29,12423,24844
18740,29,38,8185,16368
18741,23,38,15119,30236
18742,23,38,10942,21882
18743,23,38,2364,4726
18744,23,32,16722,33442
18745,29,26,15926,31850
18746,35,38,18538,37074
18747,17,32,3890,7778
18748,23,38,13734,27466
18749,11,44,2479,4956
18750,23,35,1925,3848
18751,5,29,1959,3916
18752,17,41,2299,4596
18753,23,35,3795,7588
18754,17,41,10930,21858
18755,11,38,15725,31448
18756,23,41,8945,17888
18757,23,38,16102,32202
18758,29,38,15077,30152
18759,23,44,6594,13186
18760,35,41,5955,11908
18761,17,29,9436,18870
18762,41,41,13405,26808
18763,11,38,13432,26862
18764,17,41,11092,22182
18765,23,32,5543,11084
18766,17,38,13531,27060
18767,23,41,13994,27986
18768,23,35,1873,3744
18769,17,38,5262,10522
18770,17,35,6006,12010
18771,29,38,14250,28498
18772,17,38,2979,5956
18773,11,38,12111,24220
18774,23,38,4470,8938
18775,29,38,11392,22782
18776,35,41,9538,19074
18777,11,41,15358,30714
18778,11,38,15810,31618
18779,23,32,10331,20660
18780,11,41,18750,37498
18781,17,41,10299,20596
18782,17,32,8593,17184
18783,11,29,5742,11482
18784,17,32,1529,3056
18785,17,41,11421,22840
18786,17,41,14301,28600
18787,29,44,9026,18050
18788,23,41,18377,36752
18789,17,32,7697,15392
18790,23,41,12112,24222
18791,11,35,517,1032
18792,23,26,5320,10638
18793,17,38,1813,3624
18794,5,38,15863,31724
18795,23,35,17405,34808
18796,17,41,2506,5010
18797,17,41,4223,8444
18798,17,35,5612,11222
18799,11,32,10602,21202
18800,17,44,17588,35174
18801,5,38,17250,34498
18802,11,41,13758,27514
18803,11,32,7996,15990
18804,11,35,8810,17618
18805,11,35,9086,18170
18806,17,41,11158,22314
18807,35,41,9705,19408
18808,29,38,9052,18102
18809,11,38,6085,12168
18810,17,35,15141,30280
18811,35,38,10758,21514
18812,23,38,15241,30480
18813,11,41,16326,32650
18814,17,38,511,1020
18815,17,35,16429,32856
18816,29,44,7239,14476
18817,23,44,18229,36456
18818,17,35,16369,32736
18819,17,38,2123,4244
18820,23,35,17830,35658
18821,17,17,4411,8820
18822,23,32,6736,13470
18823,17,38,3277,6552
18824,5,32,14400,28798
18825,17,32,12694,25386
18826,17,44,13852,27702
18827,17,35,6191,12380
18828,23,41,347,692
18829,11,35,16590,33178
18830,23,41,2542,5082
18831,11,32,13360,26718
18832,17,38,13210,26418
18833,11,38,11395,22788
18834,17,41,10914,21826
18835,23,38,13480,26958
18836,17,29,13114,26226
18837,17,44,17650,35298
18838,17,29,14439,28876
18839,23,41,2900,5798
18840,29,35,18098,36194
18841,17,38,3847,7692
18842,23,41,11100,22198
18843,29,38,2026,4050
18844,23,41,18088,36174
18845,17,35,3895,7788
18846,17,32,7278,14554
18847,17,32,17606,35210
18848,23,41,13241,26480
18849,23,38,14382,28762
18850,35,38,17688,35374
18851,23,35,14235,28468
18852,35,44,7114,14226
18853,29,41,6105,12208
18854,17,41,16965,33928
18855,41,38,6883,13764
18856,23,23,1105,2208
18857,23,41,6580,13158
18858,17,35,11108,22214
18859,23,41,16834,33666
18860,29,41,12944,25886
18861,23,41,12998,25994
18862,11,41,6145,12288
18863,17,26,4235,8468
18864,11,32,3987,7972
18865,17,32,17364,34726
18866,17,29,16084,32166
18867,29,26,11682,23362
18868,17,38,664,1326
18869,29,38,3567,7132
18870,23,41,9723,19444
18871,35,38,11004,22006
18872,29,32,17352,34702
18873,23,38,14565,29128
18874,17,38,12738,25474
18875,23,23,10101,20200
18876,29,41,12835,25668
18877,5,38,5878,11754
18878,17,23,218,434
18879,23,41,18782,37562
18880,23,38,16018,32034
18881,17,41,540,1078
18882,17,38,5552,11102
18883,23,41,6605,13208
18884,11,35,17164,34326
18885,23,32,6093,12184
18886,17,38,8153,16304
18887,23,41,5212,10422
18888,17,32,10097,20192
18889,17,32,6555,13108
18890,11,35,2234,4466
18891,23,41,15741,31480
18892,17,41,1897,3792
18893,17,38,9822,19642
18894,23,38,3558,7114
18895,23,35,5401,10800
18896,11,35,16231,32460
18897,29,38,8568,17134
18898,23,38,9557,19112
18899,23,35,10272,20542
18900,23,35,10763,21524
18901,17,38,1118,2234
18902,23,32,7226,14450
18903,23,41,9760,19518
18904,23,41,2108,4214
18905,29,35,10988,21974
18906,11,38,7728,15454
18907,17,41,13680,27358
18908,23,35,1509,3016
18909,23,35,7963,15924
18910,29,41,15834,31666
18911,17,38,6849,13696
18912,17,38,13669,27336
18913,17,35,16201,32400
18914,23,44,6084,12166
18915,11,38,1697,3392
18916,17,41,2806,5610
18917,23,41,11701,23400
18918,17,38,16236,32470
18919,23,41,17934,35866
18920,35,41,1781,3560
18921,23,38,7107,14212
18922,23,35,18456,36910
18923,23,38,9372,18742
18924,11,38,579,1156
18925,23,38,8005,16008
18926,11,35,3192,6382
18927,23,29,11257,22512
18928,17,35,10993,21984
18929,11,32,17201,34400
18930,17,38,15423,30844
18931,11,35,6530,13058
18932,29,41,18324,36646
18933,23,44,4714,9426
18934,17,35,17617,35232
18935,17,32,5260,10518
18936,23,38,17376,34750
18937,11,38,339,676
18938,17,44,3041,6080
18939,17,35,4942,9882
18940,11,38,15151,30300
18941,23,35,2945,5888
18942,23,26,4107,8212
18943,17,35,17597,35192
18944,17,26,333,664
18945,17,44,13959,27916
18946,17,32,11036,22070
18947,29,38,373,744
18948,29,38,9990,19978
18949,17,38,918,1834
18950,23,41,14415,28828
18951,23,41,13090,26178
18952,17,44,6329,12656
18953,29,35,560,1118
18954,5,38,8368,16734
18955,17,20,18511,37020
18956,11,38,1449,2896
18957,17,44,5062,10122
18958,17,41,1861,3720
18959,23,41,14307,28612
18960,11,38,17272,34542
18961,23,44,18813,37624
18962,23,41,10882,21762
18963,23,41,288,574
18964,35,32,11545,23088
18965,17,41,14593,29184
18966,23,32,1676,3350
18967,35,38,11496,22990
18968,35,41,8408,16814
18969,35,35,11581,23160
18970,17,29,15690,31378
18971,29,23,7632,15262
18972,17,35,6803,13604
18973,17,35,4560,9118
18974,23,32,1324,2646
18975,35,32,6829,13656
18976,23,41,2799,5596
18977,11,38,1988,3974
18978,17,29,10396,20790
18979,23,26,11307,22612
18980,11,38,18736,37470
18981,17,32,5959,11916
18982,23,38,3401,6800
18983,17,38,12931,25860
18984,29,35,8068,16134
18985,29,38,15635,31268
18986,17,41,110,218
18987,23,41,2860,5718
18988,17,41,2754,5506
18989,11,32,306,610
18990,17,38,2954,5906
18991,5,38,2,2
18992,17,38,66,130
18993,17,35,4687,9372
18994,23,35,8035,16068
18995,35,35,12358,24714
18996,17,35,16820,33638
18997,17,44,18324,36646
18998,17,41,17304,34606
18999,17,38,17576,35150
19000,17,38,5298,10594
19001,17,38,11181,22360
19002,23,29,12042,24082
19003,17,35,11528,23054
19004,23,32,5669,11336
19005,17,41,4736,9470
19006,11,38,15593,31184
19007,23,38,12034,24066
19008,23,41,7530,15058
19009,17,41,17698,35394
19010,29,41,8647,17292
19011,5,41,15666,31330
19012,17,41,2021,4040
19013,17,35,17096,34190
19014,29,14,10102,20202
19015,23,41,14553,29104
19016,17,29,18179,36356
19017,17,38,12727,25452
19018,29,44,14072,28142
19019,23,35,6588,13174
19020,29,44,5571,11140
19021,23,38,5021,10040
19022,17,38,14315,28628
19023,11,41,5244,10486
19024,23,41,18230,36458
19025,17,32,5805,11608
19026,23,38,8887,17772
19027,35,41,1032,2062
19028,29,23,5277,10552
19029,29,41,4559,9116
19030,23,32,9877,19752
19031,29,41,11656,23310
19032,17,38,4856,9710
19033,35,35,10848,21694
19034,11,41,3742,7482
19035,23,41,7608,15214
19036,17,32,7594,15186
19037,17,35,13306,26610
19038,17,38,16902,33802
19039,11,41,19034,38066
19040,17,35,16729,33456
19041,29,38,7514,15026
19042,17,41,4668,9334
19043,23,32,4434,8866
19044,11,38,6418,12834
19045,11,41,19026,38050
19046,11,38,16086,32170
19047,11,32,1385,2768
19048,23,44,6444,12886
19049,23,41,9545,19088
19050,29,38,10855,21708
19051,17,32,975,1948
19052,17,32,8678,17354
19053,11,20,8185,16368
19054,17,32,18057,36112
19055,23,38,8863,17724
19056,11,26,13138,26274
19057,23,20,9678,19354
19058,17,29,12748,25494
19059,11,32,15309,30616
19060,23,26,4877,9752
19061,17,38,6874,13746
19062,17,35,5644,11286
19063,17,38,18750,37498
19064,17,38,810,1618
19065,23,41,10811,21620
19066,17,38,12891,25780
19067,29,32,1218,2434
19068,23,38,1547,3092
19069,35,35,16112,32222
19070,17,35,14568,29134
19071,23,35,5163,10324
19072,17,32,196,390
19073,23,32,8130,16258
19074,17,26,6966,13930
19075,11,38,160,318
19076,23,38,8886,17770
19077,5,35,3897,7792
19078,17,41,15961,31920
19079,11,26,15391,30780
19080,17,35,19077,38152
19081,17,20,8198,16394
19082,17,26,5478,10954
19083,23,38,14011,28020
19084,11,41,5633,11264
19085,11,38,4148,8294
19086,23,44,15358,30714
19087,17,38,2121,4240
19088,23,32,2470,4938
19089,23,41,7087,14172
19090,17,38,6925,13848
19091,5,35,1178,2354
19092,23,38,14870,29738
19093,17,41,3670,7338
19094,17,35,14790,29578
19095,17,29,16166,32330
19096,17,35,9655,19308
19097,23,38,5330,10658
19098,23,38,1880,3758
19099,29,38,17837,35672
19100,29,44,10295,20588
19101,29,38,789,1576
19102,23,41,16815,33628
19103,17,41,584,1166
19104,11,35,18753,37504
19105,23,44,9808,19614
19106,29,41,13866,27730
19107,23,38,7036,14070
19108,23,35,1598,3194
19109,11,35,2325,4648
19110,17,38,1596,3190
19111,29,32,9901,19800
19112,23,41,13799,27596
19113,17,29,7781,15560
19114,23,26,13924,27846
19115,17,41,2919,5836
19116,29,38,8080,16158
19117,29,38,5055,10108
19118,23,38,6041,12080
19119,11,41,3639,7276
19120,17,44,3281,6560
19121,17,26,15872,31742
19122,23,32,8449,16896
19123,23,38,4568,9134
19124,23,32,16892,33782
19125,17,38,4381,8760
19126,17,41,488,974
19127,23,23,75,148
19128,23,35,1002,2002
19129,17,38,4704,9406
19130,11,44,12945,25888
19131,11,35,13232,26462
19132,29,38,6698,13394
19133,29,41,11950,23898
19134,23,29,13697,27392
19135,11,38,357,712
19136,17,41,4570,9138
19137,17,41,12714,25426
19138,11,38,352,702
19139,23,41,2297,4592
19140,23,41,17639,35276
19141,23,32,15617,31232
19142,29,35,1032,2062
19143,17,41,11892,23782
19144,35,38,14896,29790
19145,11,32,18779,37556
19146,23,35,5199,10396
19147,17,38,18107,36212
19148,17,38,11093,22184
19149,29,35,11860,23718
19150,23,38,4036,8070
19151,17,20,7928,15854
19152,29,38,15950,31898
19153,23,38,9242,18482
19154,11,32,514,1026
19155,47,41,16725,33448
19156,23,41,4607,9212
19157,11,35,3106,6210
19158,35,35,16123,32244
19159,23,35,17414,34826
19160,17,41,16892,33782
19161,11,38,4589,9176
19162,11,41,7871,15740
19163,23,44,5753,11504
19164,11,35,11006,22010
19165,29,38,7160,14318
19166,11,38,10510,21018
19167,23,32,7572,15142
19168,17,26,11868,23734
19169,17,35,10925,21848
19170,17,38,7041,14080
19171,11,35,18548,37094
19172,17,38,6086,12170
19173,11,41,8,14
19174,29,41,12752,25502
19175,11,35,8150,16298
19176,23,44,10214,20426
19177,29,41,10701,21400
19178,41,35,18790,37578
19179,23,44,17043,34084
19180,23,38,7666,15330
19181,23,41,6704,13406
19182,17,35,15094,30186
19183,11,35,15158,30314
19184,29,32,14995,29988
19185,11,35,14291,28580
19186,11,38,16298,32594
19187,11,35,17804,35606
19188,11,32,2704,5406
19189,11,38,16849,33696
19190,5,35,4,6
19191,23,35,10921,21840
19192,11,41,1282,2562
19193,23,32,13016,26030
19194,41,35,13819,27636
19195,23,32,3871,7740
19196,17,35,16033,32064
19197,23,44,4344,8686
19198,23,41,3310,6618
19199,23,35,13242,26482
19200,23,38,2289,4576
19201,23,41,5879,11756
19202,17,38,9039,18076
19203,11,41,6782,13562
19204,17,38,8388,16774
19205,11,26,1687,3372
19206,5,38,10827,21652
19207,17,32,17117,34232
19208,17,38,6112,12222
19209,11,38,17803,35604
19210,17,41,17122,34242
19211,17,38,7473,14944
19212,11,29,9398,18794
19213,11,32,12259,24516
19214,23,41,12812,25622
19215,23,41,16142,32282
19216,17,35,9190,18378
19217,23,41,11144,22286
19218,17,41,12579,25156
19219,17,41,6576,13150
19220,23,38,18679,37356
19221,23,38,5276,10550
19222,23,35,10835,21668
19223,23,41,17809,35616
19224,23,38,2935,5868
19225,11,38,5684,11366
19226,23,35,11100,22198
19227,29,41,3347,6692
19228,23,32,18750,37498
19229,17,41,14673,29344
19230,23,38,17806,35610
19231,29,41,15027,30052
19232,23,38,5411,10820
19233,11,26,16791,33580
19234,17,38,11303,22604
19235,23,29,9787,19572
19236,11,41,4995,9988
19237,11,23,8339,16676
19238,23,29,14523,29044
19239,35,32,4781,9560
19240,23,32,5195,10388
19241,11,41,18871,37740
19242,17,35,5509,11016
19243,47,32,13539,27076
19244,29,35,13327,26652
19245,17,41,3934,7866
19246,17,41,3481,6960
19247,17,38,6246,12490
19248,17,38,17097,34192
19249,17,38,10274,20546
19250,23,44,17698,35394
19251,23,41,15130,30258
19252,23,35,7196,14390
19253,17,35,7157,14312
19254,17,41,10495,20988
19255,29,38,2507,5012
19256,29,35,6773,13544
19257,5,38,3673,7344
19258,29,38,11676,23350
19259,17,38,16369,32736
19260,35,29,16345,32688
19261,11,32,66,130
19262,17,41,6274,12546
19263,11,32,2530,5058
19264,29,38,6505,13008
19265,11,35,8112,16222
19266,17,35,6928,13854
19267,23,32,17734,35466
19268,17,23,8052,16102
19269,23,35,1256,2510
19270,17,38,9373,18744
19271,23,38,14583,29164
19272,29,41,2063,4124
19273,11,35,11314,22626
19274,17,41,3461,6920
19275,23,44,12413,24824
19276,23,32,17892,35782
19277,29,41,6286,12570
19278,17,32,12019,24036
19279,23,41,14430,28858
19280,11,35,1782,3562
19281,11,38,6700,13398
19282,17,41,1575,3148
19283,17,38,5646,11290
19284,17,32,16092,32182
19285,23,32,4337,8672
19286,23,38,14547,29092
19287,23,29,8683,17364
19288,23,29,7703,15404
19289,23,35,16854,33706
19290,17,29,15237,30472
19291,11,35,13124,26246
19292,17,32,6092,12182
19293,23,41,14542,29082
19294,23,38,7849,15696
19295,11,38,19119,38236
19296,5,38,17178,34354
19297,11,41,2269,4536
19298,23,41,7986,15970
19299,41,38,7935,15868
19300,11,32,1197,2392
19301,29,35,4441,8880
19302,23,41,18447,36892
19303,23,41,16408,32814
19304,11,44,14976,29950
19305,41,35,7536,15070
19306,23,38,99,196
19307,29,41,5111,10220
19308,35,38,8947,17892
19309,29,41,13085,26168
19310,23,44,19046,38090
19311,35,38,15734,31466
19312,17,32,17054,34106
19313,23,38,6046,12090
19314,17,32,668,1334
19315,23,38,4344,8686
19316,23,26,10752,21502
19317,23,44,1121,2240
19318,17,35,8078,16154
19319,35,32,215,428
19320,17,20,11018,22034
19321,11,41,13036,26070
19322,41,32,5932,11862
19323,11,38,18401,36800
19324,17,41,15725,31448
19325,23,35,2418,4834
19326,35,20,11021,22040
19327,17,38,6122,12242
19328,23,41,2744,5486
19329,17,38,2645,5288
19330,11,38,4460,8918
19331,17,38,14013,28024
19332,17,41,1740,3478
19333,23,41,8428,16854
19334,17,29,1415,2828
19335,23,32,9261,18520
19336,17,44,14893,29784
19337,29,32,3295,6588
19338,23,38,16876,33750
19339,17,38,16394,32786
19340,23,41,14029,28056
19341,29,32,8830,17658
19342,23,38,7471,14940
19343,23,32,4352,8702
19344,23,38,18027,36052
19345,17,35,11648,23294
19346,11,38,15281,30560
19347,11,38,3903,7804
19348,17,38,5575,11148
19349,23,32,11800,23598
19350,17,38,17047,34092
19351,11,38,14996,29990
19352,11,38,11109,22216
19353,23,41,18615,37228
19354,17,41,7529,15056
19355,11,35,7829,15656
19356,17,38,8483,16964
19357,17,38,14897,29792
19358,17,32,2995,5988
19359,23,26,10777,21552
19360,17,41,14797,29592
19361,17,35,3520,7038
19362,29,41,1970,3938
19363,11,32,1010,2018
19364,23,38,6313,12624
19365,23,35,5564,11126
19366,17,44,12094,24186
19367,23,38,8924,17846
19368,11,35,9535,19068
19369,17,41,19035,38068
19370,29,41,5420,10838
19371,11,38,9351,18700
19372,29,26,14264,28526
19373,23,41,16413,32824
19374,17,38,4708,9414
19375,17,41,14164,28326
19376,17,38,19209,38416
19377,23,41,14394,28786
19378,11,38,6204,12406
19379,29,38,1576,3150
19380,17,41,8022,16042
19381,11,38,8078,16154
19382,17,32,16345,32688
19383,17,41,10767,21532
19384,23,35,11514,23026
19385,17,32,6407,12812
19386,17,44,11594,23186
19387,17,38,1686,3370
19388,23,38,11750,23498
19389,11,41,17763,35524
19390,17,35,14415,28828
19391,23,41,7867,15732
19392,23,38,12070,24138
19393,17,41,13050,26098
19394,17,35,2912,5822
19395,23,32,5805,11608
19396,17,35,4986,9970
19397,29,41,2683,5364
19398,23,35,7808,15614
19399,23,35,10670,21338
19400,17,41,8093,16184
19401,23,41,10106,20210
19402,35,41,4742,9482
19403,23,32,4614,9226
19404,35,41,386,770
19405,11,38,6402,12802
19406,23,32,17369,34736
19407,17,41,1972,3942
19408,29,38,15762,31522
19409,23,38,8251,16500
19410,17,32,1333,2664
19411,17,38,4656,9310
19412,17,41,10064,20126
19413,29,32,15100,30198
19414,23,35,1720,3438
19415,17,26,15662,31322
19416,23,26,18392,36782
19417,11,38,7917,15832
19418,23,38,2197,4392
19419,29,35,16494,32986
19420,5,29,16,30
19421,17,29,2333,4664
19422,11,38,5142,10282
19423,23,26,13696,27390
19424,11,38,15020,30038
19425,23,32,17214,34426
19426,17,41,11881,23760
19427,23,41,17052,34102
19428,17,38,19303,38604
19429,17,26,10663,21324
19430,5,32,19344,38686
19431,17,32,17125,34248
19432,23,38,15709,31416
19433,23,35,7121,14240
19434,23,38,8025,16048
19435,23,38,13241,26480
19436,23,38,9374,18746
19437,23,41,907,1812
19438,17,41,10527,21052
19439,23,38,4345,8688
19440,11,38,19211,38420
19441,17,38,8840,17678
19442,23,38,14531,29060
19443,23,41,10580,21158
19444,23,41,15420,30838
19445,17,35,9709,19416
19446,29,38,8695,17388
19447,11,38,19098,38194
19448,29,41,15596,31190
19449,11,32,12052,24102
19450,23,38,9115,18228
19451,23,32,11121,22240
19452,11,41,8024,16046
19453,17,38,14654,29306
19454,17,38,15648,31294
19455,11,29,10545,21088
19456,17,44,7039,14076
19457,17,35,11216,22430
19458,5,35,376,750
19459,23,38,2791,5580
19460,23,35,8556,17110
19461,23,35,1581,3160
19462,29,38,8264,16526
19463,23,38,1257,2512
19464,5,35,3443,6884
19465,17,35,9919,19836
19466,17,44,11609,23216
19467,5,35,18369,36736
19468,29,41,8263,16524
19469,17,38,6038,12074
19470,23,38,13007,26012
19471,17,38,3961,7920
19472,29,41,7605,15208
19473,23,44,13549,27096
19474,11,38,4251,8500
19475,17,32,7541,15080
19476,23,35,18578,37154
19477,11,38,1647,3292
19478,23,35,11903,23804
19479,23,38,7706,15410
19480,17,35,16203,32404
19481,47,35,2344,4686
19482,17,38,2038,4074
19483,29,32,1169,2336
19484,17,32,3833,7664
19485,11,26,266,530
19486,11,38,19090,38178
19487,11,41,16810,33618
19488,29,38,4792,9582
19489,29,41,13899,27796
19490,35,44,15959,31916
19491,17,38,6769,13536
19492,23,38,8857,17712
19493,11,38,4535,9068
19494,17,38,14747,29492
19495,17,29,16162,32322
19496,23,35,9229,18456
19497,17,32,12805,25608
19498,11,38,18482,36962
19499,17,38,3395,6788
19500,17,38,7085,14168
19501,23,35,6174,12346
19502,29,44,1036,2070
19503,17,35,9490,18978
19504,17,41,2805,5608
19505,11,35,16604,33206
19506,17,32,11648,23294
19507,23,38,13156,26310
19508,23,32,16526,33050
19509,29,26,10784,21566
19510,35,44,15585,31168
19511,23,38,18117,36232
19512,23,29,2724,5446
19513,17,41,10631,21260
19514,23,41,8738,17474
19515,17,35,17300,34598
19516,11,38,14720,29438
19517,23,35,976,1950
19518,17,44,10940,21878
19519,23,35,14350,28698
19520,23,44,6748,13494
19521,29,41,5839,11676
19522,17,38,2471,4940
19523,23,29,362,722
19524,11,32,257,512
19525,17,41,11885,23768
19526,11,32,16179,32356
19527,41,41,5017,10032
19528,5,35,90,178
19529,29,29,13141,26280
19530,17,41,5347,10692
19531,17,44,13327,26652
19532,11,38,13464,26926
19533,23,35,9026,18050
19534,29,26,10874,21746
19535,17,44,7148,14294
19536,11,29,13334,26666
19537,29,35,2226,4450
19538,11,38,18186,36370
19539,35,41,11545,23088
19540,17,41,1308,2614
19541,23,38,11065,22128
19542,11,38,708,1414
19543,29,35,3105,6208
19544,35,38,7068,14134
19545,35,23,17483,34964
19546,11,35,3601,7200
19547,23,41,9285,18568
19548,23,41,18230,36458
19549,23,38,16009,32016
19550,23,41,17845,35688
19551,29,35,10506,21010
19552,11,29,4755,9508
19553,11,20,17564,35126
19554,29,44,16608,33214
19555,23,32,18150,36298
19556,11,35,11996,23990
19557,23,35,2363,4724
19558,17,41,10861,21720
19559,23,44,15008,30014
19560,23,41,18375,36748
19561,23,38,1047,2092
19562,35,35,17073,34144
19563,23,38,364,726
19564,11,41,3301,6600
19565,17,41,6012,12022
19566,29,38,10419,20836
19567,35,32,370,738
19568,23,35,8975,17948
19569,23,41,10557,21112
19570,17,29,11371,22740
19571,17,44,16756,33510
19572,17,32,8857,17712
19573,11,41,14586,29170
19574,11,35,4879,9756
19575,17,35,13165,26328
19576,23,35,5643,11284
19577,5,38,2,2
19578,17,35,15118,30234
19579,23,44,1562,3122
19580,23,29,6826,13650
19581,11,41,106,210
19582,23,38,19198,38394
19583,5,38,17789,35576
19584,17,41,2136,4270
19585,17,35,15113,30224
19586,35,29,17808,35614
19587,17,41,12239,24476
19588,17,35,18723,37444
19589,17,29,10808,21614
19590,17,41,2786,5570
19591,17,41,14955,29908
19592,11,35,2941,5880
19593,17,35,3133,6264
19594,23,35,263,524
19595,29,35,5879,11756
19596,23,32,14341,28680
19597,17,32,13882,27762
19598,11,35,4366,8730
19599,11,38,2063,4124
19600,11,38,16530,33058
19601,11,20,10564,21126
19602,17,41,14339,28676
19603,17,32,16110,32218
19604,23,41,6426,12850
19605,11,41,18239,36476
19606,23,35,9165,18328
19607,11,29,6374,12746
19608,23,44,14054,28106
19609,35,38,13607,27212
19610,23,44,12859,25716
19611,17,41,11805,23608
19612,17,38,11899,23796
19613,11,41,6721,13440
19614,17,35,9294,18586
19615,23,41,15131,30260
19616,29,41,4984,9966
19617,23,44,6004,12006
19618,23,35,5106,10210
19619,17,41,12840,25678
19620,17,32,4070,8138
19621,23,41,17800,35598
19622,17,32,13672,27342
19623,17,41,8088,16174
19624,23,35,9835,19668
19625,29,26,14757,29512
19626,23,35,12117,24232
19627,23,29,12669,25336
19628,23,32,18429,36856
19629,5,32,66,130
19630,23,38,8777,17552
19631,17,41,4048,8094
19632,11,41,812,1622
19633,23,35,8841,17680
19634,23,44,6168,12334
19635,17,38,9230,18458
19636,17,41,648,1294
19637,17,26,5637,11272
19638,23,41,7295,14588
19639,29,23,3451,6900
19640,29,38,6863,13724
19641,17,29,13981,27960
19642,11,35,18495,36988
19643,17,38,5909,11816
19644,23,35,9030,18058
19645,29,26,6099,12196
19646,23,41,3470,6938
19647,17,32,13593,27184
19648,11,38,8985,17968
19649,23,41,1212,2422
19650,29,32,1121,2240
19651,17,44,12584,25166
19652,29,41,16759,33516
19653,29,41,18821,37640
19654,11,35,11759,23516
19655,23,38,7151,14300
19656,17,41,6049,12096
19657,17,41,4266,8530
19658,23,38,2564,5126
19659,17,38,16004,32006
19660,29,41,15084,30166
19661,17,41,8562,17122
19662,29,35,3920,7838
19663,23,44,8333,16664
19664,41,29,15343,30684
19665,11,38,6496,12990
19666,17,38,3607,7212
19667,23,38,16932,33862
19668,17,41,8842,17682
19669,17,29,13234,26466
19670,11,29,2785,5568
19671,29,41,4972,9942
19672,17,41,6134,12266
19673,23,35,7447,14892
19674,17,41,7272,14542
19675,17,38,6011,12020
19676,17,38,18228,36454
19677,11,35,8746,17490
19678,17,29,748,1494
19679,17,29,10167,20332
19680,23,38,3720,7438
19681,17,41,7570,15138
19682,17,41,5965,11928
19683,17,38,102,202
19684,17,38,11429,22856
19685,17,38,18283,36564
19686,23,35,5781,11560
19687,11,35,12664,25326
19688,17,38,18858,37714
19689,11,38,19639,39276
19690,17,35,18387,36772
19691,29,32,16199,32396
19692,17,32,10067,20132
19693,17,38,14824,29646
19694,23,35,6676,13350
19695,23,38,11143,22284
19696,17,38,2160,4318
19697,23,35,18807,37612
19698,17,26,11193,22384
19699,5,35,810,1618
19700,41,41,1056,2110
19701,23,41,8670,17338
19702,11,17,7695,15388
19703,23,38,15001,30000
19704,17,32,12419,24836
19705,23,35,5890,11778
19706,23,41,7301,14600
19707,29,38,15403,30804
19708,11,41,2122,4242
19709,23,41,18674,37346
19710,23,32,2838,5674
19711,11,32,1954,3906
19712,23,38,4675,9348
19713,5,41,19711,39420
19714,17,38,3150,6298
19715,17,41,1274,2546
19716,17,41,12742,25482
19717,11,38,12522,25042
19718,23,35,16362,32722
19719,29,17,4622,9242
19720,17,35,2672,5342
19721,23,38,10282,20562
19722,23,14,19105,38208
19723,29,41,5444,10886
19724,17,38,7946,15890
19725,11,26,3043,6084
19726,29,41,17763,35524
19727,11,44,5413,10824
19728,23,32,2899,5796
19729,5,41,19432,38862
19730,23,44,19094,38186
19731,23,44,2214,4426
19732,23,41,2681,5360
19733,11,32,17796,35590
19734,11,32,19068,38134
19735,17,41,18038,36074
19736,11,38,17526,35050
19737,17,32,1087,2172
19738,11,35,5438,10874
19739,23,38,11023,22044
19740,11,35,2962,5922
19741,23,38,16566,33130
19742,35,32,11865,23728
19743,35,32,8377,16752
19744,23,38,7570,15138
19745,23,38,4875,9748
19746,17,35,19373,38744
19747,23,41,10754,21506
19748,35,20,18974,37946
19749,29,44,1146,2290
19750,17,23,2698,5394
19751,17,38,8922,17842
19752,23,32,16983,33964
19753,17,38,3806,7610
19754,29,32,5428,10854
19755,11,32,6548,13094
19756,35,41,17061,34120
19757,17,38,5838,11674
19758,23,32,10834,21666
19759,11,32,14327,28652
19760,17,35,7483,14964
19761,29,38,4126,8250
19762,23,35,18435,36868
19763,23,44,5731,11460
19764,17,32,19503,39004
19765,11,38,19527,39052
19766,17,38,5531,11060
19767,17,35,14966,29930
19768,29,44,14569,29136
19769,11,35,8248,16494
19770,23,38,12633,25264
19771,17,35,19169,38336
19772,5,41,16319,32636
19773,17,38,15599,31196
19774,29,32,7985,15968
19775,23,35,17231,34460
19776,11,32,15072,30142
19777,23,41,4874,9746
19778,29,32,8177,16352
19779,29,26,17346,34690
19780,11,29,13655,27308
19781,23,41,13603,27204
19782,29,44,10083,20164
19783,17,29,13427,26852
19784,23,35,5510,11018
19785,29,38,13237,26472
19786,29,32,13728,27454
19787,29,35,14613,29224
19788,17,32,8879,17756
19789,5,32,721,1440
19790,29,35,6738,13474
19791,17,35,7551,15100
19792,35,38,5393,10784
19793,23,26,1739,3476
19794,17,41,15501,31000
19795,23,38,13040,26078
19796,29,35,19366,38730
19797,11,35,18380,36758
19798,17,38,14748,29494
19799,35,44,1748,3494
19800,17,38,10128,20254
19801,23,44,18365,36728
19802,17,41,921,1840
19803,23,38,17823,35644
19804,23,41,14972,29942
19805,17,41,19736,39470
19806,29,35,18476,36950
19807,29,41,7866,15730
19808,17,38,5123,10244
19809,23,41,13496,26990
19810,17,35,5951,11900
19811,23,35,16614,33226
19812,23,32,13338,26674
19813,11,44,91,180
19814,17,32,1828,3654
19815,23,38,5807,11612
19816,29,44,18993,37984
19817,23,41,16160,32318
19818,17,38,10215,20428
19819,23,38,8736,17470
19820,17,32,11697,23392
19821,11,35,16689,33376
19822,23,38,18033,36064
19823,11,35,18192,36382
19824,35,35,16431,32860
19825,29,41,7567,15132
19826,11,26,15217,30432
19827,17,35,11535,23068
19828,17,38,16190,32378
19829,5,35,19244,38486
19830,35,38,13407,26812
19831,11,32,18059,36116
19832,17,38,7157,14312
19833,23,41,9988,19974
19834,35,35,14939,29876
19835,11,29,1374,2746
19836,17,35,5593,11184
19837,29,44,2376,4750
19838,23,35,10437,20872
19839,11,32,2161,4320
19840,17,38,11158,22314
19841,11,38,6052,12102
19842,11,38,3513,7024
19843,17,35,17619,35236
19844,5,32,4426,8850
19845,5,38,6314,12626
19846,11,38,11508,23014
19847,23,38,623,1244
19848,17,41,250,498
19849,17,35,7185,14368
19850,17,35,9028,18054
19851,17,32,2121,4240
19852,17,35,5026,10050
19853,17,41,8374,16746
19854,29,41,2372,4742
19855,11,41,2417,4832
19856,41,38,7170,14338
19857,17,35,7683,15364
19858,17,44,14884,29766
19859,23,38,17243,34484
19860,17,38,19815,39628
19861,23,41,10254,20506
19862,23,32,28,54
19863,17,41,14426,28850
19864,11,38,18255,36508
19865,17,23,12491,24980
19866,17,38,14984,29966
19867,17,38,11647,23292
19868,23,35,2524,5046
19869,41,38,9995,19988
19870,11,20,15368,30734
19871,17,35,13015,26028
19872,23,38,16909,33816
19873,17,35,3652,7302
19874,17,38,16596,33190
19875,11,41,1791,3580
19876,23,38,15388,30774
19877,29,32,17092,34182
19878,17,38,19104,38206
19879,17,35,1664,3326
19880,11,35,18196,36390
19881,23,32,6763,13524
19882,29,44,15784,31566
19883,23,38,18448,36894
19884,17,38,17945,35888
19885,17,29,15943,31884
19886,29,32,3950,7898
19887,23,29,7982,15962
19888,23,38,18555,37108
19889,17,35,10239,20476
19890,29,41,18548,37094
19891,23,41,3178,6354
19892,23,38,6082,12162
19893,11,32,5740,11478
19894,23,38,16686,33370
19895,17,35,17316,34630
19896,23,41,5004,10006
19897,17,41,6847,13692
19898,47,35,9495,18988
19899,17,29,13195,26388
19900,35,38,13750,27498
19901,11,38,9560,19118
19902,17,41,6887,13772
19903,29,32,5588,11174
19904,23,35,17003,34004
19905,29,35,10751,21500
19906,17,38,17235,34468
19907,17,38,11044,22086
19908,23,38,19439,38876
19909,29,38,10987,21972
19910,35,38,8226,16450
19911,11,23,10189,20376
19912,29,35,9549,19096
19913,17,41,16200,32398
19914,23,38,17675,35348
19915,23,32,13117,26232
19916,11,35,5926,11850
19917,41,32,10163,20324
19918,17,41,16899,33796
19919,29,41,16125,32248
19920,29,38,18307,36612
19921,11,41,6024,12046
19922,17,32,11389,22776
19923,23,38,7425,14848
19924,17,32,8589,17176
19925,29,35,8527,17052
19926,17,44,5393,10784
19927,17,38,2741,5480
19928,23,38,11989,23976
19929,29,41,10858,21714
19930,17,26,6654,13306
19931,23,38,16103,32204
19932,35,32,17567,35132
19933,17,41,6996,13990
19934,11,32,44,86
19935,23,35,5923,11844
19936,29,32,4604,9206
19937,17,38,14847,29692
19938,23,38,17184,34366
19939,17,38,4865,9728
19940,23,29,19025,38048
19941,23,35,5428,10854
19942,29,38,6748,13494
19943,11,41,19265,38528
19944,17,41,157,312
19945,29,23,7244,14486
19946,35,41,6303,12604
19947,11,41,2141,4280
19948,17,35,3774,7546
19949,17,29,13695,27388
19950,17,41,8408,16814
19951,29,32,11037,22072
19952,5,41,18489,36976
19953,29,41,15931,31860
19954,11,41,13648,27294
19955,23,38,1887,3772
19956,23,35,2799,5596
19957,17,32,14256,28510
19958,29,38,3134,6266
19959,23,35,412,822
19960,23,35,1711,3420
19961,11,35,19694,39386
19962,23,35,2753,5504
19963,17,41,19022,38042
19964,17,38,5275,10548
19965,29,35,736,1470
19966,11,35,13302,26602
19967,23,38,12980,25958
19968,23,41,694,1386
19969,17,38,378,754
19970,29,35,1497,2992
19971,23,44,8434,16866
19972,17,32,127,252
19973,17,44,10060,20118
19974,23,35,14584,29166
19975,11,32,14816,29630
19976,17,38,5040,10078
19977,11,41,611,1220
19978,11,38,4385,8768
19979,41,38,13166,26330
19980,11,38,2645,5288
19981,23,44,2989,5976
19982,23,41,6530,13058
19983,23,35,5664,11326
19984,11,38,76,150
19985,5,35,19747,39492
19986,23,41,12377,24752
19987,11,41,6747,13492
19988,23,41,504,1006
19989,17,44,19003,38004
19990,11,29,2439,4876
19991,17,44,17175,34348
19992,23,41,18239,36476
19993,11,26,18702,37402
19994,11,38,12985,25968
19995,17,41,16178,32354
19996,11,29,2558,5114
19997,17,38,2960,5918
19998,23,41,6211,12420
19999,17,41,10677,21352
20000,17,38,17770,35538
20001,11,26,1602,3202
20002,17,35,12545,25088
20003,17,41,1996,3990
20004,17,38,6043,12084
20005,11,41,924,1846
20006,5,35,15811,31620
20007,23,35,11424,22846
20008,17,35,12821,25640
20009,11,38,14637,29272
20010,23,35,699,1396
20011,17,35,7480,14958
20012,17,32,12437,24872
20013,23,38,14259,28516
20014,17,35,6687,13372
20015,11,38,10239,20476
20016,11,38,144,286
20017,17,29,1230,2458
20018,23,35,10297,20592
20019,5,38,6892,13782
20020,23,29,5923,11844
20021,17,32,18662,37322
20022,23,23,10869,21736
20023,11,35,10426,20850
20024,29,26,18578,37154
20025,11,35,5010,10018
20026,41,41,4929,9856
20027,17,41,19149,38296
20028,11,35,113,224
20029,11,32,1280,2558
20030,23,38,577,1152
20031,11,32,7988,15974
20032,35,41,17177,34352
20033,17,38,368,734
20034,17,38,10293,20584
20035,17,38,9612,19222
20036,23,35,12722,25442
20037,29,35,10629,21256
20038,17,32,17345,34688
20039,23,38,18368,36734
20040,11,38,9992,19982
20041,17,38,16354,32706
20042,35,35,18049,36096
20043,11,35,10553,21104
20044,23,38,5472,10942
20045,17,35,16800,33598
20046,17,20,17070,34138
20047,11,35,149,296
20048,17,35,14060,28118
20049,23,35,14189,28376
20050,11,38,1290,2578
20051,23,38,5372,10742
20052,23,44,10568,21134
20053,17,35,13468,26934
20054,17,35,4028,8054
20055,35,38,17177,34352
20056,17,38,7401,14800
20057,23,38,10110,20218
20058,17,32,13781,27560
20059,23,38,1329,2656
20060,17,35,17283,34564
20061,17,35,630,1258
20062,23,32,9688,19374
20063,29,41,5607,11212
20064,17,32,15899,31796
20065,23,41,15589,31176
20066,11,35,613,1224
20067,17,38,18413,36824
20068,23,44,3291,6580
20069,23,41,7117,14232
20070,29,35,12978,25954
20071,23,32,17746,35490
20072,11,32,5675,11348
20073,23,32,13085,26168
20074,11,35,1542,3082
20075,29,29,16487,32972
20076,23,32,8733,17464
20077,23,41,16727,33452
20078,17,38,6461,12920
20079,23,41,13234,26466
20080,11,35,19671,39340
20081,23,44,13786,27570
20082,23,38,3679,7356
20083,17,41,16001,32000
20084,11,38,11082,22162
20085,17,38,4272,8542
20086,11,38,19815,39628
20087,5,41,17581,35160
20088,17,32,12191,24380
20089,23,38,1433,2864
20090,11,41,1688,3374
20091,11,35,15543,31084
20092,17,32,4560,9118
20093,35,38,6207,12412
20094,11,32,20044,40086
20095,41,29,7123,14244
20096,11,38,11566,23130
20097,23,32,11471,22940
20098,17,35,10063,20124
20099,29,41,12897,25792
20100,23,41,13419,26836
20101,17,35,6591,13180
20102,23,41,19343,38684
20103,29,35,6562,13122
20104,23,41,15629,31256
20105,23,26,824,1646
20106,29,44,16944,33886
20107,17,44,15021,30040
20108,23,35,19230,38458
20109,5,38,9094,18186
20110,11,32,5389,10776
20111,11,41,6818,13634
20112,23,35,6218,12434
20113,23,38,16583,33164
20114,29,35,11534,23066
20115,17,41,15782,31562
20116,23,44,11412,22822
20117,23,41,6309,12616
20118,23,38,2943,5884
20119,23,38,15665,31328
20120,17,35,14604,29206
20121,23,38,17632,35262
20122,29,41,8968,17934
20123,17,44,4966,9930
20124,11,41,9136,18270
20125,29,32,12569,25136
20126,5,23,6051,12100
20127,17,29,7135,14268
20128,23,35,9518,19034
20129,17,35,8398,16794
20130,23,35,7229,14456
20131,53,41,5793,11584
20132,11,35,605,1208
20133,11,38,14166,28330
20134,35,41,13865,27728
20135,23,38,8816,17630
20136,17,44,9289,18576
20137,11,35,13100,26198
20138,17,32,18831,37660
20139,35,41,9891,19780
20140,23,41,14107,28212
20141,11,35,15975,31948
20142,17,41,1222,2442
20143,17,38,3804,7606
20144,17,41,19346,38690
20145,17,44,12172,24342
20146,35,44,13835,27668
20147,11,32,7406,14810
20148,29,38,970,1938
20149,29,41,13422,26842
20150,11,35,3702,7402
20151,29,38,19617,39232
20152,35,41,10733,21464
20153,23,38,5320,10638
20154,17,32,2607,5212
20155,17,38,4451,8900
20156,23,41,8703,17404
20157,17,41,6645,13288
20158,17,38,14998,29994
20159,23,44,7865,15728
20160,17,38,16225,32448
20161,23,41,13805,27608
20162,23,41,12082,24162
20163,17,41,19911,39820
20164,17,35,8462,16922
20165,11,29,9827,19652
20166,17,26,197,392
20167,23,29,19320,38638
20168,23,38,9701,19400
20169,11,38,19649,39296
20170,23,38,5512,11022
20171,11,29,11443,22884
20172,17,35,15961,31920
20173,17,41,17517,35032
20174,11,32,10332,20662
20175,17,38,14369,28736
20176,23,41,15126,30250
20177,23,35,17244,34486
20178,23,38,18075,36148
20179,29,44,16287,32572
20180,23,38,18348,36694
20181,17,41,11252,22502
20182,11,32,14102,28202
20183,17,41,6658,13314
20184,11,32,19998,39994
20185,29,23,19001,38000
20186,17,38,11110,22218
20187,23,29,15122,30242
20188,23,41,13512,27022
20189,41,41,16245,32488
20190,35,41,17661,35320
20191,11,35,2233,4464
20192,5,35,13925,27848
20193,23,41,1194,2386
20194,17,38,15172,30342
20195,17,26,3983,7964
20196,29,35,7490,14978
20197,29,35,9897,19792
20198,11,35,2470,4938
20199,17,38,14832,29662
20200,29,41,11908,23814
20201,23,44,6641,13280
20202,17,32,16720,33438
20203,17,38,6123,12244
20204,17,44,265,528
20205,35,38,12630,25258
20206,29,35,3516,7030
20207,17,35,7938,15874
20208,23,41,2736,5470
20209,17,35,232,462
20210,17,32,6717,13432
20211,11,38,9964,19926
20212,11,38,2867,5732
20213,11,41,16836,33670
20214,47,29,651,1300
20215,17,35,19963,39924
20216,17,32,262,522
20217,23,41,8906,17810
20218,29,44,11510,23018
20219,11,38,8714,17426
20220,17,38,1656,3310
20221,11,32,343,684
20222,17,41,5052,10102
20223,17,44,9001,18000
20224,17,29,16887,33772
20225,17,41,3729,7456
20226,29,44,14295,28588
20227,17,44,9125,18248
20228,23,32,12197,24392
20229,17,38,14166,28330
20230,11,35,508,1014
20231,23,44,13198,26394
20232,23,38,7356,14710
20233,17,32,2203,4404
20234,23,35,1289,2576
20235,11,38,13420,26838
20236,23,35,12334,24666
20237,17,32,18252,36502
20238,23,26,14507,29012
20239,17,38,17381,34760
20240,35,32,5149,10296
20241,17,41,2286,4570
20242,23,20,4586,9170
20243,17,38,738,1474
20244,23,41,10693,21384
20245,17,35,11886,23770
20246,17,38,9115,18228
20247,35,41,9739,19476
20248,11,32,12328,24654
20249,17,38,10117,20232
20250,17,26,15544,31086
20251,17,32,9977,19952
20252,29,41,16161,32320
20253,17,38,11160,22318
20254,29,44,10556,21110
20255,29,32,17436,34870
20256,17,32,10435,20868
20257,29,41,3895,7788
20258,23,41,3618,7234
20259,23,41,4781,9560
20260,11,35,8352,16702
20261,17,41,11433,22864
20262,23,38,19496,38990
20263,23,41,16722,33442
20264,11,38,20193,40384
20265,29,26,6055,12108
20266,11,35,19727,39452
20267,23,41,7702,15402
20268,11,35,11068,22134
20269,11,38,16237,32472
20270,17,41,12113,24224
20271,17,35,19484,38966
20272,35,32,18956,37910
20273,23,41,20163,40324
20274,23,38,19176,38350
20275,17,41,17511,35020
20276,11,38,10917,21832
20277,23,41,1290,2578
20278,11,38,3693,7384
20279,29,35,18888,37774
20280,35,38,6165,12328
20281,29,38,18219,36436
20282,17,26,2258,4514
20283,11,44,11384,22766
20284,11,29,15233,30464
20285,17,44,11994,23986
20286,17,38,12507,25012
20287,29,44,13323,26644
20288,29,32,16415,32828
20289,11,38,10324,20646
20290,17,14,4439,8876
20291,17,38,5654,11306
20292,17,35,2461,4920
20293,23,38,18205,36408
20294,17,38,15262,30522
20295,17,38,12518,25034
20296,11,35,15166,30330
20297,11,38,260,518
20298,35,35,18725,37448
20299,29,35,8232,16462
20300,23,29,14016,28030
20301,29,38,7168,14334
20302,23,32,19478,38954
20303,23,26,5829,11656
20304,17,41,11005,22008
20305,17,32,4292,8582
20306,23,41,11217,22432
20307,23,41,2729,5456
20308,23,41,12676,25350
20309,17,35,11528,23054
20310,17,35,1353,2704
20311,17,32,8797,17592
20312,11,38,9701,19400
20313,29,32,5663,11324
20314,11,38,17319,34636
20315,17,38,13309,26616
20316,29,29,10178,20354
20317,17,38,13816,27630
20318,17,38,15792,31582
20319,17,44,1587,3172
20320,17,38,686,1370
20321,35,38,1089,2176
20322,11,35,153,304
20323,23,38,2597,5192
20324,11,29,10339,20676
20325,29,35,18454,36906
20326,23,35,14942,29882
20327,23,41,11963,23924
20328,17,41,1254,2506
20329,17,38,3411,6820
20330,17,41,4209,8416
20331,23,38,9801,19600
20332,23,32,18911,37820
20333,23,44,4859,9716
20334,23,38,6533,13064
20335,17,35,8821,17640
20336,11,44,17073,34144
20337,17,41,2821,5640
20338,17,38,2291,4580
20339,17,38,1039,2076
20340,17,32,3605,7208
20341,17,38,5519,11036
20342,23,35,19739,39476
20343,23,35,5427,10852
20344,17,35,19834,39666
20345,17,32,12427,24852
20346,11,35,14041,28080
20347,23,38,7662,15322
20348,35,38,19933,39864
20349,11,35,15940,31878
20350,35,29,12619,25236
20351,11,44,11939,23876
20352,41,38,807,1612
20353,23,44,4153,8304
20354,5,32,4601,9200
20355,23,38,13558,27114
20356,11,35,3106,6210
20357,17,38,13087,26172
20358,17,32,10070,20138
20359,17,32,4980,9958
20360,11,35,10751,21500
20361,17,38,1885,3768
20362,23,32,17409,34816
20363,23,41,3839,7676
20364,29,41,8589,17176
20365,23,35,6031,12060
20366,23,29,10839,21676
20367,17,32,11428,22854
20368,17,38,14304,28606
20369,23,41,5597,11192
20370,23,38,22,42
20371,23,41,1510,3018
20372,17,38,9386,18770
20373,17,35,11535,23068
20374,17,35,13762,27522
20375,29,20,3025,6048
20376,17,32,18833,37664
20377,17,38,11345,22688
20378,23,35,18523,37044
20379,11,38,4310,8618
20380,23,38,10748,21494
20381,11,38,5680,11358
20382,23,38,17364,34726
20383,23,38,992,1982
20384,17,38,196,390
20385,29,41,9247,18492
20386,11,38,18606,37210
20387,17,35,939,1876
20388,29,44,8988,17974
20389,17,32,11199,22396
20390,23,38,6224,12446
20391,23,26,2191,4380
20392,23,32,13670,27338
20393,11,35,1647,3292
20394,11,38,1057,2112
20395,35,35,3928,7854
20396,29,41,4943,9884
20397,17,41,1815,3628
20398,17,35,14048,28094
20399,23,44,6389,12776
20400,23,41,4216,8430
20401,17,32,745,1488
20402,35,35,194,386
20403,17,38,16375,32748
20404,11,41,19342,38682
20405,35,35,12011,24020
20406,11,35,6560,13118
20407,17,44,3801,7600
20408,23,35,7967,15932
20409,5,29,3327,6652
20410,17,32,9538,19074
20411,11,38,1725,3448
20412,23,29,6757,13512
20413,17,38,724,1446
20414,17,8,7656,15310
20415,17,41,12642,25282
20416,11,38,9382,18762
20417,23,38,20180,40358
20418,17,38,2808,5614
20419,5,41,8348,16694
20420,23,38,3685,7368
20421,11,38,10581,21160
20422,23,41,17482,34962
20423,17,32,2881,5760
20424,23,44,15851,31700
20425,23,41,10917,21832
20426,23,38,7391,14780
20427,35,35,10587,21172
20428,17,38,2331,4660
20429,17,32,3159,6316
20430,17,35,15877,31752
20431,29,41,11025,22048
20432,11,38,16733,33464
20433,29,41,3119,6236
20434,23,29,5806,11610
20435,29,41,10414,20826
20436,23,41,18628,37254
20437,29,41,5556,11110
20438,11,35,15025,30048
20439,17,26,15131,30260
20440,17,38,6818,13634
20441,23,38,7837,15672
20442,35,35,8418,16834
20443,17,38,6006,12010
20444,29,41,392,782
20445,17,41,15462,30922
20446,23,41,15741,31480
20447,17,32,16304,32606
20448,23,41,12607,25212
20449,23,41,16544,33086
20450,23,38,16599,33196
20451,29,41,11987,23972
20452,29,38,6647,13292
20453,23,35,16054,32106
20454,29,41,8770,17538
20455,17,38,11254,22506
20456,29,38,15584,31166
20457,29,11,1277,2552
20458,17,29,14645,29288
20459,29,38,15712,31422
20460,17,41,15468,30934
20461,11,35,3231,6460
20462,5,26,17625,35248
20463,23,32,2668,5334
20464,41,41,4230,8458
20465,17,38,16440,32878
20466,17,32,15759,31516
20467,35,35,6382,12762
20468,17,38,1510,3018
20469,17,35,8351,16700
20470,17,38,11,20
20471,23,41,1181,2360
20472,11,38,18031,36060
20473,17,32,7467,14932
20474,17,38,956,1910
20475,17,32,18907,37812
20476,17,38,6946,13890
20477,23,41,9196,18390
20478,17,35,12024,24046
20479,23,26,11400,22798
20480,23,41,9997,19992
20481,5,38,20433,40864
20482,17,38,4573,9144
20483,29,38,2048,4094
20484,11,32,4209,8416
20485,29,41,18814,37626
20486,11,35,8678,17354
20487,11,32,18197,36392
20488,17,38,3874,7746
20489,11,38,1528,3054
20490,23,35,5408,10814
20491,23,38,8622,17242
20492,11,41,13266,26530
20493,23,14,9607,19212
20494,23,41,12197,24392
20495,29,41,3161,6320
20496,23,41,4447,8892
20497,29,32,10997,21992
20498,29,44,7030,14058
20499,17,44,15214,30426
20500,17,38,3509,7016
20501,23,44,7622,15242
20502,29,38,14929,29856
20503,23,41,17409,34816
20504,23,35,12599,25196
20505,17,32,4996,9990
20506,23,38,13034,26066
20507,17,32,5618,11234
20508,23,38,8654,17306
20509,17,38,13802,27602
20510,11,38,262,522
20511,17,41,372,742
20512,35,35,4663,9324
20513,17,35,18122,36242
20514,17,41,14011,28020
20515,23,35,19697,39392
20516,11,32,3115,6228
20517,11,41,19809,39616
20518,23,38,5587,11172
20519,23,41,1098,2194
20520,17,38,14260,28518
20521,41,38,16545,33088
20522,11,38,5167,10332
20523,11,38,4145,8288
20524,35,35,17995,35988
20525,23,35,15600,31198
20526,11,38,9152,18302
20527,23,41,11418,22834
20528,11,23,12106,24210
20529,23,41,15421,30840
20530,23,44,5507,11012
20531,17,23,12430,24858
20532,17,41,755,1508
20533,23,41,12114,24226
20534,17,29,16183,32364
20535,29,41,17880,35758
20536,11,35,20109,40216
20537,17,35,20433,40864
20538,17,38,10382,20762
20539,17,32,7691,15380
20540,23,35,3234,6466
20541,11,44,10972,21942
20542,23,44,9378,18754
20543,29,29,13983,27964
20544,17,41,14251,28500
20545,17,17,4816,9630
20546,11,29,13622,27242
20547,35,44,11823,23644
20548,23,38,5585,11168
20549,29,38,18790,37578
20550,29,38,5034,10066
20551,29,35,11745,23488
20552,11,35,11947,23892
20553,29,41,14036,28070
20554,23,44,2201,4400
20555,23,32,15427,30852
20556,17,41,252,502
20557,23,38,147,292
20558,29,35,10134,20266
20559,17,41,340,678
20560,17,38,18593,37184
20561,11,38,11679,23356
20562,17,32,16274,32546
20563,11,29,12068,24134
20564,35,38,18648,37294
20565,17,44,12395,24788
20566,17,41,4590,9178
20567,29,41,1497,2992
20568,29,38,18010,36018
20569,23,38,13745,27488
20570,23,41,18021,36040
20571,29,44,19084,38166
20572,23,35,8593,17184
20573,17,41,9671,19340
20574,17,41,8370,16738
20575,23,38,5613,11224
20576,23,44,19756,39510
20577,29,35,1210,2418
20578,29,38,17893,35784
20579,17,38,3333,6664
20580,17,38,18446,36890
20581,17,38,19413,38824
20582,29,41,8183,16364
20583,35,41,7139,14276
20584,17,29,2030,4058
20585,11,35,20269,40536
20586,23,41,378,754
20587,23,38,7173,14344
20588,23,26,7036,14070
20589,23,41,5364,10726
20590,11,35,15085,30168
20591,23,41,816,1630
20592,17,41,284,566
20593,17,38,473,944
20594,11,35,19100,38198
20595,17,17,12550,25098
20596,17,29,5852,11702
20597,11,35,20228,40454
20598,5,41,16290,32578
20599,17,35,2546,5090
20600,23,29,12775,25548
20601,17,20,10141,20280
20602,17,41,652,1302
20603,11,38,19388,38774
20604,17,38,16637,33272
20605,17,38,18520,37038
20606,23,44,18866,37730
20607,23,35,1021,2040
20608,17,41,10373,20744
20609,23,35,13088,26174
20610,17,29,17932,35862
20611,11,38,52,102
20612,17,35,9012,18022
20613,29,41,17194,34386
20614,11,38,5654,11306
20615,11,26,17917,35832
20616,29,44,4735,9468
20617,23,44,15387,30772
20618,17,38,15305,30608
20619,29,38,10342,20682
20620,23,38,6434,12866
20621,11,35,12752,25502
20622,11,35,11009,22016
20623,35,29,17863,35724
20624,17,32,16484,32966
20625,29,35,18091,36180
20626,17,38,12349,24696
20627,17,32,4804,9606
20628,23,41,18054,36106
20629,17,41,20290,40578
20630,11,38,667,1332
20631,29,38,14569,29136
20632,23,20,3061,6120
20633,23,38,12782,25562
20634,23,41,5564,11126
20635,17,35,15008,30014
20636,11,41,15596,31190
20637,23,38,17571,35140
20638,23,35,2514,5026
20639,17,38,16837,33672
20640,17,38,7242,14482
20641,35,44,20207,40412
20642,23,38,11185,22368
20643,29,41,6900,13798
20644,23,38,10970,21938
20645,23,41,5698,11394
20646,23,41,15929,31856
20647,29,35,2707,5412
20648,35,32,6260,12518
20649,35,41,9995,19988
20650,17,32,1219,2436
20651,23,26,1491,2980
20652,17,41,17872,35742
20653,23,41,976,1950
20654,17,44,19958,39914
20655,17,35,18532,37062
20656,17,44,17382,34762
20657,23,41,6100,12198
20658,11,35,10827,21652
20659,23,41,18826,37650
20660,23,41,7097,14192
20661,29,41,5252,10502
20662,29,38,1837,3672
20663,17,41,6435,12868
20664,23,41,18304,36606
20665,29,29,6437,12872
20666,17,29,16084,32166
20667,11,26,17639,35276
20668,17,38,17527,35052
20669,11,38,20022,40042
20670,23,38,14071,28140
20671,29,38,2565,5128
20672,23,41,3672,7342
20673,17,38,12993,25984
20674,23,44,10690,21378
20675,11,38,8623,17244
20676,11,35,6223,12444
20677,23,32,20182,40362
20678,17,35,7401,14800
20679,11,35,1671,3340
20680,23,41,17502,35002
20681,23,44,17863,35724
20682,23,32,11924,23846
20683,23,29,13875,27748
20684,23,38,12313,24624
20685,23,35,15317,30632
20686,23,35,13660,27318
20687,17,44,13555,27108
20688,5,32,3805,7608
20689,17,35,18038,36074
20690,29,41,15542,31082
20691,5,32,1665,3328
20692,11,41,8010,16018
20693,11,38,16273,32544
20694,29,44,9027,18052
20695,17,41,6738,13474
20696,23,38,15599,31196
20697,41,35,20247,40492
20698,23,41,8669,17336
20699,23,41,3955,7908
20700,23,41,7851,15700
20701,17,41,4125,8248
20702,17,38,6805,13608
20703,17,38,19017,38032
20704,23,41,3183,6364
20705,17,41,12014,24026
20706,23,38,14647,29292
20707,17,41,18186,36370
20708,23,35,6091,12180
20709,11,23,11569,23136
20710,11,41,14466,28930
20711,17,35,5698,11394
20712,17,41,11370,22738
20713,29,38,5448,10894
20714,17,41,14591,29180
20715,11,38,4473,8944
20716,29,35,16169,32336
20717,35,41,10817,21632
20718,17,41,2385,4768
20719,17,32,7376,14750
20720,23,44,16566,33130
20721,17,44,18940,37878
20722,17,29,6656,13310
20723,11,41,11147,22292
20724,11,41,12844,25686
20725,17,29,11921,23840
20726,11,32,13023,26044
20727,11,35,9660,19318
20728,17,41,8525,17048
20729,23,32,14524,29046
20730,11,38,14214,28426
20731,17,23,7530,15058
20732,17,29,14029,28056
20733,29,26,16400,32798
20734,11,32,8614,17226
20735,35,38,6568,13134
20736,17,35,16216,32430
20737,35,38,8005,16008
20738,23,38,3916,7830
20739,5,35,16168,32334
20740,35,38,6848,13694
20741,23,41,17947,35892
20742,5,35,3600,7198
20743,23,35,3894,7786
20744,29,44,18469,36936
20745,17,35,15105,30208
20746,11,38,1552,3102
20747,17,35,2425,4848
20748,23,41,8421,16840
20749,17,38,472,942
20750,23,35,14707,29412
20751,29,41,19791,39580
20752,17,32,8033,16064
20753,11,41,3735,7468
20754,17,38,9551,19100
20755,23,38,3645,7288
20756,23,35,5944,11886
20757,17,35,18429,36856
20758,17,41,8992,17982
20759,17,38,4836,9670
20760,29,38,17067,34132
20761,29,41,17295,34588
20762,5,29,15105,30208
20763,17,44,551,1100
20764,17,41,4332,8662
20765,17,41,4966,9930
20766,17,35,2154,4306
20767,17,44,13197,26392
20768,17,38,11279,22556
20769,29,38,2992,5982
20770,11,32,2724,5446
20771,17,35,7050,14098
20772,11,41,19956,39910
20773,41,29,14342,28682
20774,23,44,17430,34858
20775,17,41,2448,4894
20776,11,35,20364,40726
20777,17,35,16003,32004
20778,29,41,4428,8854
20779,23,38,14466,28930
20780,17,44,16081,32160
20781,23,41,13999,27996
20782,23,41,12413,24824
20783,29,44,8006,16010
20784,11,38,11114,22226
20785,11,38,5041,10080
20786,29,38,4310,8618
20787,35,29,7896,15790
20788,17,29,19428,38854
20789,17,41,17757,35512
20790,17,26,9702,19402
20791,17,38,7427,14852
20792,17,35,4592,9182
20793,11,38,14159,28316
20794,11,35,5212,10422
20795,29,41,4553,9104
20796,23,41,1026,2050
20797,17,41,2354,4706
20798,11,44,12256,24510
20799,29,32,3056,6110
20800,35,38,6781,13560
20801,17,41,15132,30262
20802,23,41,2098,4194
20803,17,38,1778,3554
20804,29,41,8515,17028
20805,41,35,13352,26702
20806,17,44,395,788
20807,29,32,16386,32770
20808,23,38,16009,32016
20809,23,29,17170,34338
20810,23,38,5844,11686
20811,23,41,7212,14422
20812,17,41,9331,18660
20813,17,38,9240,18478
20814,23,38,5326,10650
20815,23,35,2228,4454
20816,17,29,6321,12640
20817,17,35,14571,29140
20818,17,35,1507,3012
20819,35,44,3159,6316
20820,23,32,19019,38036
20821,23,38,17132,34262
20822,29,38,12588,25174
20823,23,41,15156,30310
20824,11,38,18864,37726
20825,17,32,3385,6768
20826,23,41,5407,10812
20827,17,38,10165,20328
20828,29,41,10844,21686
20829,23,41,12404,24806
20830,11,32,7413,14824
20831,17,41,14727,29452
20832,23,38,16120,32238
20833,29,35,7156,14310
20834,17,29,13732,27462
20835,17,26,4354,8706
20836,17,35,4715,9428
20837,17,44,11989,23976
20838,11,38,9948,19894
20839,29,41,10711,21420
20840,11,26,7203,14404
20841,11,35,14808,29614
20842,11,35,2122,4242
20843,23,38,14921,29840
20844,23,44,9037,18072
20845,17,38,2424,4846
20846,41,35,10589,21176
20847,17,38,19739,39476
20848,17,38,170,338
20849,11,38,19476,38950
20850,29,41,11861,23720
20851,11,38,4329,8656
20852,29,38,8350,16698
20853,23,38,9426,18850
20854,23,41,16178,32354
20855,29,35,11960,23918
20856,17,38,17931,35860
20857,17,38,11750,23498
20858,17,41,13491,26980
20859,17,41,7632,15262
20860,17,38,16196,32390
20861,23,17,17928,35854
20862,23,41,12521,25040
20863,23,41,3324,6646
20864,23,41,3608,7214
20865,23,35,1829,3656
20866,23,41,16833,33664
20867,11,38,17059,34116
20868,17,35,11081,22160
20869,29,35,12743,25484
20870,17,41,15411,30820
20871,11,41,19481,38960
20872,11,38,7640,15278
20873,23,41,10103,20204
20874,17,41,17315,34628
20875,23,35,13459,26916
20876,23,20,5709,11416
20877,17,38,15715,31428
20878,29,35,11105,22208
20879,23,35,6418,12834
20880,17,38,9947,19892
20881,23,35,1106,2210
20882,11,41,9177,18352
20883,11,32,3885,7768
20884,5,38,20075,40148
20885,29,38,2240,4478
20886,11,32,1234,2466
20887,23,41,5454,10906
20888,23,29,3649,7296
20889,17,38,15225,30448
20890,17,38,18975,37948
20891,17,38,19128,38254
20892,11,44,3886,7770
20893,17,29,17036,34070
20894,17,20,10936,21870
20895,11,35,2779,5556
20896,11,38,2747,5492
20897,17,44,7136,14270
20898,17,32,14234,28466
20899,17,38,379,756
20900,23,35,11014,22026
20901,23,26,1506,3010
20902,41,32,17156,34310
20903,11,38,4815,9628
20904,23,41,10800,21598
20905,11,35,7383,14764
20906,23,35,6558,13114
20907,29,44,6731,13460
20908,17,38,3221,6440
20909,29,20,6698,13394
20910,29,38,2911,5820
20911,17,38,20475,40948
20912,23,38,13618,27234
20913,11,35,20908,41814
20914,23,20,4737,9472
20915,23,32,11754,23506
20916,23,26,13276,26550
20917,11,41,64,126
20918,11,38,2166,4330
20919,29,41,6186,12370
20920,11,38,2141,4280
20921,23,44,4284,8566
20922,17,41,17439,34876
20923,11,38,19556,39110
20924,11,38,2827,5652
20925,11,38,5360,10718
20926,23,35,8943,17884
20927,17,38,19582,39162
20928,35,26,20234,40466
20929,35,41,19803,39604
20930,17,32,1501,3000
20931,11,32,6958,13914
20932,17,41,17368,34734
20933,29,38,8849,17696
20934,17,41,19333,38664
20935,17,41,11284,22566
20936,11,32,2648,5294
20937,23,41,6581,13160
20938,23,41,2554,5106
20939,11,41,20365,40728
20940,23,44,9017,18032
20941,29,32,846,1690
20942,29,41,4576,9150
20943,23,44,10174,20346
20944,17,35,11623,23244
20945,23,41,12156,24310
20946,17,44,2530,5058
20947,11,38,20209,40416
20948,17,32,14166,28330
20949,23,35,11715,23428
20950,23,41,4990,9978
20951,23,44,20680,41358
20952,29,41,9203,18404
20953,17,38,11666,23330
20954,17,38,5286,10570
20955,11,38,5429,10856
20956,17,38,16619,33236
20957,17,41,4490,8978
20958,17,32,14786,29570
20959,29,32,1524,3046
20960,17,41,15519,31036
20961,47,35,4447,8892
20962,23,38,3583,7164
20963,23,41,12673,25344
20964,11,11,11791,23580
20965,11,44,8281,16560
20966,29,38,15149,30296
20967,29,38,4307,8612
20968,23,32,5170,10338
20969,11,29,6692,13382
20970,17,35,4324,8646
20971,29,35,4620,9238
20972,23,41,4035,8068
20973,35,41,3449,6896
20974,35,35,9108,18214
20975,17,32,8141,16280
20976,29,38,15760,31518
20977,23,41,12782,25562
20978,17,29,14524,29046
20979,41,38,16070,32138
20980,17,35,19182,38362
20981,23,32,9168,18334
20982,11,26,10287,20572
20983,17,41,3763,7524
20984,11,35,20181,40360
20985,23,44,10707,21412
20986,29,38,2722,5442
20987,23,38,1032,2062
20988,23,41,1146,2290
20989,23,32,13190,26378
20990,17,44,20627,41252
20991,11,35,4526,9050
20992,17,38,17129,34256
20993,23,38,9544,19086
20994,17,38,9129,18256
20995,11,38,17472,34942
20996,17,38,7029,14056
20997,17,35,11908,23814
20998,23,38,5303,10604
20999,23,41,3892,7782
21000,23,41,9578,19154
21001,29,44,4306,8610
21002,47,41,11832,23662
21003,41,38,4284,8566
21004,11,44,2126,4250
21005,17,38,2154,4306
21006,23,41,20554,41106
21007,11,38,10491,20980
21008,23,23,13705,27408
21009,17,32,12955,25908
21010,29,26,11285,22568
21011,17,29,19760,39518
21012,17,38,811,1620
21013,17,38,8077,16152
21014,29,41,6110,12218
21015,23,41,13203,26404
21016,17,41,15134,30266
21017,17,38,17149,34296
21018,11,35,13776,27550
21019,17,35,9026,18050
21020,17,38,6339,12676
21021,11,38,3737,7472
21022,17,44,2508,5014
21023,11,35,12405,24808
21024,23,41,8862,17722
21025,29,26,14412,28822
21026,11,35,16769,33536
21027,11,38,20830,41658
21028,23,32,14281,28560
21029,23,41,10384,20766
21030,23,29,14068,28134
21031,11,41,13277,26552
21032,23,35,13097,26192
21033,17,32,13792,27582
21034,23,41,11552,23102
21035,29,44,19298,38594
21036,17,38,5466,10930
21037,17,35,2664,5326
21038,23,41,18930,37858
21039,11,35,1289,2576
21040,17,32,257,512
21041,35,41,15198,30394
21042,23,41,20759,41516
21043,17,29,390,778
21044,17,41,10518,21034
21045,17,38,5704,11406
21046,23,35,693,1384
21047,17,41,12112,24222
21048,17,38,710,1418
21049,23,35,3283,6564
21050,17,35,17766,35530
21051,23,41,1678,3354
21052,17,38,13035,26068
21053,23,44,3026,6050
21054,35,26,17148,34294
21055,23,41,5544,11086
21056,23,35,13329,26656
21057,23,35,4036,8070
21058,23,38,2535,5068
21059,17,35,2758,5514
21060,23,29,9892,19782
21061,17,35,16181,32360
21062,23,32,2396,4790
21063,17,26,17896,35790
21064,29,38,20362,40722
21065,35,38,5264,10526
21066,17,41,15978,31954
21067,17,41,12342,24682
21068,11,35,14178,28354
21069,23,35,13646,27290
21070,23,23,7983,15964
21071,11,35,20264,40526
21072,17,35,19102,38202
21073,29,44,7201,14400
21074,35,41,19415,38828
21075,17,35,8967,17932
21076,23,35,17160,34318
21077,23,29,6894,13786
21078,23,29,7307,14612
21079,17,38,19908,39814
21080,23,41,16305,32608
21081,41,41,13545,27088
21082,17,23,20176,40350
21083,17,41,18827,37652
21084,17,38,21030,42058
21085,11,35,7221,14440
21086,17,35,9446,18890
21087,35,32,7424,14846
21088,11,11,1318,2634
21089,23,41,4888,9774
21090,23,38,7374,14746
21091,5,29,21071,42140
21092,17,38,10269,20536
21093,23,38,6119,12236
21094,23,44,16682,33362
21095,11,38,531,1060
21096,23,32,11482,22962
21097,23,38,5836,11670
21098,17,35,16612,33222
21099,17,41,10875,21748
21100,29,38,1454,2906
21101,23,35,20860,41718
21102,35,41,11631,23260
21103,29,44,5527,11052
21104,23,35,5919,11836
21105,11,38,19767,39532
21106,17,32,20517,41032
21107,23,41,19874,39746
21108,23,38,15615,31228
21109,17,32,11266,22530
21110,11,41,17491,34980
21111,23,41,2542,5082
21112,11,38,14264,28526
21113,23,44,16344,32686
21114,23,35,7952,15902
21115,23,44,7159,14316
21116,35,32,12608,25214
21117,29,32,4567,9132
21118,17,41,17435,34868
21119,35,38,10294,20586
21120,23,41,7787,15572
21121,23,38,6859,13716
21122,23,32,15088,30174
21123,17,35,20345,40688
21124,17,41,18139,36276
21125,17,35,9278,18554
21126,23,38,2519,5036
21127,17,41,19258,38514
21128,11,32,11069,22136
21129,35,35,15377,30752
21130,29,38,10912,21822
21131,11,35,20021,40040
21132,11,29,18098,36194
21133,41,32,1351,2700
21134,29,41,5523,11044
21135,17,35,4752,9502
21136,35,38,17371,34740
21137,29,44,6250,12498
21138,17,32,10329,20656
21139,23,35,9759,19516
21140,29,44,11636,23270
21141,17,35,613,1224
21142,17,38,9534,19066
21143,11,38,14166,28330
21144,11,38,2949,5896
21145,23,41,13126,26250
21146,35,38,16909,33816
21147,17,44,19112,38222
21148,23,41,11408,22814
21149,17,32,2674,5346
21150,17,41,10521,21040
21151,5,32,21142,42282
21152,35,35,2070,4138
21153,23,41,15653,31304
21154,17,32,17218,34434
21155,17,29,10060,20118
21156,11,44,8149,16296
21157,17,32,1579,3156
21158,23,32,14472,28942
21159,5,35,18984,37966
21160,23,32,13814,27626
21161,17,35,15141,30280
21162,17,17,5619,11236
21163,23,26,9795,19588
21164,17,38,13671,27340
21165,17,32,10466,20930
21166,17,38,20993,41984
21167,17,35,7157,14312
21168,23,32,11110,22218
21169,23,35,3300,6598
21170,23,41,14764,29526
21171,41,32,14544,29086
21172,35,35,15377,30752
21173,11,44,12368,24734
21174,11,29,18383,36764
21175,17,44,3829,7656
21176,17,41,1448,2894
21177,23,38,20808,41614
21178,5,38,3599,7196
21179,17,35,4079,8156
21180,11,23,18285,36568
21181,29,35,5311,10620
21182,29,38,3291,6580
21183,23,35,532,1062
21184,17,41,3394,6786
21185,35,32,5761,11520
21186,23,35,17527,35052
21187,29,44,12641,25280
21188,23,38,5584,11166
21189,11,41,2967,5932
21190,17,38,173,344
21191,17,41,16816,33630
21192,11,41,19121,38240
21193,11,32,2224,4446
21194,17,32,9158,18314
21195,23,41,10376,20750
21196,41,38,4876,9750
21197,17,32,9096,18190
21198,17,41,20245,40488
21199,11,38,2501,5000
21200,11,38,17465,34928
21201,17,35,6371,12740
21202,17,44,15600,31198
21203,11,23,14495,28988
21204,17,32,5083,10164
21205,23,38,12007,24012
21206,11,29,1511,3020
21207,11,38,16902,33802
21208,17,32,17593,35184
21209,17,41,4258,8514
21210,23,38,3311,6620
21211,23,44,20110,40218
21212,17,44,1902,3802
21213,23,38,10930,21858
21214,23,35,7194,14386
21215,17,41,19525,39048
21216,35,38,2136,4270
21217,29,35,18477,36952
21218,29,41,13257,26512
21219,17,44,6112,12222
21220,17,44,2335,4668
21221,17,35,7860,15718
21222,23,41,20796,41590
21223,11,35,13114,26226
21224,23,35,5507,11012
21225,17,38,1959,3916
21226,29,44,1812,3622
21227,23,41,18591,37180
21228,23,41,18759,37516
21229,11,35,284,566
21230,23,44,16471,32940
21231,29,41,2014,4026
21232,17,41,10783,21564
21233,11,35,20596,41190
21234,17,32,3411,6820
21235,17,41,1781,3560
21236,17,38,11479,22956
21237,23,44,2860,5718
21238,17,41,11929,23856
21239,35,38,16305,32608
21240,35,41,19553,39104
21241,17,35,11256,22510
21242,23,44,16734,33466
21243,29,32,19323,38644
21244,11,35,2266,4530
21245,17,41,1409,2816
21246,11,38,20819,41636
21247,23,38,17790,35578
21248,17,32,5281,10560
21249,17,35,15590,31178
21250,17,32,5301,10600
21251,29,38,11945,23888
21252,17,26,9172,18342
21253,11,41,18834,37666
21254,23,41,17895,35788
21255,23,38,13593,27184
21256,23,38,1927,3852
21257,23,41,19509,39016
21258,23,38,14036,28070
21259,29,35,2745,5488
21260,23,41,1116,2230
21261,5,38,3457,6912
21262,23,26,11585,23168
21263,29,32,1526,3050
21264,23,32,15500,30998
21265,35,44,9899,19796
21266,11,41,6913,13824
21267,5,35,151,300
21268,17,41,19943,39884
21269,23,41,16874,33746
21270,29,41,12744,25486
21271,23,29,1100,2198
21272,35,41,1956,3910
21273,5,35,4210,8418
21274,17,32,17191,34380
21275,41,44,17784,35566
21276,17,23,1911,3820
21277,11,41,18239,36476
21278,17,38,5311,10620
21279,17,44,12457,24912
21280,11,38,20548,41094
21281,23,44,1718,3434
21282,17,38,18187,36372
21283,11,41,4950,9898
21284,17,32,7844,15686
21285,23,41,18608,37214
21286,29,41,12702,25402
21287,23,32,12877,25752
21288,11,38,18144,36286
21289,17,41,16867,33732
21290,23,38,11323,22644
21291,11,38,10091,20180
21292,17,38,14233,28464
21293,23,14,4658,9314
21294,23,41,13952,27902
21295,17,35,19854,39706
21296,29,32,7622,15242
21297,23,41,10910,21818
21298,35,38,18872,37742
21299,11,35,8426,16850
21300,11,29,17036,34070
21301,17,35,20766,41530
21302,23,41,15444,30886
21303,11,44,7124,14246
21304,29,35,2012,4022
21305,23,38,15861,31720
21306,29,41,15598,31194
21307,17,32,19966,39930
21308,23,35,10690,21378
21309,23,41,8653,17304
21310,29,41,14653,29304
21311,17,26,3953,7904
21312,17,44,11560,23118
21313,11,41,9374,18746
21314,17,41,6281,12560
21315,17,44,2658,5314
21316,11,35,2409,4816
21317,29,32,10836,21670
21318,23,41,6090,12178
21319,29,35,5626,11250
21320,17,38,9532,19062
21321,11,41,3113,6224
21322,35,29,15096,30190
21323,17,41,17734,35466
21324,23,41,10517,21032
21325,29,35,15228,30454
21326,17,35,19591,39180
21327,17,35,1328,2654
21328,11,38,7129,14256
21329,17,38,12317,24632
21330,35,38,1913,3824
21331,35,35,12596,25190
21332,17,38,5252,10502
21333,11,35,18107,36212
21334,35,38,689,1376
21335,17,35,19913,39824
21336,17,32,11802,23602
21337,29,29,14398,28794
21338,17,26,9627,19252
21339,29,29,15984,31966
21340,23,35,16020,32038
21341,17,38,3914,7826
21342,11,38,12731,25460
21343,35,35,12395,24788
21344,17,23,12086,24170
21345,23,38,6334,12666
21346,17,41,10672,21342
21347,17,41,16504,33006
21348,23,32,4135,8268
21349,17,41,7425,14848
21350,17,11,9340,18678
21351,5,38,5006,10010
21352,11,32,21322,42642
21353,11,32,19716,39430
21354,29,35,5656,11310
21355,23,35,14739,29476
21356,17,41,7151,14300
21357,17,38,21089,42176
21358,23,38,18394,36786
21359,11,32,16489,32976
21360,11,38,3475,6948
21361,17,41,19591,39180
21362,35,35,8995,17988
21363,17,44,16043,32084
21364,17,41,10511,21020
21365,17,41,1729,3456
21366,29,38,2999,5996
21367,23,41,2940,5878
21368,11,35,1131,2260
21369,35,41,18858,37714
21370,23,38,19594,39186
21371,23,41,9474,18946
21372,17,29,563,1124
21373,23,32,13139,26276
21374,23,38,9693,19384
21375,17,35,3531,7060
21376,23,32,15124,30246
21377,17,35,16539,33076
21378,11,35,1080,2158
21379,23,35,13201,26400
21380,29,35,5734,11466
21381,29,41,2370,4738
21382,23,41,13294,26586
21383,17,29,16559,33116
21384,41,32,12747,25492
21385,23,32,9658,19314
21386,17,38,7112,14222
21387,17,35,12098,24194
21388,11,38,12674,25346
21389,23,32,9034,18066
21390,17,38,8175,16348
21391,17,38,7741,15480
21392,23,41,3716,7430
21393,23,38,1209,2416
21394,17,38,11853,23704
21395,11,29,4450,8898
21396,17,41,4511,9020
21397,23,44,12495,24988
21398,11,41,13150,26298
21399,35,38,5749,11496
21400,17,35,13471,26940
21401,23,41,16503,33004
21402,17,44,4889,9776
21403,23,32,20264,40526
21404,29,35,19120,38238
21405,11,35,20029,40056
21406,17,38,12503,25004
21407,35,41,6717,13432
21408,23,41,12275,24548
21409,23,41,889,1776
21410,11,41,7843,15684
21411,17,38,457,912
21412,17,41,9553,19104
21413,17,32,15420,30838
21414,17,23,19823,39644
21415,23,38,14323,28644
21416,17,44,7696,15390
21417,23,41,8639,17276
21418,17,38,14287,28572
21419,35,29,2905,5808
21420,17,41,21189,42376
21421,23,32,5803,11604
21422,29,38,1856,3710
21423,29,35,12558,25114
21424,23,41,4957,9912
21425,23,41,5540,11078
21426,23,44,12265,24528
21427,29,38,18212,36422
21428,11,41,10921,21840
21429,29,41,5684,11366
21430,23,41,6168,12334
21431,17,38,5005,10008
21432,17,35,15083,30164
21433,17,44,7057,14112
21434,23,29,18190,36378
21435,23,32,2709,5416
21436,17,38,12791,25580
21437,35,44,13533,27064
21438,17,35,926,1850
21439,17,35,18869,37736
21440,29,38,4174,8346
21441,23,41,12538,25074
21442,23,26,15703,31404
21443,23,35,7377,14752
21444,17,41,19333,38664
21445,11,38,9414,18826
21446,17,32,21078,42154
21447,17,38,7500,14998
21448,11,29,20462,40922
21449,29,38,16104,32206
21450,17,35,11137,22272
21451,17,38,11938,23874
21452,23,35,1397,2792
21453,17,35,2780,5558
21454,29,26,20658,41314
21455,23,38,8110,16218
21456,17,35,2886,5770
21457,17,41,19506,39010
21458,17,41,16263,32524
21459,17,32,19395,38788
21460,17,35,7223,14444
21461,17,38,10444,20886
21462,23,32,12313,24624
21463,23,41,6983,13964
21464,17,35,11344,22686
21465,17,29,1614,3226
21466,29,41,19707,39412
21467,23,14,16772,33542
21468,11,35,885,1768
21469,29,44,528,1054
21470,17,29,10169,20336
21471,11,26,17069,34136
21472,29,41,5004,10006
21473,29,35,10552,21102
21474,35,35,17705,35408
21475,11,38,9246,18490
21476,17,32,52,102
21477,17,38,14888,29774
21478,17,35,12117,24232
21479,11,41,8823,17644
21480,29,35,10452,20902
21481,17,38,3369,6736
21482,17,32,12996,25990
21483,23,38,12679,25356
21484,23,23,2769,5536
21485,23,23,12840,25678
21486,11,38,18741,37480
21487,35,35,7789,15576
21488,23,29,10807,21612
21489,29,41,1737,3472
21490,17,41,15198,30394
21491,35,38,19304,38606
21492,29,35,18317,36632
21493,23,29,985,1968
21494,23,38,8496,16990
21495,41,35,14259,28516
21496,23,26,8943,17884
21497,17,44,15619,31236
21498,35,35,6072,12142
21499,11,38,4123,8244
21500,11,32,3916,7830
21501,23,38,20675,41348
21502,17,38,4258,8514
21503,29,44,11676,23350
21504,11,41,5488,10974
21505,23,38,1120,2238
21506,17,35,98,194
21507,17,44,14297,28592
21508,29,44,8125,16248
21509,17,38,7117,14232
21510,29,41,4503,9004
21511,17,41,1364,2726
21512,29,38,20995,41988
21513,35,32,9904,19806
21514,17,41,20904,41806
21515,17,35,21257,42512
21516,17,38,9579,19156
21517,17,38,18404,36806
21518,23,41,11616,23230
21519,23,29,7292,14582
21520,17,38,4446,8890
21521,11,41,18367,36732
21522,17,38,5550,11098
21523,23,44,12490,24978
21524,11,38,1005,2008
21525,17,41,9560,19118
21526,17,35,4703,9404
21527,17,44,6429,12856
21528,17,38,5532,11062
21529,23,41,17277,34552
21530,11,44,17276,34550
21531,17,38,11404,22806
21532,23,35,3632,7262
21533,29,35,2244,4486
21534,23,41,1564,3126
21535,29,35,17881,35760
21536,17,38,8200,16398
21537,23,29,1366,2730
21538,23,38,19226,38450
21539,23,41,20875,41748
21540,11,44,1340,2678
21541,11,32,10782,21562
21542,41,38,9273,18544
21543,23,35,10176,20350
21544,23,44,9971,19940
21545,23,38,3652,7302
21546,23,38,8071,16140
21547,29,32,851,1700
21548,11,38,12133,24264
21549,11,38,5030,10058
21550,23,38,14582,29162
21551,23,35,20242,40482
21552,23,44,17610,35218
21553,23,29,272,542
21554,29,44,17485,34968
21555,11,35,20719,41436
21556,11,35,14108,28214
21557,35,41,10551,21100
21558,35,44,8940,17878
21559,23,38,16930,33858
21560,11,38,8276,16550
21561,17,35,10606,21210
21562,35,26,14951,29900
21563,11,38,10478,20954
21564,17,23,11202,22402
21565,17,29,18639,37276
21566,11,38,20238,40474
21567,17,32,2980,5958
21568,11,44,2682,5362
21569,17,35,17341,34680
21570,17,41,13537,27072
21571,17,35,14066,28130
21572,23,38,15854,31706
21573,17,32,3506,7010
21574,23,41,12001,24000
21575,23,32,18678,37354
21576,41,38,14171,28340
21577,11,44,11478,22954
21578,11,38,21032,42062
21579,29,44,578,1154
21580,17,38,11534,23066
21581,29,35,3197,6392
21582,17,38,3896,7790
21583,11,41,1769,3536
21584,29,44,10198,20394
21585,17,44,10118,20234
21586,11,38,19363,38724
21587,17,32,4351,8700
21588,11,35,9312,18622
21589,17,41,10622,21242
21590,23,41,14736,29470
21591,17,38,187,372
21592,17,32,7893,15784
21593,23,38,10609,21216
21594,23,44,6904,13806
21595,17,38,5679,11356
21596,11,38,15824,31646
21597,23,32,8089,16176
21598,23,38,17155,34308
21599,29,38,7807,15612
21600,17,38,4279,8556
21601,5,32,18764,37526
21602,29,41,1879,3756
21603,23,41,8853,17704
21604,11,38,6953,13904
21605,17,41,1172,2342
21606,23,41,13571,27140
21607,11,32,20012,40022
21608,11,38,21353,42704
21609,23,32,9673,19344
21610,17,38,14479,28956
21611,23,35,14863,29724
21612,23,41,4989,9976
21613,23,38,13925,27848
21614,41,32,13898,27794
21615,23,35,1957,3912
21616,23,35,17484,34966
21617,11,35,1987,3972
21618,11,35,7002,14002
21619,35,41,3095,6188
21620,23,38,8287,16572
21621,17,44,9981,19960
21622,17,35,9823,19644
21623,11,41,1006,2010
21624,17,41,11353,22704
21625,23,32,11709,23416
21626,41,26,17614,35226
21627,17,38,10801,21600
21628,17,35,16529,33056
21629,23,41,2276,4550
21630,17,35,14982,29962
21631,29,35,19556,39110
21632,17,41,12631,25260
21633,17,32,7678,15354
21634,11,35,21046,42090
21635,41,35,8212,16422
21636,35,44,8308,16614
21637,35,26,381,760
21638,23,41,21021,42040
21639,17,38,9236,18470
21640,23,38,15127,30252
21641,35,35,3545,7088
21642,23,41,19648,39294
21643,17,38,7901,15800
21644,17,41,18285,36568
21645,17,38,9578,19154
21646,17,41,11833,23664
21647,29,35,17391,34780
21648,29,41,2000,3998
21649,11,32,18297,36592
21650,11,38,97,192
21651,17,38,17339,34676
21652,11,32,3117,6232
21653,35,38,10554,21106
21654,11,35,21057,42112
21655,23,38,2328,4654
21656,17,38,1651,3300
21657,23,38,8145,16288
21658,23,23,20898,41794
21659,11,38,18203,36404
21660,11,38,11012,22022
21661,11,38,13228,26454
21662,23,38,8584,17166
21663,35,41,6747,13492
21664,11,38,8458,16914
21665,17,35,13038,26074
21666,5,41,1971,3940
21667,35,41,4835,9668
21668,17,32,9828,19654
21669,11,32,4622,9242
21670,23,41,15218,30434
21671,11,32,10527,21052
21672,17,35,6057,12112
21673,23,41,4442,8882
21674,17,41,890,1778
21675,35,38,17052,34102
21676,17,32,14276,28550
21677,17,32,18024,36046
21678,11,41,9384,18766
21679,11,32,4307,8612
21680,17,20,4909,9816
21681,23,41,20843,41684
21682,23,41,14923,29844
21683,23,41,13526,27050
21684,17,35,6791,13580
21685,17,38,2718,5434
21686,41,35,10803,21604
21687,17,38,12053,24104
21688,17,38,13558,27114
21689,17,26,8684,17366
21690,23,41,2243,4484
21691,35,41,3136,6270
21692,23,41,3289,6576
21693,23,41,3054,6106
21694,17,38,6627,13252
21695,11,38,12127,24252
21696,23,38,12895,25788
21697,29,41,631,1260
21698,11,32,18063,36124
21699,17,41,6107,12212
21700,11,35,1434,2866
21701,29,32,10287,20572
21702,23,38,15080,30158
21703,23,35,4402,8802
21704,17,35,18465,36928
21705,23,29,4216,8430
21706,23,29,2735,5468
21707,23,29,12825,25648
21708,11,38,13446,26890
21709,23,38,8387,16772
21710,17,44,7339,14676
21711,23,32,4039,8076
21712,17,44,3643,7284
21713,17,38,13126,26250
21714,35,38,20825,41648
21715,11,32,8832,17662
21716,41,35,17859,35716
21717,17,38,6061,12120
21718,23,29,18133,36264
21719,23,41,9590,19178
21720,17,35,2614,5226
21721,17,35,1192,2382
21722,17,35,19319,38636
21723,11,35,757,1512
21724,11,26,5812,11622
21725,11,32,21435,42868
21726,23,44,8581,17160
21727,29,38,851,1700
21728,11,38,18585,37168
21729,17,35,15588,31174
21730,29,26,13114,26226
21731,17,41,13715,27428
21732,17,35,20865,41728
21733,17,38,3848,7694
21734,17,41,215,428
21735,11,38,9931,19860
21736,17,38,20916,41830
21737,23,38,4527,9052
21738,17,41,19072,38142
21739,17,35,7467,14932
21740,23,38,14061,28120
21741,17,35,16087,32172
21742,17,38,14667,29332
21743,23,38,15062,30122
21744,29,41,7090,14178
21745,35,38,7274,14546
21746,5,38,10721,21440
21747,17,35,21614,43226
21748,23,32,15727,31452
21749,29,35,2032,4062
21750,29,35,7503,15004
21751,5,17,17334,34666
21752,11,35,3414,6826
21753,11,26,20862,41722
21754,29,32,371,740
21755,11,41,15736,31470
21756,29,38,787,1572
21757,11,38,14386,28770
21758,23,32,6151,12300
21759,23,35,13573,27144
21760,11,41,4689,9376
21761,23,44,5083,10164
21762,29,35,12799,25596
21763,17,29,5463,10924
21764,29,35,14925,29848
21765,23,41,9770,19538
21766,29,41,3884,7766
21767,11,38,19320,38638
21768,17,38,103,204
21769,17,38,17805,35608
21770,5,38,17057,34112
21771,23,41,6887,13772
21772,17,38,11281,22560
21773,23,38,19543,39084
21774,29,38,12277,24552
21775,23,38,21404,42806
21776,17,35,661,1320
21777,23,32,8410,16818
21778,35,44,16934,33866
21779,23,23,10976,21950
21780,23,38,20383,40764
21781,17,41,7565,15128
21782,23,32,8774,17546
21783,23,41,11680,23358
21784,17,41,15219,30436
21785,29,41,16224,32446
21786,11,41,20997,41992
21787,17,41,13144,26286
21788,17,41,13463,26924
21789,47,38,12322,24642
21790,23,38,20479,40956
21791,17,32,4203,8404
21792,23,32,12182,24362
21793,17,35,9773,19544
21794,11,38,21083,42164
21795,35,35,739,1476
21796,17,41,19749,39496
21797,23,32,19381,38760
21798,23,38,17436,34870
21799,23,35,8159,16316
21800,11,35,8817,17632
21801,17,41,13190,26378
21802,5,38,8789,17576
21803,23,32,9443,18884
21804,29,41,12909,25816
21805,17,35,2270,4538
21806,17,38,5778,11554
21807,23,41,5255,10508
21808,17,44,10568,21134
21809,29,38,13884,27766
21810,17,41,13206,26410
21811,17,32,19926,39850
21812,23,38,18428,36854
21813,11,35,12636,25270
21814,17,38,6061,12120
21815,17,41,15054,30106
21816,23,38,6184,12366
21817,17,35,1795,3588
21818,29,41,21444,42886
21819,17,20,17899,35796
21820,17,41,8489,16976
21821,11,35,7313,14624
21822,47,38,3986,7970
21823,11,41,21769,43536
21824,11,35,7538,15074
21825,23,35,5492,10982
21826,23,35,2647,5292
21827,23,14,15689,31376
21828,29,44,16108,32214
21829,29,32,18023,36044
21830,17,35,8916,17830
21831,17,38,17984,35966
21832,17,35,11507,23012
21833,11,38,15870,31738
21834,11,32,16833,33664
21835,23,44,19958,39914
21836,17,32,6321,12640
21837,23,41,18434,36866
21838,23,41,10227,20452
21839,11,35,7425,14848
21840,29,38,9150,18298
21841,29,29,4713,9424
21842,17,41,8316,16630
21843,35,32,8329,16656
21844,17,44,12752,25502
21845,17,2,10924,21846
21846,17,35,12686,25370
21847,29,35,20091,40180
21848,17,35,19984,39966
21849,11,38,1745,3488
21850,29,41,4457,8912
21851,11,38,19164,38326
21852,17,38,9210,18418
21853,29,41,19152,38302
21854,23,38,13837,27672
21855,23,41,21206,42410
21856,17,41,19223,38444
21857,11,41,3794,7586
21858,35,29,5784,11566
21859,23,41,8844,17686
21860,17,38,2558,5114
21861,17,41,19768,39534
21862,11,35,19466,38930
21863,23,38,18460,36918
21864,23,41,4342,8682
21865,17,26,18149,36296
21866,11,41,20666,41330
21867,29,32,15599,31196
21868,29,35,11366,22730
21869,23,32,1546,3090
21870,35,41,3073,6144
21871,11,35,5269,10536
21872,17,44,10740,21478
21873,23,38,20188,40374
21874,17,38,14174,28346
21875,23,44,12806,25610
21876,29,35,21529,43056
21877,17,29,8567,17132
21878,17,41,13228,26454
21879,11,35,17312,34622
21880,47,38,7367,14732
21881,35,44,10566,21130
21882,23,35,10786,21570
21883,23,35,15627,31252
21884,23,38,19230,38458
21885,23,44,12926,25850
21886,29,41,1939,3876
21887,17,35,17884,35766
21888,17,38,15189,30376
21889,23,35,20441,40880
21890,23,38,14164,28326
21891,17,29,16481,32960
21892,29,38,7243,14484
21893,11,32,4991,9980
21894,29,35,17249,34496
21895,29,38,12463,24924
21896,23,32,16753,33504
21897,29,29,12125,24248
21898,11,38,13624,27246
21899,23,41,20596,41190
21900,17,44,14859,29716
21901,11,38,286,570
21902,17,38,16520,33038
21903,29,41,15271,30540
21904,11,35,4965,9928
21905,17,35,15942,31882
21906,35,38,4087,8172
21907,23,41,19057,38112
21908,11,38,9912,19822
21909,29,35,5482,10962
21910,23,44,21760,43518
21911,29,41,7166,14330
21912,17,32,18006,36010
21913,23,29,3658,7314
21914,35,41,18352,36702
21915,11,41,14141,28280
21916,17,32,2428,4854
21917,11,41,1314,2626
21918,11,41,3012,6022
21919,23,41,21048,42094
21920,23,44,1995,3988
21921,17,41,16179,32356
21922,11,29,11196,22390
21923,23,38,19767,39532
21924,11,44,20066,40130
21925,17,38,14865,29728
21926,17,32,16348,32694
21927,23,35,12703,25404
21928,23,32,17977,35952
21929,23,44,8180,16358
21930,29,44,9073,18144
21931,41,35,19013,38024
21932,23,38,20880,41758
21933,5,41,14327,28652
21934,17,26,11866,23730
21935,11,35,17547,35092
21936,29,38,5572,11142
21937,23,29,15530,31058
21938,35,23,5569,11136
21939,17,44,18794,37586
21940,23,38,4356,8710
21941,29,44,7718,15434
21942,23,32,6908,13814
21943,23,38,16663,33324
21944,29,26,4329,8656
21945,17,35,14148,28294
21946,23,41,14504,29006
21947,29,38,4439,8876
21948,17,38,15911,31820
21949,17,38,20553,41104
21950,17,38,9279,18556
21951,17,38,19070,38138
21952,23,35,14700,29398
21953,29,35,21572,43142
21954,23,41,12623,25244
21955,23,44,11759,23516
21956,29,26,21055,42108
21957,17,35,3252,6502
21958,17,38,11334,22666
21959,29,38,13469,26936
21960,29,41,20884,41766
21961,17,44,16304,32606
21962,23,41,38,74
21963,23,35,1065,2128
21964,17,44,14396,28790
21965,17,41,1753,3504
21966,17,41,21396,42790
21967,17,29,2338,4674
21968,17,26,987,1972
21969,11,32,9298,18594
21970,11,38,6973,13944
21971,17,35,18714,37426
21972,17,41,5274,10546
21973,17,29,6242,12482
21974,35,29,5085,10168
21975,17,38,2115,4228
21976,23,38,2696,5390
21977,17,32,14518,29034
21978,29,38,13866,27730
21979,29,35,18540,37078
21980,41,32,11086,22170
21981,29,38,8427,16852
21982,17,44,3763,7524
21983,23,35,16544,33086
21984,11,38,13656,27310
21985,29,38,2127,4252
21986,29,41,1874,3746
21987,29,35,9356,18710
21988,35,41,12095,24188
21989,23,23,18811,37620
21990,29,35,13298,26594
21991,17,32,13326,26650
21992,41,41,6189,12376
21993,17,35,12438,24874
21994,17,44,3622,7242
21995,29,38,16328,32654
21996,29,35,2367,4732
21997,29,41,6738,13474
21998,17,35,19125,38248
21999,17,41,17860,35718
22000,17,32,5959,11916
22001,29,35,11898,23794
22002,11,11,20627,41252
22003,17,38,17584,35166
22004,29,41,4863,9724
22005,29,38,10108,20214
22006,17,26,4512,9022
22007,11,29,20224,40446
22008,17,41,836,1670
22009,17,38,6626,13250
22010,29,26,9931,19860
22011,11,38,5623,11244
22012,35,38,10342,20682
22013,23,41,8985,17968
22014,11,38,13498,26994
22015,23,38,19514,39026
22016,17,32,20630,41258
22017,11,38,7161,14320
22018,17,44,15653,31304
22019,23,38,19585,39168
22020,17,38,10614,21226
22021,23,35,4229,8456
22022,23,35,6303,12604
22023,11,35,21500,42998
22024,23,41,11734,23466
22025,11,41,20499,40996
22026,17,41,15572,31142
22027,53,26,17855,35708
22028,11,29,2602,5202
22029,23,35,6072,12142
22030,29,32,11606,23210
22031,17,38,2095,4188
22032,11,38,20813,41624
22033,17,32,17072,34142
22034,23,41,20650,41298
22035,23,23,10070,20138
22036,17,35,11517,23032
22037,23,35,17877,35752
22038,11,35,16050,32098
22039,17,38,19125,38248
22040,17,41,21732,43462
22041,17,44,16132,32262
22042,17,38,14591,29180
22043,17,38,4048,8094
22044,29,38,9512,19022
22045,17,35,10501,21000
22046,17,26,10720,21438
22047,17,32,7307,14612
22048,23,26,2111,4220
22049,11,38,19661,39320
22050,23,29,15224,30446
22051,23,23,21791,43580
22052,29,32,7438,14874
22053,17,32,13794,27586
22054,17,38,3538,7074
22055,23,41,10329,20656
22056,29,38,11821,23640
22057,17,32,547,1092
22058,17,41,9826,19650
22059,23,38,4014,8026
22060,23,35,1771,3540
22061,29,41,12488,24974
22062,17,41,12489,24976
22063,17,32,9210,18418
22064,23,38,18822,37642
22065,29,38,6092,12182
22066,35,41,10799,21596
22067,17,35,10640,21278
22068,17,26,12801,25600
22069,23,35,14843,29684
22070,11,32,16497,32992
22071,23,41,9285,18568
22072,17,32,15207,30412
22073,11,29,12826,25650
22074,29,41,6249,12496
22075,17,35,11388,22774
22076,17,44,21478,42954
22077,11,32,2510,5018
22078,17,44,21038,42074
22079,17,38,5328,10654
22080,11,35,21989,43976
22081,17,38,9947,19892
22082,11,35,9029,18056
22083,17,38,12204,24406
22084,17,38,18138,36274
22085,23,41,3041,6080
22086,17,38,20460,40918
22087,11,38,20693,41384
22088,11,35,18910,37818
22089,29,29,19565,39128
22090,17,44,2905,5808
22091,23,44,2628,5254
22092,5,20,21921,43840
22093,17,38,4052,8102
22094,29,38,15688,31374
22095,11,38,17378,34754
22096,17,23,5781,11560
22097,5,38,20322,40642
22098,11,38,9910,19818
22099,17,35,5864,11726
22100,29,23,4574,9146
22101,23,44,12360,24718
22102,29,44,18173,36344
22103,17,38,10595,21188
22104,35,35,8001,16000
22105,23,35,18462,36922
22106,23,38,8404,16806
22107,29,41,5281,10560
22108,53,38,6257,12512
22109,23,38,3877,7752
22110,11,35,3815,7628
22111,11,32,14544,29086
22112,29,38,12284,24566
22113,17,29,11379,22756
22114,23,35,4937,9872
22115,23,32,9208,18414
22116,29,38,19126,38250
22117,17,17,18315,36628
22118,17,38,19032,38062
22119,17,29,1834,3666
22120,17,35,4800,9598
22121,17,26,8339,16676
22122,17,41,12295,24588
22123,17,41,20553,41104
22124,17,41,13812,27622
22125,11,41,109,216
22126,11,41,4723,9444
22127,29,35,3138,6274
22128,23,38,4000,7998
22129,23,38,13563,27124
22130,17,17,6568,13134
22131,11,32,6991,13980
22132,29,38,19993,39984
22133,17,35,7028,14054
22134,29,35,3115,6228
22135,11,32,9457,18912
22136,23,38,20977,41952
22137,17,41,14561,29120
22138,23,32,11381,22760
22139,23,35,14210,28418
22140,17,38,1056,2110
22141,29,41,18732,37462
22142,23,44,2550,5098
22143,17,35,7498,14994
22144,29,32,14695,29388
22145,17,38,6089,12176
22146,29,41,12077,24152
22147,23,44,1615,3228
22148,17,41,1742,3482
22149,17,38,711,1420
22150,11,41,21764,43526
22151,23,38,12841,25680
22152,11,38,991,1980
22153,11,38,60,118
22154,11,41,11046,22090
22155,23,23,9431,18860
22156,29,38,8110,16218
22157,29,38,9306,18610
22158,11,14,3461,6920
22159,17,35,2039,4076
22160,17,38,11135,22268
22161,23,35,12577,25152
22162,35,38,10352,20702
22163,17,35,4669,9336
22164,23,35,13564,27126
22165,11,41,6954,13906
22166,29,41,19413,38824
22167,17,38,2199,4396
22168,17,41,9555,19108
22169,23,35,11198,22394
22170,17,20,2251,4500
22171,23,38,12953,25904
22172,23,38,10156,20310
22173,17,38,829,1656
22174,29,41,1973,3944
22175,17,38,9396,18790
22176,23,38,13380,26758
22177,17,41,14801,29600
22178,17,38,9531,19060
22179,23,38,7946,15890
22180,29,35,19856,39710
22181,17,44,17661,35320
22182,11,35,14811,29620
22183,23,44,4526,9050
22184,11,32,14242,28482
22185,11,38,16511,33020
22186,17,32,17301,34600
22187,11,44,1401,2800
22188,17,17,17682,35362
22189,11,32,7442,14882
22190,17,44,4722,9442
22191,17,41,5128,10254
22192,17,26,5504,11006
22193,29,35,15793,31584
22194,11,38,2131,4260
22195,23,44,8663,17324
22196,23,41,18924,37846
22197,23,38,1010,2018
22198,17,35,9488,18974
22199,29,38,7282,14562
22200,17,38,18266,36530
22201,23,38,13244,26486
22202,17,29,1409,2816
22203,29,41,19022,38042
22204,17,35,4970,9938
22205,23,41,6745,13488
22206,11,38,18146,36290
22207,17,32,21373,42744
22208,11,35,4570,9138
22209,35,32,18728,37454
22210,17,35,363,724
22211,17,38,13146,26290
22212,17,41,5163,10324
22213,23,38,19776,39550
22214,17,35,11545,23088
22215,23,35,233,464
22216,23,38,3663,7324
22217,17,38,4769,9536
22218,17,35,18133,36264
22219,23,38,18029,36056
22220,17,32,9797,19592
22221,17,32,22080,44158
22222,17,38,2751,5500
22223,29,29,6444,12886
22224,11,29,13130,26258
22225,41,38,17181,34360
22226,23,41,20501,41000
22227,17,38,14545,29088
22228,29,41,7289,14576
22229,53,41,7128,14254
22230,17,38,6498,12994
22231,17,38,20753,41504
22232,17,41,15098,30194
22233,23,41,18957,37912
22234,23,20,17543,35084
22235,17,41,14660,29318
22236,23,38,1445,2888
22237,41,41,114,226
22238,35,38,20274,40546
22239,17,38,19044,38086
22240,17,44,4361,8720
22241,23,38,5752,11502
22242,11,41,7451,14900
22243,17,32,3485,6968
22244,23,26,17508,35014
22245,17,41,9344,18686
22246,23,29,11231,22460
22247,23,41,19066,38130
22248,29,32,12719,25436
22249,23,38,13342,26682
22250,17,35,20887,41772
22251,17,38,18011,36020
22252,23,41,1087,2172
22253,17,41,13181,26360
22254,11,32,21918,43834
22255,23,26,1782,3562
22256,11,35,14751,29500
22257,29,41,8518,17034
22258,29,44,21595,43188
22259,29,38,4769,9536
22260,17,35,1579,3156
22261,17,41,1300,2598
22262,29,32,2377,4752
22263,5,35,9484,18966
22264,17,41,16647,33292
22265,11,44,21722,43442
22266,35,29,16200,32398
22267,17,41,18667,37332
22268,23,44,12595,25188
22269,11,44,13314,26626
22270,23,41,5693,11384
22271,23,44,4284,8566
22272,35,38,7561,15120
22273,17,44,21957,43912
22274,11,35,2985,5968
22275,11,35,13623,27244
22276,17,35,6694,13386
22277,11,29,10029,20056
22278,17,35,1626,3250
22279,23,32,9737,19472
22280,5,29,13250,26498
22281,17,38,17529,35056
22282,11,35,1602,3202
22283,35,38,1466,2930
22284,23,38,12880,25758
22285,23,41,11906,23810
22286,17,35,3878,7754
22287,23,44,3193,6384
22288,17,35,7676,15350
22289,23,38,21769,43536
22290,29,38,2881,5760
22291,29,38,14239,28476
22292,23,41,2580,5158
22293,29,38,10658,21314
22294,11,38,7840,15678
22295,23,44,6400,12798
22296,23,35,11065,22128
22297,23,32,9328,18654
22298,23,44,19039,38076
22299,11,38,21529,43056
22300,29,38,15459,30916
22301,17,32,19742,39482
22302,11,35,6364,12726
22303,11,38,18734,37466
22304,17,35,11287,22572
22305,23,38,12849,25696
22306,11,44,21474,42946
22307,23,32,12602,25202
22308,11,38,5268,10534
22309,23,35,6202,12402
22310,17,41,7388,14774
22311,11,35,16870,33738
22312,23,41,20309,40616
22313,23,38,21684,43366
22314,23,41,14788,29574
22315,35,38,720,1438
22316,17,29,18588,37174
22317,29,41,18281,36560
22318,23,41,2803,5604
22319,23,38,16835,33668
22320,17,38,7575,15148
22321,17,35,16799,33596
22322,17,38,14078,28154
22323,17,41,11125,22248
22324,5,26,16351,32700
22325,29,41,13215,26428
22326,17,38,5190,10378
22327,17,41,16166,32330
22328,11,29,20431,40860
22329,11,38,10474,20946
22330,17,41,7826,15650
22331,17,38,8958,17914
22332,17,41,19809,39616
22333,23,26,12431,24860
22334,35,38,3301,6600
22335,23,38,18297,36592
22336,35,41,14413,28824
22337,17,35,21075,42148
22338,23,35,4519,9036
22339,23,41,603,1204
22340,23,38,6999,13996
22341,11,41,5610,11218
22342,17,41,1405,2808
22343,17,32,1471,2940
22344,23,29,2202,4402
22345,23,35,15671,31340
22346,17,41,10085,20168
22347,17,41,18258,36514
22348,17,38,11279,22556
22349,23,44,6557,13112
22350,29,41,10728,21454
22351,11,38,405,808
22352,17,41,10644,21286
22353,29,44,3365,6728
22354,17,38,19830,39658
22355,11,41,2308,4614
22356,23,44,6025,12048
22357,23,35,18901,37800
22358,11,29,3732,7462
22359,23,44,2671,5340
22360,17,38,17562,35122
22361,23,38,16122,32242
22362,17,35,16581,33160
22363,11,38,9987,19972
22364,29,29,4126,8250
22365,17,38,18682,37362
22366,17,35,10304,20606
22367,11,44,8231,16460
22368,17,38,6795,13588
22369,35,41,12603,25204
22370,23,32,9863,19724
22371,29,26,20492,40982
22372,17,44,8372,16742
22373,23,41,6266,12530
22374,29,38,9845,19688
22375,23,41,5971,11940
22376,23,44,1135,2268
22377,23,41,12808,25614
22378,17,38,4656,9310
22379,17,35,2298,4594
22380,23,32,994,1986
22381,29,38,8749,17496
22382,29,44,6911,13820
22383,17,38,2488,4974
22384,35,38,20046,40090
22385,17,35,11668,23334
22386,23,38,13041,26080
22387,11,29,4306,8610
22388,23,41,17817,35632
22389,11,32,22336,44670
22390,17,35,4475,8948
22391,17,23,1311,2620
22392,17,41,14026,28050
22393,29,26,12988,25974
22394,23,41,3195,6388
22395,17,29,5968,11934
22396,11,35,4171,8340
22397,17,44,12759,25516
22398,11,41,15785,31568
22399,17,41,1830,3658
22400,29,44,17423,34844
22401,29,44,3704,7406
22402,17,44,18349,36696
22403,11,35,13908,27814
22404,29,38,14922,29842
22405,29,38,16160,32318
22406,17,38,7675,15348
22407,17,38,20691,41380
22408,17,38,8629,17256
22409,23,29,16915,33828
22410,41,38,14713,29424
22411,17,32,15003,30004
22412,29,41,3792,7582
22413,29,38,8137,16272
22414,17,41,13071,26140
22415,35,35,1382,2762
22416,17,41,16288,32574
22417,23,14,18914,37826
22418,23,41,2376,4750
22419,11,35,13632,27262
22420,23,35,476,950
22421,11,38,10621,21240
22422,17,38,20974,41946
22423,17,44,13420,26838
22424,11,41,16865,33728
22425,17,29,11104,22206
22426,23,41,19380,38758
22427,17,44,11016,22030
22428,23,44,15298,30594
22429,17,38,15148,30294
22430,29,35,11396,22790
22431,11,44,7634,15266
22432,23,35,20444,40886
22433,11,29,5015,10028
22434,23,38,6135,12268
22435,17,35,17949,35896
22436,17,35,9831,19660
22437,35,41,12208,24414
22438,23,38,19061,38120
22439,23,38,10597,21192
22440,35,35,20276,40550
22441,17,35,3828,7654
22442,23,38,4116,8230
22443,17,29,17948,35894
22444,23,32,19387,38772
22445,23,35,6307,12612
22446,23,41,12438,24874
22447,17,41,9531,19060
22448,23,35,21554,43106
22449,17,38,1548,3094
22450,23,38,4261,8520
22451,11,35,17413,34824
22452,29,38,4074,8146
22453,17,41,13140,26278
22454,17,35,12241,24480
22455,29,35,13184,26366
22456,23,35,19293,38584
22457,23,41,15629,31256
22458,23,44,3540,7078
22459,23,38,7674,15346
22460,17,41,22212,44422
22461,23,41,14634,29266
22462,23,35,9600,19198
22463,5,38,21452,42902
22464,23,35,16064,32126
22465,17,38,14691,29380
22466,17,44,501,1000
22467,17,26,13121,26240
22468,23,38,18992,37982
22469,17,41,8106,16210
22470,29,38,12449,24896
22471,11,32,17457,34912
22472,17,35,15136,30270
22473,17,38,1176,2350
22474,17,35,12745,25488
22475,23,44,19407,38812
22476,11,35,7511,15020
22477,5,32,20162,40322
22478,23,35,13076,26150
22479,29,38,14711,29420
22480,17,38,17905,35808
22481,17,41,2564,5126
22482,11,41,15416,30830
22483,11,41,1461,2920
22484,17,38,1912,3822
22485,11,20,19849,39696
22486,17,35,4065,8128
22487,29,38,15708,31414
22488,29,41,16252,32502
22489,17,41,2444,4886
22490,29,41,11632,23262
22491,11,41,15448,30894
22492,23,20,9313,18624
22493,23,41,7335,14668
22494,11,38,9608,19214
22495,17,35,3927,7852
22496,23,41,11993,23984
22497,17,41,17542,35082
22498,23,38,2370,4738
22499,17,41,1061,2120
22500,23,38,4770,9538
22501,29,38,2046,4090
22502,17,35,4508,9014
22503,17,38,10413,20824
22504,17,44,6344,12686
22505,23,41,12792,25582
22506,29,35,21248,42494
22507,29,35,13368,26734
22508,17,41,13879,27756
22509,35,35,17645,35288
22510,29,38,13836,27670
22511,11,29,9341,18680
22512,17,38,15392,30782
22513,29,38,7845,15688
22514,23,44,6287,12572
22515,29,41,1189,2376
22516,23,38,6367,12732
22517,35,35,20741,41480
22518,17,41,10064,20126
22519,35,32,11250,22498
22520,29,35,6009,12016
22521,23,41,8213,16424
22522,17,29,22499,44996
22523,11,44,1500,2998
22524,41,38,22094,44186
22525,17,38,5424,10846
22526,11,41,3556,7110
22527,23,41,19936,39870
22528,47,41,18055,36108
22529,17,41,1775,3548
22530,17,35,4406,8810
22531,17,35,19257,38512
22532,17,26,5765,11528
22533,11,32,1331,2660
22534,17,41,20129,40256
22535,17,41,6549,13096
22536,17,44,18051,36100
22537,17,38,8085,16168
22538,17,38,17012,34022
22539,29,35,18351,36700
22540,41,44,4024,8046
22541,23,41,18222,36442
22542,17,35,16241,32480
22543,11,35,8162,16322
22544,17,38,14396,28790
22545,17,32,19078,38154
22546,41,44,17699,35396
22547,11,44,16877,33752
22548,11,38,15161,30320
22549,11,23,3082,6162
22550,29,41,14310,28618
22551,17,23,8898,17794
22552,29,38,3338,6674
22553,29,44,21129,42256
22554,11,41,9672,19342
22555,17,38,18978,37954
22556,29,32,21996,43990
22557,29,44,558,1114
22558,23,35,2097,4192
22559,23,35,16846,33690
22560,11,41,16100,32198
22561,47,44,15015,30028
22562,29,38,2933,5864
22563,23,41,9795,19588
22564,11,38,10232,20462
22565,23,29,17519,35036
22566,17,35,10120,20238
22567,17,32,17620,35238
22568,11,29,8923,17844
22569,29,35,19632,39262
22570,11,41,8932,17862
22571,23,41,8330,16658
22572,23,41,6740,13478
22573,17,44,22526,45050
22574,23,35,17950,35898
22575,17,44,2002,4002
22576,41,41,21389,42776
22577,23,38,20749,41496
22578,35,32,21818,43634
22579,23,35,6232,12462
22580,29,41,21217,42432
22581,23,44,7714,15426
22582,23,38,15081,30160
22583,23,41,12307,24612
22584,35,41,16242,32482
22585,11,32,14809,29616
22586,11,38,1667,3332
22587,23,44,11191,22380
22588,29,38,6758,13514
22589,23,35,1648,3294
22590,17,32,1467,2932
22591,17,35,1925,3848
22592,11,35,633,1264
22593,23,38,19121,38240
22594,17,41,6953,13904
22595,23,41,6464,12926
22596,23,41,8322,16642
22597,23,41,8392,16782
22598,29,44,21734,43466
22599,41,44,14555,29108
22600,29,38,10678,21354
22601,17,44,20826,41650
22602,41,38,13554,27106
22603,17,32,13739,27476
22604,17,41,17492,34982
22605,17,41,4,6
22606,17,38,3787,7572
22607,17,20,18546,37090
22608,23,41,17680,35358
22609,11,23,20222,40442
22610,17,32,3564,7126
22611,11,35,10780,21558
22612,17,38,8204,16406
22613,11,38,1740,3478
22614,23,41,3175,6348
22615,17,38,19304,38606
22616,11,35,17574,35146
22617,29,35,17762,35522
22618,11,35,21873,43744
22619,23,38,15206,30410
22620,23,38,10037,20072
22621,35,41,8641,17280
22622,11,38,10661,21320
22623,17,29,6030,12058
22624,23,35,9361,18720
22625,11,32,21112,42222
22626,23,29,6163,12324
22627,17,38,10548,21094
22628,17,35,735,1468
22629,35,41,2238,4474
22630,17,41,5782,11562
22631,17,41,21050,42098
22632,29,44,7077,14152
22633,29,38,5313,10624
22634,17,44,5342,10682
22635,23,41,8055,16108
22636,23,35,5520,11038
22637,35,38,19737,39472
22638,17,23,3800,7598
22639,23,35,1992,3982
22640,23,29,5240,10478
22641,23,41,20281,40560
22642,29,35,2536,5070
22643,23,38,9903,19804
22644,17,35,10419,20836
22645,23,41,14928,29854
22646,53,44,5348,10694
22647,11,41,21667,43332
22648,17,41,13874,27746
22649,23,38,8756,17510
22650,29,38,12455,24908
22651,17,35,15290,30578
22652,23,35,18630,37258
22653,17,35,4273,8544
22654,17,26,4291,8580
22655,17,35,3158,6314
22656,17,41,4615,9228
22657,23,38,19815,39628
22658,17,38,18865,37728
22659,17,38,21233,42464
22660,35,41,18808,37614
22661,17,35,13202,26402
22662,23,38,21044,42086
22663,41,38,4676,9350
22664,29,44,2663,5324
22665,17,32,9772,19542
22666,23,44,19146,38290
22667,23,29,16536,33070
22668,11,38,12679,25356
22669,17,38,905,1808
22670,17,38,11658,23314
22671,35,23,8944,17886
22672,23,44,15118,30234
22673,35,38,2294,4586
22674,5,41,14593,29184
22675,17,35,4267,8532
22676,29,41,3936,7870
22677,11,35,15495,30988
22678,29,38,11236,22470
22679,17,38,15815,31628
22680,11,41,13401,26800
22681,17,35,12583,25164
22682,17,35,15688,31374
22683,41,35,13008,26014
22684,29,35,822,1642
22685,29,38,2100,4198
22686,29,44,2225,4448
22687,29,32,9736,19470
22688,17,38,17434,34866
22689,35,44,20082,40162
22690,11,38,19384,38766
22691,23,44,18067,36132
22692,17,35,11983,23964
22693,23,23,18703,37404
22694,23,38,15853,31704
22695,11,32,6771,13540
22696,23,41,19117,38232
22697,17,35,16485,32968
22698,35,41,14185,28368
22699,17,29,4630,9258
22700,35,41,16795,33588
22701,29,38,12833,25664
22702,17,35,3097,6192
22703,29,41,12481,24960
22704,11,26,13789,27576
22705,29,35,17466,34930
22706,23,44,15065,30128
22707,23,38,15485,30968
22708,29,41,20560,41118
22709,17,29,4102,8202
22710,17,38,18160,36318
22711,11,38,19880,39758
22712,11,38,18537,37072
22713,11,41,12408,24814
22714,23,41,6934,13866
22715,17,29,15417,30832
22716,17,35,17595,35188
22717,5,38,21711,43420
22718,17,41,3570,7138
22719,23,38,4046,8090
22720,29,35,1525,3048
22721,17,41,14255,28508
22722,23,44,5912,11822
22723,35,38,12163,24324
22724,23,41,6530,13058
22725,11,35,20898,41794
22726,23,44,2434,4866
22727,17,29,6415,12828
22728,29,44,5498,10994
22729,17,38,9573,19144
22730,17,35,10115,20228
22731,11,38,7670,15338
22732,11,38,21326,42650
22733,29,44,1109,2216
22734,17,38,4975,9948
22735,23,35,18889,37776
22736,23,44,7096,14190
22737,23,41,10770,21538
22738,29,38,17988,35974
22739,23,29,17210,34418
22740,17,35,16126,32250
22741,17,38,8246,16490
22742,29,38,14814,29626
22743,17,41,22598,45194
22744,17,35,9867,19732
22745,35,38,19393,38784
22746,23,38,3794,7586
22747,17,35,19864,39726
22748,11,35,5225,10448
22749,17,44,2372,4742
22750,17,32,1166,2330
22751,11,38,2390,4778
22752,23,35,13337,26672
22753,17,41,4483,8964
22754,23,32,12254